inquiry,knowledge,idea,messages,message,gpt_label,bert_label
我們吃的蔬菜分幾種？,1. 蔬菜的分類,"[{'蔬菜的分類':'大家知道蔬菜有哪些種類嗎？'}, {'💡我的想法':'蔬菜可以分為根菜、葉菜、果菜等等'}, {'🧐我覺得更好的想法':'我覺得蔬菜還可以分為瓜果類、豆類等等'}, {'❓我想知道':'為什麼蔬菜要分這麼多種類呢？'}, {'🙅🏻這個想法不能解釋':'我覺得蔬菜分類是為了方便辨識和管理'}, {'📄舉例和參考來源':'例如，根菜有紅蘿蔔、蘿蔔等，葉菜有菠菜、小白菜等'}, {'💡我的想法':'蔬菜的分類可以讓我們更了解不同蔬菜的特性和用途'}, {'❓我想知道':'蔬菜的分類是根據什麼準則來劃分的呢？'}, {'🙅🏻這個想法不能解釋':'我不太清楚蔬菜的分類準則是什麼'}, {'📄舉例和參考來源':'根據營養價值、外觀特徵等來劃分蔬菜的分類'}, {'💡我的想法':'蔬菜的分類可以讓我們更有系統地學習和認識蔬菜'}, {'🧐我覺得更好的想法':'我覺得蔬菜的分類可以幫助我們更好地選擇和搭配食材'}, {'❓我想知道':'蔬菜的分類對我們的健康有什麼影響呢？'}, {'🙅🏻這個想法不能解釋':'我不確定蔬菜的分類對健康有什麼具體影響'}, {'📄舉例和參考來源':'不同類型的蔬菜含有不同的營養成分，可以提供身體所需的營養'}, {'💡我的想法':'蔬菜的分類可以幫助我們更好地了解蔬菜的種類和特點'}, {'❓我想知道':'蔬菜的分類有沒有什麼特殊的分類方法呢？'}, {'🙅🏻這個想法不能解釋':'我不太清楚蔬菜的特殊分類方法'}, {'📄舉例和參考來源':'有些蔬菜的分類是根據其植物學特徵來劃分的'}, {'💡我的想法':'蔬菜的分類可以幫助我們更好地了解蔬菜的生長環境和栽培方式'}, {'🧐我覺得更好的想法':'我覺得蔬菜的分類可以幫助我們更好地了解蔬菜的風味和用途'}, {'❓我想知道':'蔬菜的分類對我們的飲食有什麼影響呢？'}, {'🙅🏻這個想法不能解釋':'我不確定蔬菜的分類對飲食有什麼具體影響'}, {'📄舉例和參考來源':'不同類型的蔬菜可以提供不同的風味和口感，讓飲食更豐富多樣'}, {'✍🏻我的總結':'蔬菜的分類可以幫助我們更好地了解蔬菜的種類、特點、營養價值和用途，對我們的健康和飲食都有影響'}]",{'蔬菜可以分為根菜、葉菜、果菜等不同類型': 1},蔬菜可以分為根菜、葉菜、果菜等不同類型,1,1
我們吃的蔬菜分幾種？,1. 蔬菜的分類,"[{'蔬菜的分類':'大家知道蔬菜有哪些種類嗎？'}, {'💡我的想法':'蔬菜可以分為根菜、葉菜、果菜等等'}, {'🧐我覺得更好的想法':'我覺得蔬菜還可以分為瓜果類、豆類等等'}, {'❓我想知道':'為什麼蔬菜要分這麼多種類呢？'}, {'🙅🏻這個想法不能解釋':'我覺得蔬菜分類是為了方便辨識和管理'}, {'📄舉例和參考來源':'例如，根菜有紅蘿蔔、蘿蔔等，葉菜有菠菜、小白菜等'}, {'💡我的想法':'蔬菜的分類可以讓我們更了解不同蔬菜的特性和用途'}, {'❓我想知道':'蔬菜的分類是根據什麼準則來劃分的呢？'}, {'🙅🏻這個想法不能解釋':'我不太清楚蔬菜的分類準則是什麼'}, {'📄舉例和參考來源':'根據營養價值、外觀特徵等來劃分蔬菜的分類'}, {'💡我的想法':'蔬菜的分類可以讓我們更有系統地學習和認識蔬菜'}, {'🧐我覺得更好的想法':'我覺得蔬菜的分類可以幫助我們更好地選擇和搭配食材'}, {'❓我想知道':'蔬菜的分類對我們的健康有什麼影響呢？'}, {'🙅🏻這個想法不能解釋':'我不確定蔬菜的分類對健康有什麼具體影響'}, {'📄舉例和參考來源':'不同類型的蔬菜含有不同的營養成分，可以提供身體所需的營養'}, {'💡我的想法':'蔬菜的分類可以幫助我們更好地了解蔬菜的種類和特點'}, {'❓我想知道':'蔬菜的分類有沒有什麼特殊的分類方法呢？'}, {'🙅🏻這個想法不能解釋':'我不太清楚蔬菜的特殊分類方法'}, {'📄舉例和參考來源':'有些蔬菜的分類是根據其植物學特徵來劃分的'}, {'💡我的想法':'蔬菜的分類可以幫助我們更好地了解蔬菜的生長環境和栽培方式'}, {'🧐我覺得更好的想法':'我覺得蔬菜的分類可以幫助我們更好地了解蔬菜的風味和用途'}, {'❓我想知道':'蔬菜的分類對我們的飲食有什麼影響呢？'}, {'🙅🏻這個想法不能解釋':'我不確定蔬菜的分類對飲食有什麼具體影響'}, {'📄舉例和參考來源':'不同類型的蔬菜可以提供不同的風味和口感，讓飲食更豐富多樣'}, {'✍🏻我的總結':'蔬菜的分類可以幫助我們更好地了解蔬菜的種類、特點、營養價值和用途，對我們的健康和飲食都有影響'}]",{'我最喜歡吃的蔬菜是番茄，它是屬於果菜的一種': 1},我最喜歡吃的蔬菜是番茄，它是屬於果菜的一種,1,1
我們吃的蔬菜分幾種？,1. 蔬菜的分類,"[{'蔬菜的分類':'大家知道蔬菜有哪些種類嗎？'}, {'💡我的想法':'蔬菜可以分為根菜、葉菜、果菜等等'}, {'🧐我覺得更好的想法':'我覺得蔬菜還可以分為瓜果類、豆類等等'}, {'❓我想知道':'為什麼蔬菜要分這麼多種類呢？'}, {'🙅🏻這個想法不能解釋':'我覺得蔬菜分類是為了方便辨識和管理'}, {'📄舉例和參考來源':'例如，根菜有紅蘿蔔、蘿蔔等，葉菜有菠菜、小白菜等'}, {'💡我的想法':'蔬菜的分類可以讓我們更了解不同蔬菜的特性和用途'}, {'❓我想知道':'蔬菜的分類是根據什麼準則來劃分的呢？'}, {'🙅🏻這個想法不能解釋':'我不太清楚蔬菜的分類準則是什麼'}, {'📄舉例和參考來源':'根據營養價值、外觀特徵等來劃分蔬菜的分類'}, {'💡我的想法':'蔬菜的分類可以讓我們更有系統地學習和認識蔬菜'}, {'🧐我覺得更好的想法':'我覺得蔬菜的分類可以幫助我們更好地選擇和搭配食材'}, {'❓我想知道':'蔬菜的分類對我們的健康有什麼影響呢？'}, {'🙅🏻這個想法不能解釋':'我不確定蔬菜的分類對健康有什麼具體影響'}, {'📄舉例和參考來源':'不同類型的蔬菜含有不同的營養成分，可以提供身體所需的營養'}, {'💡我的想法':'蔬菜的分類可以幫助我們更好地了解蔬菜的種類和特點'}, {'❓我想知道':'蔬菜的分類有沒有什麼特殊的分類方法呢？'}, {'🙅🏻這個想法不能解釋':'我不太清楚蔬菜的特殊分類方法'}, {'📄舉例和參考來源':'有些蔬菜的分類是根據其植物學特徵來劃分的'}, {'💡我的想法':'蔬菜的分類可以幫助我們更好地了解蔬菜的生長環境和栽培方式'}, {'🧐我覺得更好的想法':'我覺得蔬菜的分類可以幫助我們更好地了解蔬菜的風味和用途'}, {'❓我想知道':'蔬菜的分類對我們的飲食有什麼影響呢？'}, {'🙅🏻這個想法不能解釋':'我不確定蔬菜的分類對飲食有什麼具體影響'}, {'📄舉例和參考來源':'不同類型的蔬菜可以提供不同的風味和口感，讓飲食更豐富多樣'}, {'✍🏻我的總結':'蔬菜的分類可以幫助我們更好地了解蔬菜的種類、特點、營養價值和用途，對我們的健康和飲食都有影響'}]",{'蔬菜的分類是根據它們的部位或特徵來劃分的': 1},蔬菜的分類是根據它們的部位或特徵來劃分的,1,1
我們吃的蔬菜分幾種？,1. 蔬菜的分類,"[{'蔬菜的分類':'大家知道蔬菜有哪些種類嗎？'}, {'💡我的想法':'蔬菜可以分為根菜、葉菜、果菜等等'}, {'🧐我覺得更好的想法':'我覺得蔬菜還可以分為瓜果類、豆類等等'}, {'❓我想知道':'為什麼蔬菜要分這麼多種類呢？'}, {'🙅🏻這個想法不能解釋':'我覺得蔬菜分類是為了方便辨識和管理'}, {'📄舉例和參考來源':'例如，根菜有紅蘿蔔、蘿蔔等，葉菜有菠菜、小白菜等'}, {'💡我的想法':'蔬菜的分類可以讓我們更了解不同蔬菜的特性和用途'}, {'❓我想知道':'蔬菜的分類是根據什麼準則來劃分的呢？'}, {'🙅🏻這個想法不能解釋':'我不太清楚蔬菜的分類準則是什麼'}, {'📄舉例和參考來源':'根據營養價值、外觀特徵等來劃分蔬菜的分類'}, {'💡我的想法':'蔬菜的分類可以讓我們更有系統地學習和認識蔬菜'}, {'🧐我覺得更好的想法':'我覺得蔬菜的分類可以幫助我們更好地選擇和搭配食材'}, {'❓我想知道':'蔬菜的分類對我們的健康有什麼影響呢？'}, {'🙅🏻這個想法不能解釋':'我不確定蔬菜的分類對健康有什麼具體影響'}, {'📄舉例和參考來源':'不同類型的蔬菜含有不同的營養成分，可以提供身體所需的營養'}, {'💡我的想法':'蔬菜的分類可以幫助我們更好地了解蔬菜的種類和特點'}, {'❓我想知道':'蔬菜的分類有沒有什麼特殊的分類方法呢？'}, {'🙅🏻這個想法不能解釋':'我不太清楚蔬菜的特殊分類方法'}, {'📄舉例和參考來源':'有些蔬菜的分類是根據其植物學特徵來劃分的'}, {'💡我的想法':'蔬菜的分類可以幫助我們更好地了解蔬菜的生長環境和栽培方式'}, {'🧐我覺得更好的想法':'我覺得蔬菜的分類可以幫助我們更好地了解蔬菜的風味和用途'}, {'❓我想知道':'蔬菜的分類對我們的飲食有什麼影響呢？'}, {'🙅🏻這個想法不能解釋':'我不確定蔬菜的分類對飲食有什麼具體影響'}, {'📄舉例和參考來源':'不同類型的蔬菜可以提供不同的風味和口感，讓飲食更豐富多樣'}, {'✍🏻我的總結':'蔬菜的分類可以幫助我們更好地了解蔬菜的種類、特點、營養價值和用途，對我們的健康和飲食都有影響'}]",{'我家種了一些蔬菜，有紅蘿蔔、白菜和青椒': 1},我家種了一些蔬菜，有紅蘿蔔、白菜和青椒,1,1
我們吃的蔬菜分幾種？,1. 蔬菜的分類,"[{'蔬菜的分類':'大家知道蔬菜有哪些種類嗎？'}, {'💡我的想法':'蔬菜可以分為根菜、葉菜、果菜等等'}, {'🧐我覺得更好的想法':'我覺得蔬菜還可以分為瓜果類、豆類等等'}, {'❓我想知道':'為什麼蔬菜要分這麼多種類呢？'}, {'🙅🏻這個想法不能解釋':'我覺得蔬菜分類是為了方便辨識和管理'}, {'📄舉例和參考來源':'例如，根菜有紅蘿蔔、蘿蔔等，葉菜有菠菜、小白菜等'}, {'💡我的想法':'蔬菜的分類可以讓我們更了解不同蔬菜的特性和用途'}, {'❓我想知道':'蔬菜的分類是根據什麼準則來劃分的呢？'}, {'🙅🏻這個想法不能解釋':'我不太清楚蔬菜的分類準則是什麼'}, {'📄舉例和參考來源':'根據營養價值、外觀特徵等來劃分蔬菜的分類'}, {'💡我的想法':'蔬菜的分類可以讓我們更有系統地學習和認識蔬菜'}, {'🧐我覺得更好的想法':'我覺得蔬菜的分類可以幫助我們更好地選擇和搭配食材'}, {'❓我想知道':'蔬菜的分類對我們的健康有什麼影響呢？'}, {'🙅🏻這個想法不能解釋':'我不確定蔬菜的分類對健康有什麼具體影響'}, {'📄舉例和參考來源':'不同類型的蔬菜含有不同的營養成分，可以提供身體所需的營養'}, {'💡我的想法':'蔬菜的分類可以幫助我們更好地了解蔬菜的種類和特點'}, {'❓我想知道':'蔬菜的分類有沒有什麼特殊的分類方法呢？'}, {'🙅🏻這個想法不能解釋':'我不太清楚蔬菜的特殊分類方法'}, {'📄舉例和參考來源':'有些蔬菜的分類是根據其植物學特徵來劃分的'}, {'💡我的想法':'蔬菜的分類可以幫助我們更好地了解蔬菜的生長環境和栽培方式'}, {'🧐我覺得更好的想法':'我覺得蔬菜的分類可以幫助我們更好地了解蔬菜的風味和用途'}, {'❓我想知道':'蔬菜的分類對我們的飲食有什麼影響呢？'}, {'🙅🏻這個想法不能解釋':'我不確定蔬菜的分類對飲食有什麼具體影響'}, {'📄舉例和參考來源':'不同類型的蔬菜可以提供不同的風味和口感，讓飲食更豐富多樣'}, {'✍🏻我的總結':'蔬菜的分類可以幫助我們更好地了解蔬菜的種類、特點、營養價值和用途，對我們的健康和飲食都有影響'}]",{'蔬菜對我們的健康非常重要，它們含有豐富的維生素和纖維': 1},蔬菜對我們的健康非常重要，它們含有豐富的維生素和纖維,1,1
我們吃的蔬菜分幾種？,1. 蔬菜的分類,"[{'蔬菜的分類':'大家知道蔬菜有哪些種類嗎？'}, {'💡我的想法':'蔬菜可以分為根菜、葉菜、果菜等等'}, {'🧐我覺得更好的想法':'我覺得蔬菜還可以分為瓜果類、豆類等等'}, {'❓我想知道':'為什麼蔬菜要分這麼多種類呢？'}, {'🙅🏻這個想法不能解釋':'我覺得蔬菜分類是為了方便辨識和管理'}, {'📄舉例和參考來源':'例如，根菜有紅蘿蔔、蘿蔔等，葉菜有菠菜、小白菜等'}, {'💡我的想法':'蔬菜的分類可以讓我們更了解不同蔬菜的特性和用途'}, {'❓我想知道':'蔬菜的分類是根據什麼準則來劃分的呢？'}, {'🙅🏻這個想法不能解釋':'我不太清楚蔬菜的分類準則是什麼'}, {'📄舉例和參考來源':'根據營養價值、外觀特徵等來劃分蔬菜的分類'}, {'💡我的想法':'蔬菜的分類可以讓我們更有系統地學習和認識蔬菜'}, {'🧐我覺得更好的想法':'我覺得蔬菜的分類可以幫助我們更好地選擇和搭配食材'}, {'❓我想知道':'蔬菜的分類對我們的健康有什麼影響呢？'}, {'🙅🏻這個想法不能解釋':'我不確定蔬菜的分類對健康有什麼具體影響'}, {'📄舉例和參考來源':'不同類型的蔬菜含有不同的營養成分，可以提供身體所需的營養'}, {'💡我的想法':'蔬菜的分類可以幫助我們更好地了解蔬菜的種類和特點'}, {'❓我想知道':'蔬菜的分類有沒有什麼特殊的分類方法呢？'}, {'🙅🏻這個想法不能解釋':'我不太清楚蔬菜的特殊分類方法'}, {'📄舉例和參考來源':'有些蔬菜的分類是根據其植物學特徵來劃分的'}, {'💡我的想法':'蔬菜的分類可以幫助我們更好地了解蔬菜的生長環境和栽培方式'}, {'🧐我覺得更好的想法':'我覺得蔬菜的分類可以幫助我們更好地了解蔬菜的風味和用途'}, {'❓我想知道':'蔬菜的分類對我們的飲食有什麼影響呢？'}, {'🙅🏻這個想法不能解釋':'我不確定蔬菜的分類對飲食有什麼具體影響'}, {'📄舉例和參考來源':'不同類型的蔬菜可以提供不同的風味和口感，讓飲食更豐富多樣'}, {'✍🏻我的總結':'蔬菜的分類可以幫助我們更好地了解蔬菜的種類、特點、營養價值和用途，對我們的健康和飲食都有影響'}]",{'我最喜歡吃的蔬菜是馬鈴薯，它是屬於根菜的一種': 1},我最喜歡吃的蔬菜是馬鈴薯，它是屬於根菜的一種,1,1
我們吃的蔬菜分幾種？,1. 蔬菜的分類,"[{'蔬菜的分類':'大家知道蔬菜有哪些種類嗎？'}, {'💡我的想法':'蔬菜可以分為根菜、葉菜、果菜等等'}, {'🧐我覺得更好的想法':'我覺得蔬菜還可以分為瓜果類、豆類等等'}, {'❓我想知道':'為什麼蔬菜要分這麼多種類呢？'}, {'🙅🏻這個想法不能解釋':'我覺得蔬菜分類是為了方便辨識和管理'}, {'📄舉例和參考來源':'例如，根菜有紅蘿蔔、蘿蔔等，葉菜有菠菜、小白菜等'}, {'💡我的想法':'蔬菜的分類可以讓我們更了解不同蔬菜的特性和用途'}, {'❓我想知道':'蔬菜的分類是根據什麼準則來劃分的呢？'}, {'🙅🏻這個想法不能解釋':'我不太清楚蔬菜的分類準則是什麼'}, {'📄舉例和參考來源':'根據營養價值、外觀特徵等來劃分蔬菜的分類'}, {'💡我的想法':'蔬菜的分類可以讓我們更有系統地學習和認識蔬菜'}, {'🧐我覺得更好的想法':'我覺得蔬菜的分類可以幫助我們更好地選擇和搭配食材'}, {'❓我想知道':'蔬菜的分類對我們的健康有什麼影響呢？'}, {'🙅🏻這個想法不能解釋':'我不確定蔬菜的分類對健康有什麼具體影響'}, {'📄舉例和參考來源':'不同類型的蔬菜含有不同的營養成分，可以提供身體所需的營養'}, {'💡我的想法':'蔬菜的分類可以幫助我們更好地了解蔬菜的種類和特點'}, {'❓我想知道':'蔬菜的分類有沒有什麼特殊的分類方法呢？'}, {'🙅🏻這個想法不能解釋':'我不太清楚蔬菜的特殊分類方法'}, {'📄舉例和參考來源':'有些蔬菜的分類是根據其植物學特徵來劃分的'}, {'💡我的想法':'蔬菜的分類可以幫助我們更好地了解蔬菜的生長環境和栽培方式'}, {'🧐我覺得更好的想法':'我覺得蔬菜的分類可以幫助我們更好地了解蔬菜的風味和用途'}, {'❓我想知道':'蔬菜的分類對我們的飲食有什麼影響呢？'}, {'🙅🏻這個想法不能解釋':'我不確定蔬菜的分類對飲食有什麼具體影響'}, {'📄舉例和參考來源':'不同類型的蔬菜可以提供不同的風味和口感，讓飲食更豐富多樣'}, {'✍🏻我的總結':'蔬菜的分類可以幫助我們更好地了解蔬菜的種類、特點、營養價值和用途，對我們的健康和飲食都有影響'}]",{'蔬菜的分類可以幫助我們更好地了解它們的特性和用途': 1},蔬菜的分類可以幫助我們更好地了解它們的特性和用途,1,1
我們吃的蔬菜分幾種？,1. 蔬菜的分類,"[{'蔬菜的分類':'大家知道蔬菜有哪些種類嗎？'}, {'💡我的想法':'蔬菜可以分為根菜、葉菜、果菜等等'}, {'🧐我覺得更好的想法':'我覺得蔬菜還可以分為瓜果類、豆類等等'}, {'❓我想知道':'為什麼蔬菜要分這麼多種類呢？'}, {'🙅🏻這個想法不能解釋':'我覺得蔬菜分類是為了方便辨識和管理'}, {'📄舉例和參考來源':'例如，根菜有紅蘿蔔、蘿蔔等，葉菜有菠菜、小白菜等'}, {'💡我的想法':'蔬菜的分類可以讓我們更了解不同蔬菜的特性和用途'}, {'❓我想知道':'蔬菜的分類是根據什麼準則來劃分的呢？'}, {'🙅🏻這個想法不能解釋':'我不太清楚蔬菜的分類準則是什麼'}, {'📄舉例和參考來源':'根據營養價值、外觀特徵等來劃分蔬菜的分類'}, {'💡我的想法':'蔬菜的分類可以讓我們更有系統地學習和認識蔬菜'}, {'🧐我覺得更好的想法':'我覺得蔬菜的分類可以幫助我們更好地選擇和搭配食材'}, {'❓我想知道':'蔬菜的分類對我們的健康有什麼影響呢？'}, {'🙅🏻這個想法不能解釋':'我不確定蔬菜的分類對健康有什麼具體影響'}, {'📄舉例和參考來源':'不同類型的蔬菜含有不同的營養成分，可以提供身體所需的營養'}, {'💡我的想法':'蔬菜的分類可以幫助我們更好地了解蔬菜的種類和特點'}, {'❓我想知道':'蔬菜的分類有沒有什麼特殊的分類方法呢？'}, {'🙅🏻這個想法不能解釋':'我不太清楚蔬菜的特殊分類方法'}, {'📄舉例和參考來源':'有些蔬菜的分類是根據其植物學特徵來劃分的'}, {'💡我的想法':'蔬菜的分類可以幫助我們更好地了解蔬菜的生長環境和栽培方式'}, {'🧐我覺得更好的想法':'我覺得蔬菜的分類可以幫助我們更好地了解蔬菜的風味和用途'}, {'❓我想知道':'蔬菜的分類對我們的飲食有什麼影響呢？'}, {'🙅🏻這個想法不能解釋':'我不確定蔬菜的分類對飲食有什麼具體影響'}, {'📄舉例和參考來源':'不同類型的蔬菜可以提供不同的風味和口感，讓飲食更豐富多樣'}, {'✍🏻我的總結':'蔬菜的分類可以幫助我們更好地了解蔬菜的種類、特點、營養價值和用途，對我們的健康和飲食都有影響'}]",{'我家附近有一個農田，種了很多不同種類的蔬菜': 1},我家附近有一個農田，種了很多不同種類的蔬菜,1,1
我們吃的蔬菜分幾種？,1. 蔬菜的分類,"[{'蔬菜的分類':'大家知道蔬菜有哪些種類嗎？'}, {'💡我的想法':'蔬菜可以分為根菜、葉菜、果菜等等'}, {'🧐我覺得更好的想法':'我覺得蔬菜還可以分為瓜果類、豆類等等'}, {'❓我想知道':'為什麼蔬菜要分這麼多種類呢？'}, {'🙅🏻這個想法不能解釋':'我覺得蔬菜分類是為了方便辨識和管理'}, {'📄舉例和參考來源':'例如，根菜有紅蘿蔔、蘿蔔等，葉菜有菠菜、小白菜等'}, {'💡我的想法':'蔬菜的分類可以讓我們更了解不同蔬菜的特性和用途'}, {'❓我想知道':'蔬菜的分類是根據什麼準則來劃分的呢？'}, {'🙅🏻這個想法不能解釋':'我不太清楚蔬菜的分類準則是什麼'}, {'📄舉例和參考來源':'根據營養價值、外觀特徵等來劃分蔬菜的分類'}, {'💡我的想法':'蔬菜的分類可以讓我們更有系統地學習和認識蔬菜'}, {'🧐我覺得更好的想法':'我覺得蔬菜的分類可以幫助我們更好地選擇和搭配食材'}, {'❓我想知道':'蔬菜的分類對我們的健康有什麼影響呢？'}, {'🙅🏻這個想法不能解釋':'我不確定蔬菜的分類對健康有什麼具體影響'}, {'📄舉例和參考來源':'不同類型的蔬菜含有不同的營養成分，可以提供身體所需的營養'}, {'💡我的想法':'蔬菜的分類可以幫助我們更好地了解蔬菜的種類和特點'}, {'❓我想知道':'蔬菜的分類有沒有什麼特殊的分類方法呢？'}, {'🙅🏻這個想法不能解釋':'我不太清楚蔬菜的特殊分類方法'}, {'📄舉例和參考來源':'有些蔬菜的分類是根據其植物學特徵來劃分的'}, {'💡我的想法':'蔬菜的分類可以幫助我們更好地了解蔬菜的生長環境和栽培方式'}, {'🧐我覺得更好的想法':'我覺得蔬菜的分類可以幫助我們更好地了解蔬菜的風味和用途'}, {'❓我想知道':'蔬菜的分類對我們的飲食有什麼影響呢？'}, {'🙅🏻這個想法不能解釋':'我不確定蔬菜的分類對飲食有什麼具體影響'}, {'📄舉例和參考來源':'不同類型的蔬菜可以提供不同的風味和口感，讓飲食更豐富多樣'}, {'✍🏻我的總結':'蔬菜的分類可以幫助我們更好地了解蔬菜的種類、特點、營養價值和用途，對我們的健康和飲食都有影響'}]",{'蔬菜的分類可以根據它們的形狀、顏色和味道來區分': 1},蔬菜的分類可以根據它們的形狀、顏色和味道來區分,1,1
我們吃的蔬菜分幾種？,1. 蔬菜的分類,"[{'蔬菜的分類':'大家知道蔬菜有哪些種類嗎？'}, {'💡我的想法':'蔬菜可以分為根菜、葉菜、果菜等等'}, {'🧐我覺得更好的想法':'我覺得蔬菜還可以分為瓜果類、豆類等等'}, {'❓我想知道':'為什麼蔬菜要分這麼多種類呢？'}, {'🙅🏻這個想法不能解釋':'我覺得蔬菜分類是為了方便辨識和管理'}, {'📄舉例和參考來源':'例如，根菜有紅蘿蔔、蘿蔔等，葉菜有菠菜、小白菜等'}, {'💡我的想法':'蔬菜的分類可以讓我們更了解不同蔬菜的特性和用途'}, {'❓我想知道':'蔬菜的分類是根據什麼準則來劃分的呢？'}, {'🙅🏻這個想法不能解釋':'我不太清楚蔬菜的分類準則是什麼'}, {'📄舉例和參考來源':'根據營養價值、外觀特徵等來劃分蔬菜的分類'}, {'💡我的想法':'蔬菜的分類可以讓我們更有系統地學習和認識蔬菜'}, {'🧐我覺得更好的想法':'我覺得蔬菜的分類可以幫助我們更好地選擇和搭配食材'}, {'❓我想知道':'蔬菜的分類對我們的健康有什麼影響呢？'}, {'🙅🏻這個想法不能解釋':'我不確定蔬菜的分類對健康有什麼具體影響'}, {'📄舉例和參考來源':'不同類型的蔬菜含有不同的營養成分，可以提供身體所需的營養'}, {'💡我的想法':'蔬菜的分類可以幫助我們更好地了解蔬菜的種類和特點'}, {'❓我想知道':'蔬菜的分類有沒有什麼特殊的分類方法呢？'}, {'🙅🏻這個想法不能解釋':'我不太清楚蔬菜的特殊分類方法'}, {'📄舉例和參考來源':'有些蔬菜的分類是根據其植物學特徵來劃分的'}, {'💡我的想法':'蔬菜的分類可以幫助我們更好地了解蔬菜的生長環境和栽培方式'}, {'🧐我覺得更好的想法':'我覺得蔬菜的分類可以幫助我們更好地了解蔬菜的風味和用途'}, {'❓我想知道':'蔬菜的分類對我們的飲食有什麼影響呢？'}, {'🙅🏻這個想法不能解釋':'我不確定蔬菜的分類對飲食有什麼具體影響'}, {'📄舉例和參考來源':'不同類型的蔬菜可以提供不同的風味和口感，讓飲食更豐富多樣'}, {'✍🏻我的總結':'蔬菜的分類可以幫助我們更好地了解蔬菜的種類、特點、營養價值和用途，對我們的健康和飲食都有影響'}]",{'我最喜歡吃的蔬菜是菠菜，它是屬於葉菜的一種': 1},我最喜歡吃的蔬菜是菠菜，它是屬於葉菜的一種,1,1
我們吃的蔬菜分幾種？,1. 蔬菜的分類,"[{'蔬菜的分類':'大家知道蔬菜有哪些種類嗎？'}, {'💡我的想法':'蔬菜可以分為根菜、葉菜、果菜等等'}, {'🧐我覺得更好的想法':'我覺得蔬菜還可以分為瓜果類、豆類等等'}, {'❓我想知道':'為什麼蔬菜要分這麼多種類呢？'}, {'🙅🏻這個想法不能解釋':'我覺得蔬菜分類是為了方便辨識和管理'}, {'📄舉例和參考來源':'例如，根菜有紅蘿蔔、蘿蔔等，葉菜有菠菜、小白菜等'}, {'💡我的想法':'蔬菜的分類可以讓我們更了解不同蔬菜的特性和用途'}, {'❓我想知道':'蔬菜的分類是根據什麼準則來劃分的呢？'}, {'🙅🏻這個想法不能解釋':'我不太清楚蔬菜的分類準則是什麼'}, {'📄舉例和參考來源':'根據營養價值、外觀特徵等來劃分蔬菜的分類'}, {'💡我的想法':'蔬菜的分類可以讓我們更有系統地學習和認識蔬菜'}, {'🧐我覺得更好的想法':'我覺得蔬菜的分類可以幫助我們更好地選擇和搭配食材'}, {'❓我想知道':'蔬菜的分類對我們的健康有什麼影響呢？'}, {'🙅🏻這個想法不能解釋':'我不確定蔬菜的分類對健康有什麼具體影響'}, {'📄舉例和參考來源':'不同類型的蔬菜含有不同的營養成分，可以提供身體所需的營養'}, {'💡我的想法':'蔬菜的分類可以幫助我們更好地了解蔬菜的種類和特點'}, {'❓我想知道':'蔬菜的分類有沒有什麼特殊的分類方法呢？'}, {'🙅🏻這個想法不能解釋':'我不太清楚蔬菜的特殊分類方法'}, {'📄舉例和參考來源':'有些蔬菜的分類是根據其植物學特徵來劃分的'}, {'💡我的想法':'蔬菜的分類可以幫助我們更好地了解蔬菜的生長環境和栽培方式'}, {'🧐我覺得更好的想法':'我覺得蔬菜的分類可以幫助我們更好地了解蔬菜的風味和用途'}, {'❓我想知道':'蔬菜的分類對我們的飲食有什麼影響呢？'}, {'🙅🏻這個想法不能解釋':'我不確定蔬菜的分類對飲食有什麼具體影響'}, {'📄舉例和參考來源':'不同類型的蔬菜可以提供不同的風味和口感，讓飲食更豐富多樣'}, {'✍🏻我的總結':'蔬菜的分類可以幫助我們更好地了解蔬菜的種類、特點、營養價值和用途，對我們的健康和飲食都有影響'}]",{'我昨天去超市買蔬菜，看到了很多種類的蔬菜': 1},我昨天去超市買蔬菜，看到了很多種類的蔬菜,1,1
我們吃的蔬菜分幾種？,1. 蔬菜的分類,"[{'蔬菜的分類':'大家知道蔬菜有哪些種類嗎？'}, {'💡我的想法':'蔬菜可以分為根菜、葉菜、果菜等等'}, {'🧐我覺得更好的想法':'我覺得蔬菜還可以分為瓜果類、豆類等等'}, {'❓我想知道':'為什麼蔬菜要分這麼多種類呢？'}, {'🙅🏻這個想法不能解釋':'我覺得蔬菜分類是為了方便辨識和管理'}, {'📄舉例和參考來源':'例如，根菜有紅蘿蔔、蘿蔔等，葉菜有菠菜、小白菜等'}, {'💡我的想法':'蔬菜的分類可以讓我們更了解不同蔬菜的特性和用途'}, {'❓我想知道':'蔬菜的分類是根據什麼準則來劃分的呢？'}, {'🙅🏻這個想法不能解釋':'我不太清楚蔬菜的分類準則是什麼'}, {'📄舉例和參考來源':'根據營養價值、外觀特徵等來劃分蔬菜的分類'}, {'💡我的想法':'蔬菜的分類可以讓我們更有系統地學習和認識蔬菜'}, {'🧐我覺得更好的想法':'我覺得蔬菜的分類可以幫助我們更好地選擇和搭配食材'}, {'❓我想知道':'蔬菜的分類對我們的健康有什麼影響呢？'}, {'🙅🏻這個想法不能解釋':'我不確定蔬菜的分類對健康有什麼具體影響'}, {'📄舉例和參考來源':'不同類型的蔬菜含有不同的營養成分，可以提供身體所需的營養'}, {'💡我的想法':'蔬菜的分類可以幫助我們更好地了解蔬菜的種類和特點'}, {'❓我想知道':'蔬菜的分類有沒有什麼特殊的分類方法呢？'}, {'🙅🏻這個想法不能解釋':'我不太清楚蔬菜的特殊分類方法'}, {'📄舉例和參考來源':'有些蔬菜的分類是根據其植物學特徵來劃分的'}, {'💡我的想法':'蔬菜的分類可以幫助我們更好地了解蔬菜的生長環境和栽培方式'}, {'🧐我覺得更好的想法':'我覺得蔬菜的分類可以幫助我們更好地了解蔬菜的風味和用途'}, {'❓我想知道':'蔬菜的分類對我們的飲食有什麼影響呢？'}, {'🙅🏻這個想法不能解釋':'我不確定蔬菜的分類對飲食有什麼具體影響'}, {'📄舉例和參考來源':'不同類型的蔬菜可以提供不同的風味和口感，讓飲食更豐富多樣'}, {'✍🏻我的總結':'蔬菜的分類可以幫助我們更好地了解蔬菜的種類、特點、營養價值和用途，對我們的健康和飲食都有影響'}]",{'我最喜歡吃的蔬菜是黃瓜，它是屬於果菜的一種': 1},我最喜歡吃的蔬菜是黃瓜，它是屬於果菜的一種,1,1
我們吃的蔬菜分幾種？,1. 蔬菜的分類,"[{'蔬菜的分類':'大家知道蔬菜有哪些種類嗎？'}, {'💡我的想法':'蔬菜可以分為根菜、葉菜、果菜等等'}, {'🧐我覺得更好的想法':'我覺得蔬菜還可以分為瓜果類、豆類等等'}, {'❓我想知道':'為什麼蔬菜要分這麼多種類呢？'}, {'🙅🏻這個想法不能解釋':'我覺得蔬菜分類是為了方便辨識和管理'}, {'📄舉例和參考來源':'例如，根菜有紅蘿蔔、蘿蔔等，葉菜有菠菜、小白菜等'}, {'💡我的想法':'蔬菜的分類可以讓我們更了解不同蔬菜的特性和用途'}, {'❓我想知道':'蔬菜的分類是根據什麼準則來劃分的呢？'}, {'🙅🏻這個想法不能解釋':'我不太清楚蔬菜的分類準則是什麼'}, {'📄舉例和參考來源':'根據營養價值、外觀特徵等來劃分蔬菜的分類'}, {'💡我的想法':'蔬菜的分類可以讓我們更有系統地學習和認識蔬菜'}, {'🧐我覺得更好的想法':'我覺得蔬菜的分類可以幫助我們更好地選擇和搭配食材'}, {'❓我想知道':'蔬菜的分類對我們的健康有什麼影響呢？'}, {'🙅🏻這個想法不能解釋':'我不確定蔬菜的分類對健康有什麼具體影響'}, {'📄舉例和參考來源':'不同類型的蔬菜含有不同的營養成分，可以提供身體所需的營養'}, {'💡我的想法':'蔬菜的分類可以幫助我們更好地了解蔬菜的種類和特點'}, {'❓我想知道':'蔬菜的分類有沒有什麼特殊的分類方法呢？'}, {'🙅🏻這個想法不能解釋':'我不太清楚蔬菜的特殊分類方法'}, {'📄舉例和參考來源':'有些蔬菜的分類是根據其植物學特徵來劃分的'}, {'💡我的想法':'蔬菜的分類可以幫助我們更好地了解蔬菜的生長環境和栽培方式'}, {'🧐我覺得更好的想法':'我覺得蔬菜的分類可以幫助我們更好地了解蔬菜的風味和用途'}, {'❓我想知道':'蔬菜的分類對我們的飲食有什麼影響呢？'}, {'🙅🏻這個想法不能解釋':'我不確定蔬菜的分類對飲食有什麼具體影響'}, {'📄舉例和參考來源':'不同類型的蔬菜可以提供不同的風味和口感，讓飲食更豐富多樣'}, {'✍🏻我的總結':'蔬菜的分類可以幫助我們更好地了解蔬菜的種類、特點、營養價值和用途，對我們的健康和飲食都有影響'}]",{'蔬菜的分類可以根據它們的營養價值和用途來劃分': 1},蔬菜的分類可以根據它們的營養價值和用途來劃分,1,1
我們吃的蔬菜分幾種？,1. 蔬菜的分類,"[{'蔬菜的分類':'大家知道蔬菜有哪些種類嗎？'}, {'💡我的想法':'蔬菜可以分為根菜、葉菜、果菜等等'}, {'🧐我覺得更好的想法':'我覺得蔬菜還可以分為瓜果類、豆類等等'}, {'❓我想知道':'為什麼蔬菜要分這麼多種類呢？'}, {'🙅🏻這個想法不能解釋':'我覺得蔬菜分類是為了方便辨識和管理'}, {'📄舉例和參考來源':'例如，根菜有紅蘿蔔、蘿蔔等，葉菜有菠菜、小白菜等'}, {'💡我的想法':'蔬菜的分類可以讓我們更了解不同蔬菜的特性和用途'}, {'❓我想知道':'蔬菜的分類是根據什麼準則來劃分的呢？'}, {'🙅🏻這個想法不能解釋':'我不太清楚蔬菜的分類準則是什麼'}, {'📄舉例和參考來源':'根據營養價值、外觀特徵等來劃分蔬菜的分類'}, {'💡我的想法':'蔬菜的分類可以讓我們更有系統地學習和認識蔬菜'}, {'🧐我覺得更好的想法':'我覺得蔬菜的分類可以幫助我們更好地選擇和搭配食材'}, {'❓我想知道':'蔬菜的分類對我們的健康有什麼影響呢？'}, {'🙅🏻這個想法不能解釋':'我不確定蔬菜的分類對健康有什麼具體影響'}, {'📄舉例和參考來源':'不同類型的蔬菜含有不同的營養成分，可以提供身體所需的營養'}, {'💡我的想法':'蔬菜的分類可以幫助我們更好地了解蔬菜的種類和特點'}, {'❓我想知道':'蔬菜的分類有沒有什麼特殊的分類方法呢？'}, {'🙅🏻這個想法不能解釋':'我不太清楚蔬菜的特殊分類方法'}, {'📄舉例和參考來源':'有些蔬菜的分類是根據其植物學特徵來劃分的'}, {'💡我的想法':'蔬菜的分類可以幫助我們更好地了解蔬菜的生長環境和栽培方式'}, {'🧐我覺得更好的想法':'我覺得蔬菜的分類可以幫助我們更好地了解蔬菜的風味和用途'}, {'❓我想知道':'蔬菜的分類對我們的飲食有什麼影響呢？'}, {'🙅🏻這個想法不能解釋':'我不確定蔬菜的分類對飲食有什麼具體影響'}, {'📄舉例和參考來源':'不同類型的蔬菜可以提供不同的風味和口感，讓飲食更豐富多樣'}, {'✍🏻我的總結':'蔬菜的分類可以幫助我們更好地了解蔬菜的種類、特點、營養價值和用途，對我們的健康和飲食都有影響'}]",{'我家種了一些蔬菜，有番茄、青椒和茄子': 1},我家種了一些蔬菜，有番茄、青椒和茄子,1,1
我們吃的蔬菜分幾種？,1. 蔬菜的分類,"[{'蔬菜的分類':'大家知道蔬菜有哪些種類嗎？'}, {'💡我的想法':'蔬菜可以分為根菜、葉菜、果菜等等'}, {'🧐我覺得更好的想法':'我覺得蔬菜還可以分為瓜果類、豆類等等'}, {'❓我想知道':'為什麼蔬菜要分這麼多種類呢？'}, {'🙅🏻這個想法不能解釋':'我覺得蔬菜分類是為了方便辨識和管理'}, {'📄舉例和參考來源':'例如，根菜有紅蘿蔔、蘿蔔等，葉菜有菠菜、小白菜等'}, {'💡我的想法':'蔬菜的分類可以讓我們更了解不同蔬菜的特性和用途'}, {'❓我想知道':'蔬菜的分類是根據什麼準則來劃分的呢？'}, {'🙅🏻這個想法不能解釋':'我不太清楚蔬菜的分類準則是什麼'}, {'📄舉例和參考來源':'根據營養價值、外觀特徵等來劃分蔬菜的分類'}, {'💡我的想法':'蔬菜的分類可以讓我們更有系統地學習和認識蔬菜'}, {'🧐我覺得更好的想法':'我覺得蔬菜的分類可以幫助我們更好地選擇和搭配食材'}, {'❓我想知道':'蔬菜的分類對我們的健康有什麼影響呢？'}, {'🙅🏻這個想法不能解釋':'我不確定蔬菜的分類對健康有什麼具體影響'}, {'📄舉例和參考來源':'不同類型的蔬菜含有不同的營養成分，可以提供身體所需的營養'}, {'💡我的想法':'蔬菜的分類可以幫助我們更好地了解蔬菜的種類和特點'}, {'❓我想知道':'蔬菜的分類有沒有什麼特殊的分類方法呢？'}, {'🙅🏻這個想法不能解釋':'我不太清楚蔬菜的特殊分類方法'}, {'📄舉例和參考來源':'有些蔬菜的分類是根據其植物學特徵來劃分的'}, {'💡我的想法':'蔬菜的分類可以幫助我們更好地了解蔬菜的生長環境和栽培方式'}, {'🧐我覺得更好的想法':'我覺得蔬菜的分類可以幫助我們更好地了解蔬菜的風味和用途'}, {'❓我想知道':'蔬菜的分類對我們的飲食有什麼影響呢？'}, {'🙅🏻這個想法不能解釋':'我不確定蔬菜的分類對飲食有什麼具體影響'}, {'📄舉例和參考來源':'不同類型的蔬菜可以提供不同的風味和口感，讓飲食更豐富多樣'}, {'✍🏻我的總結':'蔬菜的分類可以幫助我們更好地了解蔬菜的種類、特點、營養價值和用途，對我們的健康和飲食都有影響'}]",{'蔬菜的分類可以幫助我們更好地選擇和搭配食材': 1},蔬菜的分類可以幫助我們更好地選擇和搭配食材,1,1
我們吃的蔬菜分幾種？,1. 蔬菜的分類,"[{'蔬菜的分類':'大家知道蔬菜有哪些種類嗎？'}, {'💡我的想法':'蔬菜可以分為根菜、葉菜、果菜等等'}, {'🧐我覺得更好的想法':'我覺得蔬菜還可以分為瓜果類、豆類等等'}, {'❓我想知道':'為什麼蔬菜要分這麼多種類呢？'}, {'🙅🏻這個想法不能解釋':'我覺得蔬菜分類是為了方便辨識和管理'}, {'📄舉例和參考來源':'例如，根菜有紅蘿蔔、蘿蔔等，葉菜有菠菜、小白菜等'}, {'💡我的想法':'蔬菜的分類可以讓我們更了解不同蔬菜的特性和用途'}, {'❓我想知道':'蔬菜的分類是根據什麼準則來劃分的呢？'}, {'🙅🏻這個想法不能解釋':'我不太清楚蔬菜的分類準則是什麼'}, {'📄舉例和參考來源':'根據營養價值、外觀特徵等來劃分蔬菜的分類'}, {'💡我的想法':'蔬菜的分類可以讓我們更有系統地學習和認識蔬菜'}, {'🧐我覺得更好的想法':'我覺得蔬菜的分類可以幫助我們更好地選擇和搭配食材'}, {'❓我想知道':'蔬菜的分類對我們的健康有什麼影響呢？'}, {'🙅🏻這個想法不能解釋':'我不確定蔬菜的分類對健康有什麼具體影響'}, {'📄舉例和參考來源':'不同類型的蔬菜含有不同的營養成分，可以提供身體所需的營養'}, {'💡我的想法':'蔬菜的分類可以幫助我們更好地了解蔬菜的種類和特點'}, {'❓我想知道':'蔬菜的分類有沒有什麼特殊的分類方法呢？'}, {'🙅🏻這個想法不能解釋':'我不太清楚蔬菜的特殊分類方法'}, {'📄舉例和參考來源':'有些蔬菜的分類是根據其植物學特徵來劃分的'}, {'💡我的想法':'蔬菜的分類可以幫助我們更好地了解蔬菜的生長環境和栽培方式'}, {'🧐我覺得更好的想法':'我覺得蔬菜的分類可以幫助我們更好地了解蔬菜的風味和用途'}, {'❓我想知道':'蔬菜的分類對我們的飲食有什麼影響呢？'}, {'🙅🏻這個想法不能解釋':'我不確定蔬菜的分類對飲食有什麼具體影響'}, {'📄舉例和參考來源':'不同類型的蔬菜可以提供不同的風味和口感，讓飲食更豐富多樣'}, {'✍🏻我的總結':'蔬菜的分類可以幫助我們更好地了解蔬菜的種類、特點、營養價值和用途，對我們的健康和飲食都有影響'}]",{'我最喜歡吃的蔬菜是紅蘿蔔，它是屬於根菜的一種': 1},我最喜歡吃的蔬菜是紅蘿蔔，它是屬於根菜的一種,1,1
我們吃的蔬菜分幾種？,1. 蔬菜的分類,"[{'蔬菜的分類':'大家知道蔬菜有哪些種類嗎？'}, {'💡我的想法':'蔬菜可以分為根菜、葉菜、果菜等等'}, {'🧐我覺得更好的想法':'我覺得蔬菜還可以分為瓜果類、豆類等等'}, {'❓我想知道':'為什麼蔬菜要分這麼多種類呢？'}, {'🙅🏻這個想法不能解釋':'我覺得蔬菜分類是為了方便辨識和管理'}, {'📄舉例和參考來源':'例如，根菜有紅蘿蔔、蘿蔔等，葉菜有菠菜、小白菜等'}, {'💡我的想法':'蔬菜的分類可以讓我們更了解不同蔬菜的特性和用途'}, {'❓我想知道':'蔬菜的分類是根據什麼準則來劃分的呢？'}, {'🙅🏻這個想法不能解釋':'我不太清楚蔬菜的分類準則是什麼'}, {'📄舉例和參考來源':'根據營養價值、外觀特徵等來劃分蔬菜的分類'}, {'💡我的想法':'蔬菜的分類可以讓我們更有系統地學習和認識蔬菜'}, {'🧐我覺得更好的想法':'我覺得蔬菜的分類可以幫助我們更好地選擇和搭配食材'}, {'❓我想知道':'蔬菜的分類對我們的健康有什麼影響呢？'}, {'🙅🏻這個想法不能解釋':'我不確定蔬菜的分類對健康有什麼具體影響'}, {'📄舉例和參考來源':'不同類型的蔬菜含有不同的營養成分，可以提供身體所需的營養'}, {'💡我的想法':'蔬菜的分類可以幫助我們更好地了解蔬菜的種類和特點'}, {'❓我想知道':'蔬菜的分類有沒有什麼特殊的分類方法呢？'}, {'🙅🏻這個想法不能解釋':'我不太清楚蔬菜的特殊分類方法'}, {'📄舉例和參考來源':'有些蔬菜的分類是根據其植物學特徵來劃分的'}, {'💡我的想法':'蔬菜的分類可以幫助我們更好地了解蔬菜的生長環境和栽培方式'}, {'🧐我覺得更好的想法':'我覺得蔬菜的分類可以幫助我們更好地了解蔬菜的風味和用途'}, {'❓我想知道':'蔬菜的分類對我們的飲食有什麼影響呢？'}, {'🙅🏻這個想法不能解釋':'我不確定蔬菜的分類對飲食有什麼具體影響'}, {'📄舉例和參考來源':'不同類型的蔬菜可以提供不同的風味和口感，讓飲食更豐富多樣'}, {'✍🏻我的總結':'蔬菜的分類可以幫助我們更好地了解蔬菜的種類、特點、營養價值和用途，對我們的健康和飲食都有影響'}]",{'蔬菜的分類可以根據它們的生長環境和耐受性來劃分': 1},蔬菜的分類可以根據它們的生長環境和耐受性來劃分,1,1
我們吃的蔬菜分幾種？,1. 蔬菜的分類,"[{'蔬菜的分類':'大家知道蔬菜有哪些種類嗎？'}, {'💡我的想法':'蔬菜可以分為根菜、葉菜、果菜等等'}, {'🧐我覺得更好的想法':'我覺得蔬菜還可以分為瓜果類、豆類等等'}, {'❓我想知道':'為什麼蔬菜要分這麼多種類呢？'}, {'🙅🏻這個想法不能解釋':'我覺得蔬菜分類是為了方便辨識和管理'}, {'📄舉例和參考來源':'例如，根菜有紅蘿蔔、蘿蔔等，葉菜有菠菜、小白菜等'}, {'💡我的想法':'蔬菜的分類可以讓我們更了解不同蔬菜的特性和用途'}, {'❓我想知道':'蔬菜的分類是根據什麼準則來劃分的呢？'}, {'🙅🏻這個想法不能解釋':'我不太清楚蔬菜的分類準則是什麼'}, {'📄舉例和參考來源':'根據營養價值、外觀特徵等來劃分蔬菜的分類'}, {'💡我的想法':'蔬菜的分類可以讓我們更有系統地學習和認識蔬菜'}, {'🧐我覺得更好的想法':'我覺得蔬菜的分類可以幫助我們更好地選擇和搭配食材'}, {'❓我想知道':'蔬菜的分類對我們的健康有什麼影響呢？'}, {'🙅🏻這個想法不能解釋':'我不確定蔬菜的分類對健康有什麼具體影響'}, {'📄舉例和參考來源':'不同類型的蔬菜含有不同的營養成分，可以提供身體所需的營養'}, {'💡我的想法':'蔬菜的分類可以幫助我們更好地了解蔬菜的種類和特點'}, {'❓我想知道':'蔬菜的分類有沒有什麼特殊的分類方法呢？'}, {'🙅🏻這個想法不能解釋':'我不太清楚蔬菜的特殊分類方法'}, {'📄舉例和參考來源':'有些蔬菜的分類是根據其植物學特徵來劃分的'}, {'💡我的想法':'蔬菜的分類可以幫助我們更好地了解蔬菜的生長環境和栽培方式'}, {'🧐我覺得更好的想法':'我覺得蔬菜的分類可以幫助我們更好地了解蔬菜的風味和用途'}, {'❓我想知道':'蔬菜的分類對我們的飲食有什麼影響呢？'}, {'🙅🏻這個想法不能解釋':'我不確定蔬菜的分類對飲食有什麼具體影響'}, {'📄舉例和參考來源':'不同類型的蔬菜可以提供不同的風味和口感，讓飲食更豐富多樣'}, {'✍🏻我的總結':'蔬菜的分類可以幫助我們更好地了解蔬菜的種類、特點、營養價值和用途，對我們的健康和飲食都有影響'}]",{'我昨天在學校的午餐吃到了很多種類的蔬菜': 1},我昨天在學校的午餐吃到了很多種類的蔬菜,1,1
我們吃的蔬菜分幾種？,1. 蔬菜的分類,"[{'蔬菜的分類':'大家知道蔬菜有哪些種類嗎？'}, {'💡我的想法':'蔬菜可以分為根菜、葉菜、果菜等等'}, {'🧐我覺得更好的想法':'我覺得蔬菜還可以分為瓜果類、豆類等等'}, {'❓我想知道':'為什麼蔬菜要分這麼多種類呢？'}, {'🙅🏻這個想法不能解釋':'我覺得蔬菜分類是為了方便辨識和管理'}, {'📄舉例和參考來源':'例如，根菜有紅蘿蔔、蘿蔔等，葉菜有菠菜、小白菜等'}, {'💡我的想法':'蔬菜的分類可以讓我們更了解不同蔬菜的特性和用途'}, {'❓我想知道':'蔬菜的分類是根據什麼準則來劃分的呢？'}, {'🙅🏻這個想法不能解釋':'我不太清楚蔬菜的分類準則是什麼'}, {'📄舉例和參考來源':'根據營養價值、外觀特徵等來劃分蔬菜的分類'}, {'💡我的想法':'蔬菜的分類可以讓我們更有系統地學習和認識蔬菜'}, {'🧐我覺得更好的想法':'我覺得蔬菜的分類可以幫助我們更好地選擇和搭配食材'}, {'❓我想知道':'蔬菜的分類對我們的健康有什麼影響呢？'}, {'🙅🏻這個想法不能解釋':'我不確定蔬菜的分類對健康有什麼具體影響'}, {'📄舉例和參考來源':'不同類型的蔬菜含有不同的營養成分，可以提供身體所需的營養'}, {'💡我的想法':'蔬菜的分類可以幫助我們更好地了解蔬菜的種類和特點'}, {'❓我想知道':'蔬菜的分類有沒有什麼特殊的分類方法呢？'}, {'🙅🏻這個想法不能解釋':'我不太清楚蔬菜的特殊分類方法'}, {'📄舉例和參考來源':'有些蔬菜的分類是根據其植物學特徵來劃分的'}, {'💡我的想法':'蔬菜的分類可以幫助我們更好地了解蔬菜的生長環境和栽培方式'}, {'🧐我覺得更好的想法':'我覺得蔬菜的分類可以幫助我們更好地了解蔬菜的風味和用途'}, {'❓我想知道':'蔬菜的分類對我們的飲食有什麼影響呢？'}, {'🙅🏻這個想法不能解釋':'我不確定蔬菜的分類對飲食有什麼具體影響'}, {'📄舉例和參考來源':'不同類型的蔬菜可以提供不同的風味和口感，讓飲食更豐富多樣'}, {'✍🏻我的總結':'蔬菜的分類可以幫助我們更好地了解蔬菜的種類、特點、營養價值和用途，對我們的健康和飲食都有影響'}]",{'蔬菜的分類可以根據它們的食用部位和保存方式來區分': 1},蔬菜的分類可以根據它們的食用部位和保存方式來區分,1,1
我們吃的蔬菜分幾種？,1. 蔬菜的分類,"[{'蔬菜的分類':'大家知道蔬菜有哪些種類嗎？'}, {'💡我的想法':'蔬菜可以分為根菜、葉菜、果菜等等'}, {'🧐我覺得更好的想法':'我覺得蔬菜還可以分為瓜果類、豆類等等'}, {'❓我想知道':'為什麼蔬菜要分這麼多種類呢？'}, {'🙅🏻這個想法不能解釋':'我覺得蔬菜分類是為了方便辨識和管理'}, {'📄舉例和參考來源':'例如，根菜有紅蘿蔔、蘿蔔等，葉菜有菠菜、小白菜等'}, {'💡我的想法':'蔬菜的分類可以讓我們更了解不同蔬菜的特性和用途'}, {'❓我想知道':'蔬菜的分類是根據什麼準則來劃分的呢？'}, {'🙅🏻這個想法不能解釋':'我不太清楚蔬菜的分類準則是什麼'}, {'📄舉例和參考來源':'根據營養價值、外觀特徵等來劃分蔬菜的分類'}, {'💡我的想法':'蔬菜的分類可以讓我們更有系統地學習和認識蔬菜'}, {'🧐我覺得更好的想法':'我覺得蔬菜的分類可以幫助我們更好地選擇和搭配食材'}, {'❓我想知道':'蔬菜的分類對我們的健康有什麼影響呢？'}, {'🙅🏻這個想法不能解釋':'我不確定蔬菜的分類對健康有什麼具體影響'}, {'📄舉例和參考來源':'不同類型的蔬菜含有不同的營養成分，可以提供身體所需的營養'}, {'💡我的想法':'蔬菜的分類可以幫助我們更好地了解蔬菜的種類和特點'}, {'❓我想知道':'蔬菜的分類有沒有什麼特殊的分類方法呢？'}, {'🙅🏻這個想法不能解釋':'我不太清楚蔬菜的特殊分類方法'}, {'📄舉例和參考來源':'有些蔬菜的分類是根據其植物學特徵來劃分的'}, {'💡我的想法':'蔬菜的分類可以幫助我們更好地了解蔬菜的生長環境和栽培方式'}, {'🧐我覺得更好的想法':'我覺得蔬菜的分類可以幫助我們更好地了解蔬菜的風味和用途'}, {'❓我想知道':'蔬菜的分類對我們的飲食有什麼影響呢？'}, {'🙅🏻這個想法不能解釋':'我不確定蔬菜的分類對飲食有什麼具體影響'}, {'📄舉例和參考來源':'不同類型的蔬菜可以提供不同的風味和口感，讓飲食更豐富多樣'}, {'✍🏻我的總結':'蔬菜的分類可以幫助我們更好地了解蔬菜的種類、特點、營養價值和用途，對我們的健康和飲食都有影響'}]",{'我最喜歡吃的蔬菜是青椒，它是屬於果菜的一種': 1},我最喜歡吃的蔬菜是青椒，它是屬於果菜的一種,1,1
種菜前的準備工作有那些？,1. 選擇要種植的蔬菜 2. 蒐集資料的方法 3. 觀察適合蔬菜生長的環境 4. 準備種植蔬菜的器材,"[{'種菜前的準備工作有那些？':'大家有沒有種過菜呢？請發表你們的想法。'}, {'選擇要種植的蔬菜':'【💡我的想法】種菜前要先選擇要種植的蔬菜。'}, {'蒐集資料的方法':'【🧐我覺得更好的想法】我們可以蒐集資料來了解不同蔬菜的種植需求。'}, {'觀察適合蔬菜生長的環境':'【❓我想知道】我們要怎麼觀察適合蔬菜生長的環境呢？'}, {'準備種植蔬菜的器材':'【💡我的想法】我們需要準備種植蔬菜的器材，像是盆、土壤等。'}, {'有沒有其他的想法':'大家還有其他的想法嗎？'}, {'我想知道':'【❓我想知道】種菜前還需要做其他的準備工作嗎？'}, {'舉例和參考來源':'【📄舉例和參考來源】我們可以參考書籍或網路上的資料來了解種菜前的準備工作。'}, {'我覺得更好的想法':'【🧐我覺得更好的想法】我們可以先問問有經驗的人，他們可能有更多實際的建議。'}, {'這個想法不能解釋':'【🙅🏻這個想法不能解釋】問問有經驗的人可能不一定能得到正確的答案。'}, {'我的總結':'【✍🏻我的總結】種菜前的準備工作包括選擇蔬菜、蒐集資料、觀察環境、準備器材等。'}]",{'我們可以先選擇要種植的蔬菜，看看哪些蔬菜適合我們的環境': 1},我們可以先選擇要種植的蔬菜，看看哪些蔬菜適合我們的環境,1,1
種菜前的準備工作有那些？,1. 選擇要種植的蔬菜 2. 蒐集資料的方法 3. 觀察適合蔬菜生長的環境 4. 準備種植蔬菜的器材,"[{'種菜前的準備工作有那些？':'大家有沒有種過菜呢？請發表你們的想法。'}, {'選擇要種植的蔬菜':'【💡我的想法】種菜前要先選擇要種植的蔬菜。'}, {'蒐集資料的方法':'【🧐我覺得更好的想法】我們可以蒐集資料來了解不同蔬菜的種植需求。'}, {'觀察適合蔬菜生長的環境':'【❓我想知道】我們要怎麼觀察適合蔬菜生長的環境呢？'}, {'準備種植蔬菜的器材':'【💡我的想法】我們需要準備種植蔬菜的器材，像是盆、土壤等。'}, {'有沒有其他的想法':'大家還有其他的想法嗎？'}, {'我想知道':'【❓我想知道】種菜前還需要做其他的準備工作嗎？'}, {'舉例和參考來源':'【📄舉例和參考來源】我們可以參考書籍或網路上的資料來了解種菜前的準備工作。'}, {'我覺得更好的想法':'【🧐我覺得更好的想法】我們可以先問問有經驗的人，他們可能有更多實際的建議。'}, {'這個想法不能解釋':'【🙅🏻這個想法不能解釋】問問有經驗的人可能不一定能得到正確的答案。'}, {'我的總結':'【✍🏻我的總結】種菜前的準備工作包括選擇蔬菜、蒐集資料、觀察環境、準備器材等。'}]",{'我昨天去超市買了一些蔬菜種子，可以拿來種菜嗎？': 1},我昨天去超市買了一些蔬菜種子，可以拿來種菜嗎？,1,1
種菜前的準備工作有那些？,1. 選擇要種植的蔬菜 2. 蒐集資料的方法 3. 觀察適合蔬菜生長的環境 4. 準備種植蔬菜的器材,"[{'種菜前的準備工作有那些？':'大家有沒有種過菜呢？請發表你們的想法。'}, {'選擇要種植的蔬菜':'【💡我的想法】種菜前要先選擇要種植的蔬菜。'}, {'蒐集資料的方法':'【🧐我覺得更好的想法】我們可以蒐集資料來了解不同蔬菜的種植需求。'}, {'觀察適合蔬菜生長的環境':'【❓我想知道】我們要怎麼觀察適合蔬菜生長的環境呢？'}, {'準備種植蔬菜的器材':'【💡我的想法】我們需要準備種植蔬菜的器材，像是盆、土壤等。'}, {'有沒有其他的想法':'大家還有其他的想法嗎？'}, {'我想知道':'【❓我想知道】種菜前還需要做其他的準備工作嗎？'}, {'舉例和參考來源':'【📄舉例和參考來源】我們可以參考書籍或網路上的資料來了解種菜前的準備工作。'}, {'我覺得更好的想法':'【🧐我覺得更好的想法】我們可以先問問有經驗的人，他們可能有更多實際的建議。'}, {'這個想法不能解釋':'【🙅🏻這個想法不能解釋】問問有經驗的人可能不一定能得到正確的答案。'}, {'我的總結':'【✍🏻我的總結】種菜前的準備工作包括選擇蔬菜、蒐集資料、觀察環境、準備器材等。'}]",{'我們可以使用網路或書籍蒐集關於蔬菜種植的資料': 1},我們可以使用網路或書籍蒐集關於蔬菜種植的資料,1,1
種菜前的準備工作有那些？,1. 選擇要種植的蔬菜 2. 蒐集資料的方法 3. 觀察適合蔬菜生長的環境 4. 準備種植蔬菜的器材,"[{'種菜前的準備工作有那些？':'大家有沒有種過菜呢？請發表你們的想法。'}, {'選擇要種植的蔬菜':'【💡我的想法】種菜前要先選擇要種植的蔬菜。'}, {'蒐集資料的方法':'【🧐我覺得更好的想法】我們可以蒐集資料來了解不同蔬菜的種植需求。'}, {'觀察適合蔬菜生長的環境':'【❓我想知道】我們要怎麼觀察適合蔬菜生長的環境呢？'}, {'準備種植蔬菜的器材':'【💡我的想法】我們需要準備種植蔬菜的器材，像是盆、土壤等。'}, {'有沒有其他的想法':'大家還有其他的想法嗎？'}, {'我想知道':'【❓我想知道】種菜前還需要做其他的準備工作嗎？'}, {'舉例和參考來源':'【📄舉例和參考來源】我們可以參考書籍或網路上的資料來了解種菜前的準備工作。'}, {'我覺得更好的想法':'【🧐我覺得更好的想法】我們可以先問問有經驗的人，他們可能有更多實際的建議。'}, {'這個想法不能解釋':'【🙅🏻這個想法不能解釋】問問有經驗的人可能不一定能得到正確的答案。'}, {'我的總結':'【✍🏻我的總結】種菜前的準備工作包括選擇蔬菜、蒐集資料、觀察環境、準備器材等。'}]",{'我喜歡種植蔬菜，我家的花園裡種了很多種類的蔬菜': 0},我喜歡種植蔬菜，我家的花園裡種了很多種類的蔬菜,0,1
種菜前的準備工作有那些？,1. 選擇要種植的蔬菜 2. 蒐集資料的方法 3. 觀察適合蔬菜生長的環境 4. 準備種植蔬菜的器材,"[{'種菜前的準備工作有那些？':'大家有沒有種過菜呢？請發表你們的想法。'}, {'選擇要種植的蔬菜':'【💡我的想法】種菜前要先選擇要種植的蔬菜。'}, {'蒐集資料的方法':'【🧐我覺得更好的想法】我們可以蒐集資料來了解不同蔬菜的種植需求。'}, {'觀察適合蔬菜生長的環境':'【❓我想知道】我們要怎麼觀察適合蔬菜生長的環境呢？'}, {'準備種植蔬菜的器材':'【💡我的想法】我們需要準備種植蔬菜的器材，像是盆、土壤等。'}, {'有沒有其他的想法':'大家還有其他的想法嗎？'}, {'我想知道':'【❓我想知道】種菜前還需要做其他的準備工作嗎？'}, {'舉例和參考來源':'【📄舉例和參考來源】我們可以參考書籍或網路上的資料來了解種菜前的準備工作。'}, {'我覺得更好的想法':'【🧐我覺得更好的想法】我們可以先問問有經驗的人，他們可能有更多實際的建議。'}, {'這個想法不能解釋':'【🙅🏻這個想法不能解釋】問問有經驗的人可能不一定能得到正確的答案。'}, {'我的總結':'【✍🏻我的總結】種菜前的準備工作包括選擇蔬菜、蒐集資料、觀察環境、準備器材等。'}]",{'觀察適合蔬菜生長的環境，我們可以看看陽光、水分和土壤的狀況': 1},觀察適合蔬菜生長的環境，我們可以看看陽光、水分和土壤的狀況,1,1
種菜前的準備工作有那些？,1. 選擇要種植的蔬菜 2. 蒐集資料的方法 3. 觀察適合蔬菜生長的環境 4. 準備種植蔬菜的器材,"[{'種菜前的準備工作有那些？':'大家有沒有種過菜呢？請發表你們的想法。'}, {'選擇要種植的蔬菜':'【💡我的想法】種菜前要先選擇要種植的蔬菜。'}, {'蒐集資料的方法':'【🧐我覺得更好的想法】我們可以蒐集資料來了解不同蔬菜的種植需求。'}, {'觀察適合蔬菜生長的環境':'【❓我想知道】我們要怎麼觀察適合蔬菜生長的環境呢？'}, {'準備種植蔬菜的器材':'【💡我的想法】我們需要準備種植蔬菜的器材，像是盆、土壤等。'}, {'有沒有其他的想法':'大家還有其他的想法嗎？'}, {'我想知道':'【❓我想知道】種菜前還需要做其他的準備工作嗎？'}, {'舉例和參考來源':'【📄舉例和參考來源】我們可以參考書籍或網路上的資料來了解種菜前的準備工作。'}, {'我覺得更好的想法':'【🧐我覺得更好的想法】我們可以先問問有經驗的人，他們可能有更多實際的建議。'}, {'這個想法不能解釋':'【🙅🏻這個想法不能解釋】問問有經驗的人可能不一定能得到正確的答案。'}, {'我的總結':'【✍🏻我的總結】種菜前的準備工作包括選擇蔬菜、蒐集資料、觀察環境、準備器材等。'}]",{'我最喜歡種番茄，因為它們又好吃又好看': 0},我最喜歡種番茄，因為它們又好吃又好看,0,1
種菜前的準備工作有那些？,1. 選擇要種植的蔬菜 2. 蒐集資料的方法 3. 觀察適合蔬菜生長的環境 4. 準備種植蔬菜的器材,"[{'種菜前的準備工作有那些？':'大家有沒有種過菜呢？請發表你們的想法。'}, {'選擇要種植的蔬菜':'【💡我的想法】種菜前要先選擇要種植的蔬菜。'}, {'蒐集資料的方法':'【🧐我覺得更好的想法】我們可以蒐集資料來了解不同蔬菜的種植需求。'}, {'觀察適合蔬菜生長的環境':'【❓我想知道】我們要怎麼觀察適合蔬菜生長的環境呢？'}, {'準備種植蔬菜的器材':'【💡我的想法】我們需要準備種植蔬菜的器材，像是盆、土壤等。'}, {'有沒有其他的想法':'大家還有其他的想法嗎？'}, {'我想知道':'【❓我想知道】種菜前還需要做其他的準備工作嗎？'}, {'舉例和參考來源':'【📄舉例和參考來源】我們可以參考書籍或網路上的資料來了解種菜前的準備工作。'}, {'我覺得更好的想法':'【🧐我覺得更好的想法】我們可以先問問有經驗的人，他們可能有更多實際的建議。'}, {'這個想法不能解釋':'【🙅🏻這個想法不能解釋】問問有經驗的人可能不一定能得到正確的答案。'}, {'我的總結':'【✍🏻我的總結】種菜前的準備工作包括選擇蔬菜、蒐集資料、觀察環境、準備器材等。'}]",{'準備種植蔬菜的器材，我們需要有鏟子、水桶和種子等工具': 1},準備種植蔬菜的器材，我們需要有鏟子、水桶和種子等工具,1,1
種菜前的準備工作有那些？,1. 選擇要種植的蔬菜 2. 蒐集資料的方法 3. 觀察適合蔬菜生長的環境 4. 準備種植蔬菜的器材,"[{'種菜前的準備工作有那些？':'大家有沒有種過菜呢？請發表你們的想法。'}, {'選擇要種植的蔬菜':'【💡我的想法】種菜前要先選擇要種植的蔬菜。'}, {'蒐集資料的方法':'【🧐我覺得更好的想法】我們可以蒐集資料來了解不同蔬菜的種植需求。'}, {'觀察適合蔬菜生長的環境':'【❓我想知道】我們要怎麼觀察適合蔬菜生長的環境呢？'}, {'準備種植蔬菜的器材':'【💡我的想法】我們需要準備種植蔬菜的器材，像是盆、土壤等。'}, {'有沒有其他的想法':'大家還有其他的想法嗎？'}, {'我想知道':'【❓我想知道】種菜前還需要做其他的準備工作嗎？'}, {'舉例和參考來源':'【📄舉例和參考來源】我們可以參考書籍或網路上的資料來了解種菜前的準備工作。'}, {'我覺得更好的想法':'【🧐我覺得更好的想法】我們可以先問問有經驗的人，他們可能有更多實際的建議。'}, {'這個想法不能解釋':'【🙅🏻這個想法不能解釋】問問有經驗的人可能不一定能得到正確的答案。'}, {'我的總結':'【✍🏻我的總結】種菜前的準備工作包括選擇蔬菜、蒐集資料、觀察環境、準備器材等。'}]",{'我昨天去公園玩，看到有人在種植蔬菜，好有趣': 0},我昨天去公園玩，看到有人在種植蔬菜，好有趣,0,1
種菜前的準備工作有那些？,1. 選擇要種植的蔬菜 2. 蒐集資料的方法 3. 觀察適合蔬菜生長的環境 4. 準備種植蔬菜的器材,"[{'種菜前的準備工作有那些？':'大家有沒有種過菜呢？請發表你們的想法。'}, {'選擇要種植的蔬菜':'【💡我的想法】種菜前要先選擇要種植的蔬菜。'}, {'蒐集資料的方法':'【🧐我覺得更好的想法】我們可以蒐集資料來了解不同蔬菜的種植需求。'}, {'觀察適合蔬菜生長的環境':'【❓我想知道】我們要怎麼觀察適合蔬菜生長的環境呢？'}, {'準備種植蔬菜的器材':'【💡我的想法】我們需要準備種植蔬菜的器材，像是盆、土壤等。'}, {'有沒有其他的想法':'大家還有其他的想法嗎？'}, {'我想知道':'【❓我想知道】種菜前還需要做其他的準備工作嗎？'}, {'舉例和參考來源':'【📄舉例和參考來源】我們可以參考書籍或網路上的資料來了解種菜前的準備工作。'}, {'我覺得更好的想法':'【🧐我覺得更好的想法】我們可以先問問有經驗的人，他們可能有更多實際的建議。'}, {'這個想法不能解釋':'【🙅🏻這個想法不能解釋】問問有經驗的人可能不一定能得到正確的答案。'}, {'我的總結':'【✍🏻我的總結】種菜前的準備工作包括選擇蔬菜、蒐集資料、觀察環境、準備器材等。'}]",{'種菜前要先挖好土壤，讓種子有個好的生長環境': 1},種菜前要先挖好土壤，讓種子有個好的生長環境,1,1
種菜前的準備工作有那些？,1. 選擇要種植的蔬菜 2. 蒐集資料的方法 3. 觀察適合蔬菜生長的環境 4. 準備種植蔬菜的器材,"[{'種菜前的準備工作有那些？':'大家有沒有種過菜呢？請發表你們的想法。'}, {'選擇要種植的蔬菜':'【💡我的想法】種菜前要先選擇要種植的蔬菜。'}, {'蒐集資料的方法':'【🧐我覺得更好的想法】我們可以蒐集資料來了解不同蔬菜的種植需求。'}, {'觀察適合蔬菜生長的環境':'【❓我想知道】我們要怎麼觀察適合蔬菜生長的環境呢？'}, {'準備種植蔬菜的器材':'【💡我的想法】我們需要準備種植蔬菜的器材，像是盆、土壤等。'}, {'有沒有其他的想法':'大家還有其他的想法嗎？'}, {'我想知道':'【❓我想知道】種菜前還需要做其他的準備工作嗎？'}, {'舉例和參考來源':'【📄舉例和參考來源】我們可以參考書籍或網路上的資料來了解種菜前的準備工作。'}, {'我覺得更好的想法':'【🧐我覺得更好的想法】我們可以先問問有經驗的人，他們可能有更多實際的建議。'}, {'這個想法不能解釋':'【🙅🏻這個想法不能解釋】問問有經驗的人可能不一定能得到正確的答案。'}, {'我的總結':'【✍🏻我的總結】種菜前的準備工作包括選擇蔬菜、蒐集資料、觀察環境、準備器材等。'}]",{'我家的花園裡有一個專門種植蔬菜的區域，我每天都去照顧它們': 0},我家的花園裡有一個專門種植蔬菜的區域，我每天都去照顧它們,0,1
種菜前的準備工作有那些？,1. 選擇要種植的蔬菜 2. 蒐集資料的方法 3. 觀察適合蔬菜生長的環境 4. 準備種植蔬菜的器材,"[{'種菜前的準備工作有那些？':'大家有沒有種過菜呢？請發表你們的想法。'}, {'選擇要種植的蔬菜':'【💡我的想法】種菜前要先選擇要種植的蔬菜。'}, {'蒐集資料的方法':'【🧐我覺得更好的想法】我們可以蒐集資料來了解不同蔬菜的種植需求。'}, {'觀察適合蔬菜生長的環境':'【❓我想知道】我們要怎麼觀察適合蔬菜生長的環境呢？'}, {'準備種植蔬菜的器材':'【💡我的想法】我們需要準備種植蔬菜的器材，像是盆、土壤等。'}, {'有沒有其他的想法':'大家還有其他的想法嗎？'}, {'我想知道':'【❓我想知道】種菜前還需要做其他的準備工作嗎？'}, {'舉例和參考來源':'【📄舉例和參考來源】我們可以參考書籍或網路上的資料來了解種菜前的準備工作。'}, {'我覺得更好的想法':'【🧐我覺得更好的想法】我們可以先問問有經驗的人，他們可能有更多實際的建議。'}, {'這個想法不能解釋':'【🙅🏻這個想法不能解釋】問問有經驗的人可能不一定能得到正確的答案。'}, {'我的總結':'【✍🏻我的總結】種菜前的準備工作包括選擇蔬菜、蒐集資料、觀察環境、準備器材等。'}]",{'種菜前要先確定土壤的酸鹼度是否適合蔬菜的生長': 1},種菜前要先確定土壤的酸鹼度是否適合蔬菜的生長,1,1
如何動手來種菜？,1. 觀察種子的外型 2. 蔬菜的播種方式 3. 記錄蔬菜的成長過程,"[{'種子的外型':'大家有沒有注意到種子的外型有什麼特別之處呢？'}, {'💡我的想法':'我覺得種子的外型會影響到它的生長方式'}, {'🧐我覺得更好的想法':'種子的外型可能跟它的種植環境有關'}, {'❓我想知道':'種子的外型和它的生長有什麼關係呢？'}, {'蔬菜的播種方式':'大家知道蔬菜的播種方式有哪些嗎？'}, {'💡我的想法':'我知道有直播和育苗的方式'}, {'🧐我覺得更好的想法':'蔬菜的播種方式可能會因為不同的蔬菜而有所不同'}, {'❓我想知道':'不同的蔬菜播種方式有什麼不同之處呢？'}, {'記錄蔬菜的成長過程':'在種菜的過程中，我們可以記錄蔬菜的成長過程'}, {'💡我的想法':'我覺得記錄蔬菜的成長過程可以幫助我們了解蔬菜的生長情況'}, {'🧐我覺得更好的想法':'記錄蔬菜的成長過程可以讓我們觀察到蔬菜的變化'}, {'❓我想知道':'記錄蔬菜的成長過程有什麼好處呢？'}, {'💡我的想法':'我覺得記錄蔬菜的成長過程可以讓我們知道哪些因素會影響蔬菜的生長'}, {'🙅🏻這個想法不能解釋':'我不太清楚記錄蔬菜的成長過程有什麼用'}, {'📄舉例和參考來源':'我們可以參考一些種菜的書籍或網站，了解如何動手來種菜'}, {'💡我的想法':'我知道有一本叫做《種菜入門》的書可以參考'}, {'🧐我覺得更好的想法':'我們可以問問家裡有種菜經驗的人，他們可能有一些實用的建議'}, {'❓我想知道':'有沒有其他的參考來源可以推薦呢？'}, {'💡我的想法':'我覺得可以去圖書館找一些關於種菜的書籍'}, {'✍🏻我的總結':'我們可以觀察種子的外型、了解蔬菜的播種方式，並記錄蔬菜的成長過程來學習如何動手來種菜'}]",{'我們可以先觀察不同種子的外型，看看有什麼不同': 1},我們可以先觀察不同種子的外型，看看有什麼不同,1,1
如何動手來種菜？,1. 觀察種子的外型 2. 蔬菜的播種方式 3. 記錄蔬菜的成長過程,"[{'種子的外型':'大家有沒有注意到種子的外型有什麼特別之處呢？'}, {'💡我的想法':'我覺得種子的外型會影響到它的生長方式'}, {'🧐我覺得更好的想法':'種子的外型可能跟它的種植環境有關'}, {'❓我想知道':'種子的外型和它的生長有什麼關係呢？'}, {'蔬菜的播種方式':'大家知道蔬菜的播種方式有哪些嗎？'}, {'💡我的想法':'我知道有直播和育苗的方式'}, {'🧐我覺得更好的想法':'蔬菜的播種方式可能會因為不同的蔬菜而有所不同'}, {'❓我想知道':'不同的蔬菜播種方式有什麼不同之處呢？'}, {'記錄蔬菜的成長過程':'在種菜的過程中，我們可以記錄蔬菜的成長過程'}, {'💡我的想法':'我覺得記錄蔬菜的成長過程可以幫助我們了解蔬菜的生長情況'}, {'🧐我覺得更好的想法':'記錄蔬菜的成長過程可以讓我們觀察到蔬菜的變化'}, {'❓我想知道':'記錄蔬菜的成長過程有什麼好處呢？'}, {'💡我的想法':'我覺得記錄蔬菜的成長過程可以讓我們知道哪些因素會影響蔬菜的生長'}, {'🙅🏻這個想法不能解釋':'我不太清楚記錄蔬菜的成長過程有什麼用'}, {'📄舉例和參考來源':'我們可以參考一些種菜的書籍或網站，了解如何動手來種菜'}, {'💡我的想法':'我知道有一本叫做《種菜入門》的書可以參考'}, {'🧐我覺得更好的想法':'我們可以問問家裡有種菜經驗的人，他們可能有一些實用的建議'}, {'❓我想知道':'有沒有其他的參考來源可以推薦呢？'}, {'💡我的想法':'我覺得可以去圖書館找一些關於種菜的書籍'}, {'✍🏻我的總結':'我們可以觀察種子的外型、了解蔬菜的播種方式，並記錄蔬菜的成長過程來學習如何動手來種菜'}]",{'我昨天去遊樂園玩，好好玩': 0},我昨天去遊樂園玩，好好玩,0,0
如何動手來種菜？,1. 觀察種子的外型 2. 蔬菜的播種方式 3. 記錄蔬菜的成長過程,"[{'種子的外型':'大家有沒有注意到種子的外型有什麼特別之處呢？'}, {'💡我的想法':'我覺得種子的外型會影響到它的生長方式'}, {'🧐我覺得更好的想法':'種子的外型可能跟它的種植環境有關'}, {'❓我想知道':'種子的外型和它的生長有什麼關係呢？'}, {'蔬菜的播種方式':'大家知道蔬菜的播種方式有哪些嗎？'}, {'💡我的想法':'我知道有直播和育苗的方式'}, {'🧐我覺得更好的想法':'蔬菜的播種方式可能會因為不同的蔬菜而有所不同'}, {'❓我想知道':'不同的蔬菜播種方式有什麼不同之處呢？'}, {'記錄蔬菜的成長過程':'在種菜的過程中，我們可以記錄蔬菜的成長過程'}, {'💡我的想法':'我覺得記錄蔬菜的成長過程可以幫助我們了解蔬菜的生長情況'}, {'🧐我覺得更好的想法':'記錄蔬菜的成長過程可以讓我們觀察到蔬菜的變化'}, {'❓我想知道':'記錄蔬菜的成長過程有什麼好處呢？'}, {'💡我的想法':'我覺得記錄蔬菜的成長過程可以讓我們知道哪些因素會影響蔬菜的生長'}, {'🙅🏻這個想法不能解釋':'我不太清楚記錄蔬菜的成長過程有什麼用'}, {'📄舉例和參考來源':'我們可以參考一些種菜的書籍或網站，了解如何動手來種菜'}, {'💡我的想法':'我知道有一本叫做《種菜入門》的書可以參考'}, {'🧐我覺得更好的想法':'我們可以問問家裡有種菜經驗的人，他們可能有一些實用的建議'}, {'❓我想知道':'有沒有其他的參考來源可以推薦呢？'}, {'💡我的想法':'我覺得可以去圖書館找一些關於種菜的書籍'}, {'✍🏻我的總結':'我們可以觀察種子的外型、了解蔬菜的播種方式，並記錄蔬菜的成長過程來學習如何動手來種菜'}]",{'我喜歡看電影，最近看了一部很好笑的喜劇': 0},我喜歡看電影，最近看了一部很好笑的喜劇,0,0
如何動手來種菜？,1. 觀察種子的外型 2. 蔬菜的播種方式 3. 記錄蔬菜的成長過程,"[{'種子的外型':'大家有沒有注意到種子的外型有什麼特別之處呢？'}, {'💡我的想法':'我覺得種子的外型會影響到它的生長方式'}, {'🧐我覺得更好的想法':'種子的外型可能跟它的種植環境有關'}, {'❓我想知道':'種子的外型和它的生長有什麼關係呢？'}, {'蔬菜的播種方式':'大家知道蔬菜的播種方式有哪些嗎？'}, {'💡我的想法':'我知道有直播和育苗的方式'}, {'🧐我覺得更好的想法':'蔬菜的播種方式可能會因為不同的蔬菜而有所不同'}, {'❓我想知道':'不同的蔬菜播種方式有什麼不同之處呢？'}, {'記錄蔬菜的成長過程':'在種菜的過程中，我們可以記錄蔬菜的成長過程'}, {'💡我的想法':'我覺得記錄蔬菜的成長過程可以幫助我們了解蔬菜的生長情況'}, {'🧐我覺得更好的想法':'記錄蔬菜的成長過程可以讓我們觀察到蔬菜的變化'}, {'❓我想知道':'記錄蔬菜的成長過程有什麼好處呢？'}, {'💡我的想法':'我覺得記錄蔬菜的成長過程可以讓我們知道哪些因素會影響蔬菜的生長'}, {'🙅🏻這個想法不能解釋':'我不太清楚記錄蔬菜的成長過程有什麼用'}, {'📄舉例和參考來源':'我們可以參考一些種菜的書籍或網站，了解如何動手來種菜'}, {'💡我的想法':'我知道有一本叫做《種菜入門》的書可以參考'}, {'🧐我覺得更好的想法':'我們可以問問家裡有種菜經驗的人，他們可能有一些實用的建議'}, {'❓我想知道':'有沒有其他的參考來源可以推薦呢？'}, {'💡我的想法':'我覺得可以去圖書館找一些關於種菜的書籍'}, {'✍🏻我的總結':'我們可以觀察種子的外型、了解蔬菜的播種方式，並記錄蔬菜的成長過程來學習如何動手來種菜'}]",{'蔬菜的播種方式有直播和育苗盤播，你們知道這兩種方式的差別嗎？': 1},蔬菜的播種方式有直播和育苗盤播，你們知道這兩種方式的差別嗎？,1,1
如何動手來種菜？,1. 觀察種子的外型 2. 蔬菜的播種方式 3. 記錄蔬菜的成長過程,"[{'種子的外型':'大家有沒有注意到種子的外型有什麼特別之處呢？'}, {'💡我的想法':'我覺得種子的外型會影響到它的生長方式'}, {'🧐我覺得更好的想法':'種子的外型可能跟它的種植環境有關'}, {'❓我想知道':'種子的外型和它的生長有什麼關係呢？'}, {'蔬菜的播種方式':'大家知道蔬菜的播種方式有哪些嗎？'}, {'💡我的想法':'我知道有直播和育苗的方式'}, {'🧐我覺得更好的想法':'蔬菜的播種方式可能會因為不同的蔬菜而有所不同'}, {'❓我想知道':'不同的蔬菜播種方式有什麼不同之處呢？'}, {'記錄蔬菜的成長過程':'在種菜的過程中，我們可以記錄蔬菜的成長過程'}, {'💡我的想法':'我覺得記錄蔬菜的成長過程可以幫助我們了解蔬菜的生長情況'}, {'🧐我覺得更好的想法':'記錄蔬菜的成長過程可以讓我們觀察到蔬菜的變化'}, {'❓我想知道':'記錄蔬菜的成長過程有什麼好處呢？'}, {'💡我的想法':'我覺得記錄蔬菜的成長過程可以讓我們知道哪些因素會影響蔬菜的生長'}, {'🙅🏻這個想法不能解釋':'我不太清楚記錄蔬菜的成長過程有什麼用'}, {'📄舉例和參考來源':'我們可以參考一些種菜的書籍或網站，了解如何動手來種菜'}, {'💡我的想法':'我知道有一本叫做《種菜入門》的書可以參考'}, {'🧐我覺得更好的想法':'我們可以問問家裡有種菜經驗的人，他們可能有一些實用的建議'}, {'❓我想知道':'有沒有其他的參考來源可以推薦呢？'}, {'💡我的想法':'我覺得可以去圖書館找一些關於種菜的書籍'}, {'✍🏻我的總結':'我們可以觀察種子的外型、了解蔬菜的播種方式，並記錄蔬菜的成長過程來學習如何動手來種菜'}]",{'我昨天去買了一件新衣服，好漂亮': 0},我昨天去買了一件新衣服，好漂亮,0,0
如何動手來種菜？,1. 觀察種子的外型 2. 蔬菜的播種方式 3. 記錄蔬菜的成長過程,"[{'種子的外型':'大家有沒有注意到種子的外型有什麼特別之處呢？'}, {'💡我的想法':'我覺得種子的外型會影響到它的生長方式'}, {'🧐我覺得更好的想法':'種子的外型可能跟它的種植環境有關'}, {'❓我想知道':'種子的外型和它的生長有什麼關係呢？'}, {'蔬菜的播種方式':'大家知道蔬菜的播種方式有哪些嗎？'}, {'💡我的想法':'我知道有直播和育苗的方式'}, {'🧐我覺得更好的想法':'蔬菜的播種方式可能會因為不同的蔬菜而有所不同'}, {'❓我想知道':'不同的蔬菜播種方式有什麼不同之處呢？'}, {'記錄蔬菜的成長過程':'在種菜的過程中，我們可以記錄蔬菜的成長過程'}, {'💡我的想法':'我覺得記錄蔬菜的成長過程可以幫助我們了解蔬菜的生長情況'}, {'🧐我覺得更好的想法':'記錄蔬菜的成長過程可以讓我們觀察到蔬菜的變化'}, {'❓我想知道':'記錄蔬菜的成長過程有什麼好處呢？'}, {'💡我的想法':'我覺得記錄蔬菜的成長過程可以讓我們知道哪些因素會影響蔬菜的生長'}, {'🙅🏻這個想法不能解釋':'我不太清楚記錄蔬菜的成長過程有什麼用'}, {'📄舉例和參考來源':'我們可以參考一些種菜的書籍或網站，了解如何動手來種菜'}, {'💡我的想法':'我知道有一本叫做《種菜入門》的書可以參考'}, {'🧐我覺得更好的想法':'我們可以問問家裡有種菜經驗的人，他們可能有一些實用的建議'}, {'❓我想知道':'有沒有其他的參考來源可以推薦呢？'}, {'💡我的想法':'我覺得可以去圖書館找一些關於種菜的書籍'}, {'✍🏻我的總結':'我們可以觀察種子的外型、了解蔬菜的播種方式，並記錄蔬菜的成長過程來學習如何動手來種菜'}]",{'記錄蔬菜的成長過程可以用攝影機拍下來，或是寫下每天的觀察紀錄': 1},記錄蔬菜的成長過程可以用攝影機拍下來，或是寫下每天的觀察紀錄,1,1
如何動手來種菜？,1. 觀察種子的外型 2. 蔬菜的播種方式 3. 記錄蔬菜的成長過程,"[{'種子的外型':'大家有沒有注意到種子的外型有什麼特別之處呢？'}, {'💡我的想法':'我覺得種子的外型會影響到它的生長方式'}, {'🧐我覺得更好的想法':'種子的外型可能跟它的種植環境有關'}, {'❓我想知道':'種子的外型和它的生長有什麼關係呢？'}, {'蔬菜的播種方式':'大家知道蔬菜的播種方式有哪些嗎？'}, {'💡我的想法':'我知道有直播和育苗的方式'}, {'🧐我覺得更好的想法':'蔬菜的播種方式可能會因為不同的蔬菜而有所不同'}, {'❓我想知道':'不同的蔬菜播種方式有什麼不同之處呢？'}, {'記錄蔬菜的成長過程':'在種菜的過程中，我們可以記錄蔬菜的成長過程'}, {'💡我的想法':'我覺得記錄蔬菜的成長過程可以幫助我們了解蔬菜的生長情況'}, {'🧐我覺得更好的想法':'記錄蔬菜的成長過程可以讓我們觀察到蔬菜的變化'}, {'❓我想知道':'記錄蔬菜的成長過程有什麼好處呢？'}, {'💡我的想法':'我覺得記錄蔬菜的成長過程可以讓我們知道哪些因素會影響蔬菜的生長'}, {'🙅🏻這個想法不能解釋':'我不太清楚記錄蔬菜的成長過程有什麼用'}, {'📄舉例和參考來源':'我們可以參考一些種菜的書籍或網站，了解如何動手來種菜'}, {'💡我的想法':'我知道有一本叫做《種菜入門》的書可以參考'}, {'🧐我覺得更好的想法':'我們可以問問家裡有種菜經驗的人，他們可能有一些實用的建議'}, {'❓我想知道':'有沒有其他的參考來源可以推薦呢？'}, {'💡我的想法':'我覺得可以去圖書館找一些關於種菜的書籍'}, {'✍🏻我的總結':'我們可以觀察種子的外型、了解蔬菜的播種方式，並記錄蔬菜的成長過程來學習如何動手來種菜'}]",{'我最近在學習彈吉他，覺得很有趣': 0},我最近在學習彈吉他，覺得很有趣,0,0
如何動手來種菜？,1. 觀察種子的外型 2. 蔬菜的播種方式 3. 記錄蔬菜的成長過程,"[{'種子的外型':'大家有沒有注意到種子的外型有什麼特別之處呢？'}, {'💡我的想法':'我覺得種子的外型會影響到它的生長方式'}, {'🧐我覺得更好的想法':'種子的外型可能跟它的種植環境有關'}, {'❓我想知道':'種子的外型和它的生長有什麼關係呢？'}, {'蔬菜的播種方式':'大家知道蔬菜的播種方式有哪些嗎？'}, {'💡我的想法':'我知道有直播和育苗的方式'}, {'🧐我覺得更好的想法':'蔬菜的播種方式可能會因為不同的蔬菜而有所不同'}, {'❓我想知道':'不同的蔬菜播種方式有什麼不同之處呢？'}, {'記錄蔬菜的成長過程':'在種菜的過程中，我們可以記錄蔬菜的成長過程'}, {'💡我的想法':'我覺得記錄蔬菜的成長過程可以幫助我們了解蔬菜的生長情況'}, {'🧐我覺得更好的想法':'記錄蔬菜的成長過程可以讓我們觀察到蔬菜的變化'}, {'❓我想知道':'記錄蔬菜的成長過程有什麼好處呢？'}, {'💡我的想法':'我覺得記錄蔬菜的成長過程可以讓我們知道哪些因素會影響蔬菜的生長'}, {'🙅🏻這個想法不能解釋':'我不太清楚記錄蔬菜的成長過程有什麼用'}, {'📄舉例和參考來源':'我們可以參考一些種菜的書籍或網站，了解如何動手來種菜'}, {'💡我的想法':'我知道有一本叫做《種菜入門》的書可以參考'}, {'🧐我覺得更好的想法':'我們可以問問家裡有種菜經驗的人，他們可能有一些實用的建議'}, {'❓我想知道':'有沒有其他的參考來源可以推薦呢？'}, {'💡我的想法':'我覺得可以去圖書館找一些關於種菜的書籍'}, {'✍🏻我的總結':'我們可以觀察種子的外型、了解蔬菜的播種方式，並記錄蔬菜的成長過程來學習如何動手來種菜'}]",{'種子需要什麼樣的環境才能發芽呢？': 1},種子需要什麼樣的環境才能發芽呢？,1,0
如何動手來種菜？,1. 觀察種子的外型 2. 蔬菜的播種方式 3. 記錄蔬菜的成長過程,"[{'種子的外型':'大家有沒有注意到種子的外型有什麼特別之處呢？'}, {'💡我的想法':'我覺得種子的外型會影響到它的生長方式'}, {'🧐我覺得更好的想法':'種子的外型可能跟它的種植環境有關'}, {'❓我想知道':'種子的外型和它的生長有什麼關係呢？'}, {'蔬菜的播種方式':'大家知道蔬菜的播種方式有哪些嗎？'}, {'💡我的想法':'我知道有直播和育苗的方式'}, {'🧐我覺得更好的想法':'蔬菜的播種方式可能會因為不同的蔬菜而有所不同'}, {'❓我想知道':'不同的蔬菜播種方式有什麼不同之處呢？'}, {'記錄蔬菜的成長過程':'在種菜的過程中，我們可以記錄蔬菜的成長過程'}, {'💡我的想法':'我覺得記錄蔬菜的成長過程可以幫助我們了解蔬菜的生長情況'}, {'🧐我覺得更好的想法':'記錄蔬菜的成長過程可以讓我們觀察到蔬菜的變化'}, {'❓我想知道':'記錄蔬菜的成長過程有什麼好處呢？'}, {'💡我的想法':'我覺得記錄蔬菜的成長過程可以讓我們知道哪些因素會影響蔬菜的生長'}, {'🙅🏻這個想法不能解釋':'我不太清楚記錄蔬菜的成長過程有什麼用'}, {'📄舉例和參考來源':'我們可以參考一些種菜的書籍或網站，了解如何動手來種菜'}, {'💡我的想法':'我知道有一本叫做《種菜入門》的書可以參考'}, {'🧐我覺得更好的想法':'我們可以問問家裡有種菜經驗的人，他們可能有一些實用的建議'}, {'❓我想知道':'有沒有其他的參考來源可以推薦呢？'}, {'💡我的想法':'我覺得可以去圖書館找一些關於種菜的書籍'}, {'✍🏻我的總結':'我們可以觀察種子的外型、了解蔬菜的播種方式，並記錄蔬菜的成長過程來學習如何動手來種菜'}]",{'我昨天去吃了一家新開的餐廳，菜色很好吃': 0},我昨天去吃了一家新開的餐廳，菜色很好吃,0,0
如何動手來種菜？,1. 觀察種子的外型 2. 蔬菜的播種方式 3. 記錄蔬菜的成長過程,"[{'種子的外型':'大家有沒有注意到種子的外型有什麼特別之處呢？'}, {'💡我的想法':'我覺得種子的外型會影響到它的生長方式'}, {'🧐我覺得更好的想法':'種子的外型可能跟它的種植環境有關'}, {'❓我想知道':'種子的外型和它的生長有什麼關係呢？'}, {'蔬菜的播種方式':'大家知道蔬菜的播種方式有哪些嗎？'}, {'💡我的想法':'我知道有直播和育苗的方式'}, {'🧐我覺得更好的想法':'蔬菜的播種方式可能會因為不同的蔬菜而有所不同'}, {'❓我想知道':'不同的蔬菜播種方式有什麼不同之處呢？'}, {'記錄蔬菜的成長過程':'在種菜的過程中，我們可以記錄蔬菜的成長過程'}, {'💡我的想法':'我覺得記錄蔬菜的成長過程可以幫助我們了解蔬菜的生長情況'}, {'🧐我覺得更好的想法':'記錄蔬菜的成長過程可以讓我們觀察到蔬菜的變化'}, {'❓我想知道':'記錄蔬菜的成長過程有什麼好處呢？'}, {'💡我的想法':'我覺得記錄蔬菜的成長過程可以讓我們知道哪些因素會影響蔬菜的生長'}, {'🙅🏻這個想法不能解釋':'我不太清楚記錄蔬菜的成長過程有什麼用'}, {'📄舉例和參考來源':'我們可以參考一些種菜的書籍或網站，了解如何動手來種菜'}, {'💡我的想法':'我知道有一本叫做《種菜入門》的書可以參考'}, {'🧐我覺得更好的想法':'我們可以問問家裡有種菜經驗的人，他們可能有一些實用的建議'}, {'❓我想知道':'有沒有其他的參考來源可以推薦呢？'}, {'💡我的想法':'我覺得可以去圖書館找一些關於種菜的書籍'}, {'✍🏻我的總結':'我們可以觀察種子的外型、了解蔬菜的播種方式，並記錄蔬菜的成長過程來學習如何動手來種菜'}]",{'種菜的時候要注意什麼呢？': 1},種菜的時候要注意什麼呢？,1,1
如何動手來種菜？,1. 觀察種子的外型 2. 蔬菜的播種方式 3. 記錄蔬菜的成長過程,"[{'種子的外型':'大家有沒有注意到種子的外型有什麼特別之處呢？'}, {'💡我的想法':'我覺得種子的外型會影響到它的生長方式'}, {'🧐我覺得更好的想法':'種子的外型可能跟它的種植環境有關'}, {'❓我想知道':'種子的外型和它的生長有什麼關係呢？'}, {'蔬菜的播種方式':'大家知道蔬菜的播種方式有哪些嗎？'}, {'💡我的想法':'我知道有直播和育苗的方式'}, {'🧐我覺得更好的想法':'蔬菜的播種方式可能會因為不同的蔬菜而有所不同'}, {'❓我想知道':'不同的蔬菜播種方式有什麼不同之處呢？'}, {'記錄蔬菜的成長過程':'在種菜的過程中，我們可以記錄蔬菜的成長過程'}, {'💡我的想法':'我覺得記錄蔬菜的成長過程可以幫助我們了解蔬菜的生長情況'}, {'🧐我覺得更好的想法':'記錄蔬菜的成長過程可以讓我們觀察到蔬菜的變化'}, {'❓我想知道':'記錄蔬菜的成長過程有什麼好處呢？'}, {'💡我的想法':'我覺得記錄蔬菜的成長過程可以讓我們知道哪些因素會影響蔬菜的生長'}, {'🙅🏻這個想法不能解釋':'我不太清楚記錄蔬菜的成長過程有什麼用'}, {'📄舉例和參考來源':'我們可以參考一些種菜的書籍或網站，了解如何動手來種菜'}, {'💡我的想法':'我知道有一本叫做《種菜入門》的書可以參考'}, {'🧐我覺得更好的想法':'我們可以問問家裡有種菜經驗的人，他們可能有一些實用的建議'}, {'❓我想知道':'有沒有其他的參考來源可以推薦呢？'}, {'💡我的想法':'我覺得可以去圖書館找一些關於種菜的書籍'}, {'✍🏻我的總結':'我們可以觀察種子的外型、了解蔬菜的播種方式，並記錄蔬菜的成長過程來學習如何動手來種菜'}]",{'我最近在讀一本很有趣的小說，推薦給大家': 0},我最近在讀一本很有趣的小說，推薦給大家,0,0
如何照顧蔬菜？,1. 水及養分對蔬菜生長的影響 2. 蔬菜的向光性 3. 蔬苗與病蟲害防治,"[{'如何照顧蔬菜？':'大家有什麼想法嗎？'}, {'💡水和養分對蔬菜生長的影響':'我覺得水和養分對蔬菜生長很重要'}, {'🧐我覺得更好的想法':'我覺得蔬菜需要適量的水和適當的養分才能生長得好'}, {'❓我想知道':'那麼，蔬菜需要多少水和養分呢？'}, {'🙅🏻這個想法不能解釋':'我不同意，蔬菜需要的水和養分應該是不同的'}, {'📄舉例和參考來源':'我查到一個網站說，蔬菜每天需要大約1-2公升的水'}, {'💡水和養分對蔬菜生長的影響':'我同意，水和養分對蔬菜生長很重要'}, {'💡蔬菜的向光性':'我想到一個問題，蔬菜的向光性是什麼意思？'}, {'❓我想知道':'蔬菜的向光性是指蔬菜會向陽光的方向生長'}, {'🧐我覺得更好的想法':'我覺得蔬菜的向光性是因為它們需要陽光進行光合作用'}, {'❓我想知道':'那麼，蔬菜需要多少陽光呢？'}, {'🙅🏻這個想法不能解釋':'我不同意，蔬菜的向光性應該是因為它們需要陽光照射到葉子上'}, {'📄舉例和參考來源':'我查到一個網站說，蔬菜每天需要大約6-8小時的陽光'}, {'💡蔬苗與病蟲害防治':'我想到一個問題，蔬菜的蔬苗與病蟲害防治有什麼關係？'}, {'❓我想知道':'蔬苗與病蟲害防治是指如何預防蔬菜被病蟲害侵害'}, {'🧐我覺得更好的想法':'我覺得蔬苗與病蟲害防治是指如何保護蔬菜的健康成長'}, {'❓我想知道':'那麼，有什麼方法可以預防蔬菜被病蟲害侵害呢？'}, {'🙅🏻這個想法不能解釋':'我不同意，蔬苗與病蟲害防治應該是指如何治療蔬菜的病蟲害'}, {'📄舉例和參考來源':'我查到一個網站說，可以使用有機農藥或者定期檢查蔬菜的健康狀況來預防病蟲害'}, {'✍🏻我的總結':'所以，照顧蔬菜需要給予適量的水和養分，並且讓蔬菜接受適當的陽光照射，同時要注意蔬菜的健康狀況，預防病蟲害的發生'}]",{'我們可以給蔬菜提供足夠的水和養分，這樣它們就能健康生長了': 1},我們可以給蔬菜提供足夠的水和養分，這樣它們就能健康生長了,1,1
如何照顧蔬菜？,1. 水及養分對蔬菜生長的影響 2. 蔬菜的向光性 3. 蔬苗與病蟲害防治,"[{'如何照顧蔬菜？':'大家有什麼想法嗎？'}, {'💡水和養分對蔬菜生長的影響':'我覺得水和養分對蔬菜生長很重要'}, {'🧐我覺得更好的想法':'我覺得蔬菜需要適量的水和適當的養分才能生長得好'}, {'❓我想知道':'那麼，蔬菜需要多少水和養分呢？'}, {'🙅🏻這個想法不能解釋':'我不同意，蔬菜需要的水和養分應該是不同的'}, {'📄舉例和參考來源':'我查到一個網站說，蔬菜每天需要大約1-2公升的水'}, {'💡水和養分對蔬菜生長的影響':'我同意，水和養分對蔬菜生長很重要'}, {'💡蔬菜的向光性':'我想到一個問題，蔬菜的向光性是什麼意思？'}, {'❓我想知道':'蔬菜的向光性是指蔬菜會向陽光的方向生長'}, {'🧐我覺得更好的想法':'我覺得蔬菜的向光性是因為它們需要陽光進行光合作用'}, {'❓我想知道':'那麼，蔬菜需要多少陽光呢？'}, {'🙅🏻這個想法不能解釋':'我不同意，蔬菜的向光性應該是因為它們需要陽光照射到葉子上'}, {'📄舉例和參考來源':'我查到一個網站說，蔬菜每天需要大約6-8小時的陽光'}, {'💡蔬苗與病蟲害防治':'我想到一個問題，蔬菜的蔬苗與病蟲害防治有什麼關係？'}, {'❓我想知道':'蔬苗與病蟲害防治是指如何預防蔬菜被病蟲害侵害'}, {'🧐我覺得更好的想法':'我覺得蔬苗與病蟲害防治是指如何保護蔬菜的健康成長'}, {'❓我想知道':'那麼，有什麼方法可以預防蔬菜被病蟲害侵害呢？'}, {'🙅🏻這個想法不能解釋':'我不同意，蔬苗與病蟲害防治應該是指如何治療蔬菜的病蟲害'}, {'📄舉例和參考來源':'我查到一個網站說，可以使用有機農藥或者定期檢查蔬菜的健康狀況來預防病蟲害'}, {'✍🏻我的總結':'所以，照顧蔬菜需要給予適量的水和養分，並且讓蔬菜接受適當的陽光照射，同時要注意蔬菜的健康狀況，預防病蟲害的發生'}]",{'蔬菜的向光性是指它們會朝向光源生長，所以我們要確保它們能接收到足夠的陽光': 1},蔬菜的向光性是指它們會朝向光源生長，所以我們要確保它們能接收到足夠的陽光,1,1
如何照顧蔬菜？,1. 水及養分對蔬菜生長的影響 2. 蔬菜的向光性 3. 蔬苗與病蟲害防治,"[{'如何照顧蔬菜？':'大家有什麼想法嗎？'}, {'💡水和養分對蔬菜生長的影響':'我覺得水和養分對蔬菜生長很重要'}, {'🧐我覺得更好的想法':'我覺得蔬菜需要適量的水和適當的養分才能生長得好'}, {'❓我想知道':'那麼，蔬菜需要多少水和養分呢？'}, {'🙅🏻這個想法不能解釋':'我不同意，蔬菜需要的水和養分應該是不同的'}, {'📄舉例和參考來源':'我查到一個網站說，蔬菜每天需要大約1-2公升的水'}, {'💡水和養分對蔬菜生長的影響':'我同意，水和養分對蔬菜生長很重要'}, {'💡蔬菜的向光性':'我想到一個問題，蔬菜的向光性是什麼意思？'}, {'❓我想知道':'蔬菜的向光性是指蔬菜會向陽光的方向生長'}, {'🧐我覺得更好的想法':'我覺得蔬菜的向光性是因為它們需要陽光進行光合作用'}, {'❓我想知道':'那麼，蔬菜需要多少陽光呢？'}, {'🙅🏻這個想法不能解釋':'我不同意，蔬菜的向光性應該是因為它們需要陽光照射到葉子上'}, {'📄舉例和參考來源':'我查到一個網站說，蔬菜每天需要大約6-8小時的陽光'}, {'💡蔬苗與病蟲害防治':'我想到一個問題，蔬菜的蔬苗與病蟲害防治有什麼關係？'}, {'❓我想知道':'蔬苗與病蟲害防治是指如何預防蔬菜被病蟲害侵害'}, {'🧐我覺得更好的想法':'我覺得蔬苗與病蟲害防治是指如何保護蔬菜的健康成長'}, {'❓我想知道':'那麼，有什麼方法可以預防蔬菜被病蟲害侵害呢？'}, {'🙅🏻這個想法不能解釋':'我不同意，蔬苗與病蟲害防治應該是指如何治療蔬菜的病蟲害'}, {'📄舉例和參考來源':'我查到一個網站說，可以使用有機農藥或者定期檢查蔬菜的健康狀況來預防病蟲害'}, {'✍🏻我的總結':'所以，照顧蔬菜需要給予適量的水和養分，並且讓蔬菜接受適當的陽光照射，同時要注意蔬菜的健康狀況，預防病蟲害的發生'}]",{'蔬菜的生長需要適當的溫度和濕度，我們可以使用溫度計和濕度計來監測環境條件': 1},蔬菜的生長需要適當的溫度和濕度，我們可以使用溫度計和濕度計來監測環境條件,1,1
如何照顧蔬菜？,1. 水及養分對蔬菜生長的影響 2. 蔬菜的向光性 3. 蔬苗與病蟲害防治,"[{'如何照顧蔬菜？':'大家有什麼想法嗎？'}, {'💡水和養分對蔬菜生長的影響':'我覺得水和養分對蔬菜生長很重要'}, {'🧐我覺得更好的想法':'我覺得蔬菜需要適量的水和適當的養分才能生長得好'}, {'❓我想知道':'那麼，蔬菜需要多少水和養分呢？'}, {'🙅🏻這個想法不能解釋':'我不同意，蔬菜需要的水和養分應該是不同的'}, {'📄舉例和參考來源':'我查到一個網站說，蔬菜每天需要大約1-2公升的水'}, {'💡水和養分對蔬菜生長的影響':'我同意，水和養分對蔬菜生長很重要'}, {'💡蔬菜的向光性':'我想到一個問題，蔬菜的向光性是什麼意思？'}, {'❓我想知道':'蔬菜的向光性是指蔬菜會向陽光的方向生長'}, {'🧐我覺得更好的想法':'我覺得蔬菜的向光性是因為它們需要陽光進行光合作用'}, {'❓我想知道':'那麼，蔬菜需要多少陽光呢？'}, {'🙅🏻這個想法不能解釋':'我不同意，蔬菜的向光性應該是因為它們需要陽光照射到葉子上'}, {'📄舉例和參考來源':'我查到一個網站說，蔬菜每天需要大約6-8小時的陽光'}, {'💡蔬苗與病蟲害防治':'我想到一個問題，蔬菜的蔬苗與病蟲害防治有什麼關係？'}, {'❓我想知道':'蔬苗與病蟲害防治是指如何預防蔬菜被病蟲害侵害'}, {'🧐我覺得更好的想法':'我覺得蔬苗與病蟲害防治是指如何保護蔬菜的健康成長'}, {'❓我想知道':'那麼，有什麼方法可以預防蔬菜被病蟲害侵害呢？'}, {'🙅🏻這個想法不能解釋':'我不同意，蔬苗與病蟲害防治應該是指如何治療蔬菜的病蟲害'}, {'📄舉例和參考來源':'我查到一個網站說，可以使用有機農藥或者定期檢查蔬菜的健康狀況來預防病蟲害'}, {'✍🏻我的總結':'所以，照顧蔬菜需要給予適量的水和養分，並且讓蔬菜接受適當的陽光照射，同時要注意蔬菜的健康狀況，預防病蟲害的發生'}]",{'蔬菜的根部需要充足的通氣空間，所以我們要選擇適合的容器或土壤來種植': 1},蔬菜的根部需要充足的通氣空間，所以我們要選擇適合的容器或土壤來種植,1,1
如何照顧蔬菜？,1. 水及養分對蔬菜生長的影響 2. 蔬菜的向光性 3. 蔬苗與病蟲害防治,"[{'如何照顧蔬菜？':'大家有什麼想法嗎？'}, {'💡水和養分對蔬菜生長的影響':'我覺得水和養分對蔬菜生長很重要'}, {'🧐我覺得更好的想法':'我覺得蔬菜需要適量的水和適當的養分才能生長得好'}, {'❓我想知道':'那麼，蔬菜需要多少水和養分呢？'}, {'🙅🏻這個想法不能解釋':'我不同意，蔬菜需要的水和養分應該是不同的'}, {'📄舉例和參考來源':'我查到一個網站說，蔬菜每天需要大約1-2公升的水'}, {'💡水和養分對蔬菜生長的影響':'我同意，水和養分對蔬菜生長很重要'}, {'💡蔬菜的向光性':'我想到一個問題，蔬菜的向光性是什麼意思？'}, {'❓我想知道':'蔬菜的向光性是指蔬菜會向陽光的方向生長'}, {'🧐我覺得更好的想法':'我覺得蔬菜的向光性是因為它們需要陽光進行光合作用'}, {'❓我想知道':'那麼，蔬菜需要多少陽光呢？'}, {'🙅🏻這個想法不能解釋':'我不同意，蔬菜的向光性應該是因為它們需要陽光照射到葉子上'}, {'📄舉例和參考來源':'我查到一個網站說，蔬菜每天需要大約6-8小時的陽光'}, {'💡蔬苗與病蟲害防治':'我想到一個問題，蔬菜的蔬苗與病蟲害防治有什麼關係？'}, {'❓我想知道':'蔬苗與病蟲害防治是指如何預防蔬菜被病蟲害侵害'}, {'🧐我覺得更好的想法':'我覺得蔬苗與病蟲害防治是指如何保護蔬菜的健康成長'}, {'❓我想知道':'那麼，有什麼方法可以預防蔬菜被病蟲害侵害呢？'}, {'🙅🏻這個想法不能解釋':'我不同意，蔬苗與病蟲害防治應該是指如何治療蔬菜的病蟲害'}, {'📄舉例和參考來源':'我查到一個網站說，可以使用有機農藥或者定期檢查蔬菜的健康狀況來預防病蟲害'}, {'✍🏻我的總結':'所以，照顧蔬菜需要給予適量的水和養分，並且讓蔬菜接受適當的陽光照射，同時要注意蔬菜的健康狀況，預防病蟲害的發生'}]",{'蔬菜的生長過程中可能會受到病蟲害的威脅，我們可以使用有機農藥或採取其他防治措施': 1},蔬菜的生長過程中可能會受到病蟲害的威脅，我們可以使用有機農藥或採取其他防治措施,1,1
如何照顧蔬菜？,1. 水及養分對蔬菜生長的影響 2. 蔬菜的向光性 3. 蔬苗與病蟲害防治,"[{'如何照顧蔬菜？':'大家有什麼想法嗎？'}, {'💡水和養分對蔬菜生長的影響':'我覺得水和養分對蔬菜生長很重要'}, {'🧐我覺得更好的想法':'我覺得蔬菜需要適量的水和適當的養分才能生長得好'}, {'❓我想知道':'那麼，蔬菜需要多少水和養分呢？'}, {'🙅🏻這個想法不能解釋':'我不同意，蔬菜需要的水和養分應該是不同的'}, {'📄舉例和參考來源':'我查到一個網站說，蔬菜每天需要大約1-2公升的水'}, {'💡水和養分對蔬菜生長的影響':'我同意，水和養分對蔬菜生長很重要'}, {'💡蔬菜的向光性':'我想到一個問題，蔬菜的向光性是什麼意思？'}, {'❓我想知道':'蔬菜的向光性是指蔬菜會向陽光的方向生長'}, {'🧐我覺得更好的想法':'我覺得蔬菜的向光性是因為它們需要陽光進行光合作用'}, {'❓我想知道':'那麼，蔬菜需要多少陽光呢？'}, {'🙅🏻這個想法不能解釋':'我不同意，蔬菜的向光性應該是因為它們需要陽光照射到葉子上'}, {'📄舉例和參考來源':'我查到一個網站說，蔬菜每天需要大約6-8小時的陽光'}, {'💡蔬苗與病蟲害防治':'我想到一個問題，蔬菜的蔬苗與病蟲害防治有什麼關係？'}, {'❓我想知道':'蔬苗與病蟲害防治是指如何預防蔬菜被病蟲害侵害'}, {'🧐我覺得更好的想法':'我覺得蔬苗與病蟲害防治是指如何保護蔬菜的健康成長'}, {'❓我想知道':'那麼，有什麼方法可以預防蔬菜被病蟲害侵害呢？'}, {'🙅🏻這個想法不能解釋':'我不同意，蔬苗與病蟲害防治應該是指如何治療蔬菜的病蟲害'}, {'📄舉例和參考來源':'我查到一個網站說，可以使用有機農藥或者定期檢查蔬菜的健康狀況來預防病蟲害'}, {'✍🏻我的總結':'所以，照顧蔬菜需要給予適量的水和養分，並且讓蔬菜接受適當的陽光照射，同時要注意蔬菜的健康狀況，預防病蟲害的發生'}]",{'我昨天去超市買了一些新鮮的蔬菜，打算回家煮一道健康的菜': 0},我昨天去超市買了一些新鮮的蔬菜，打算回家煮一道健康的菜,0,1
如何照顧蔬菜？,1. 水及養分對蔬菜生長的影響 2. 蔬菜的向光性 3. 蔬苗與病蟲害防治,"[{'如何照顧蔬菜？':'大家有什麼想法嗎？'}, {'💡水和養分對蔬菜生長的影響':'我覺得水和養分對蔬菜生長很重要'}, {'🧐我覺得更好的想法':'我覺得蔬菜需要適量的水和適當的養分才能生長得好'}, {'❓我想知道':'那麼，蔬菜需要多少水和養分呢？'}, {'🙅🏻這個想法不能解釋':'我不同意，蔬菜需要的水和養分應該是不同的'}, {'📄舉例和參考來源':'我查到一個網站說，蔬菜每天需要大約1-2公升的水'}, {'💡水和養分對蔬菜生長的影響':'我同意，水和養分對蔬菜生長很重要'}, {'💡蔬菜的向光性':'我想到一個問題，蔬菜的向光性是什麼意思？'}, {'❓我想知道':'蔬菜的向光性是指蔬菜會向陽光的方向生長'}, {'🧐我覺得更好的想法':'我覺得蔬菜的向光性是因為它們需要陽光進行光合作用'}, {'❓我想知道':'那麼，蔬菜需要多少陽光呢？'}, {'🙅🏻這個想法不能解釋':'我不同意，蔬菜的向光性應該是因為它們需要陽光照射到葉子上'}, {'📄舉例和參考來源':'我查到一個網站說，蔬菜每天需要大約6-8小時的陽光'}, {'💡蔬苗與病蟲害防治':'我想到一個問題，蔬菜的蔬苗與病蟲害防治有什麼關係？'}, {'❓我想知道':'蔬苗與病蟲害防治是指如何預防蔬菜被病蟲害侵害'}, {'🧐我覺得更好的想法':'我覺得蔬苗與病蟲害防治是指如何保護蔬菜的健康成長'}, {'❓我想知道':'那麼，有什麼方法可以預防蔬菜被病蟲害侵害呢？'}, {'🙅🏻這個想法不能解釋':'我不同意，蔬苗與病蟲害防治應該是指如何治療蔬菜的病蟲害'}, {'📄舉例和參考來源':'我查到一個網站說，可以使用有機農藥或者定期檢查蔬菜的健康狀況來預防病蟲害'}, {'✍🏻我的總結':'所以，照顧蔬菜需要給予適量的水和養分，並且讓蔬菜接受適當的陽光照射，同時要注意蔬菜的健康狀況，預防病蟲害的發生'}]",{'我最喜歡吃的蔬菜是番茄，它們可以生吃或煮熟都很好吃': 0},我最喜歡吃的蔬菜是番茄，它們可以生吃或煮熟都很好吃,0,1
如何照顧蔬菜？,1. 水及養分對蔬菜生長的影響 2. 蔬菜的向光性 3. 蔬苗與病蟲害防治,"[{'如何照顧蔬菜？':'大家有什麼想法嗎？'}, {'💡水和養分對蔬菜生長的影響':'我覺得水和養分對蔬菜生長很重要'}, {'🧐我覺得更好的想法':'我覺得蔬菜需要適量的水和適當的養分才能生長得好'}, {'❓我想知道':'那麼，蔬菜需要多少水和養分呢？'}, {'🙅🏻這個想法不能解釋':'我不同意，蔬菜需要的水和養分應該是不同的'}, {'📄舉例和參考來源':'我查到一個網站說，蔬菜每天需要大約1-2公升的水'}, {'💡水和養分對蔬菜生長的影響':'我同意，水和養分對蔬菜生長很重要'}, {'💡蔬菜的向光性':'我想到一個問題，蔬菜的向光性是什麼意思？'}, {'❓我想知道':'蔬菜的向光性是指蔬菜會向陽光的方向生長'}, {'🧐我覺得更好的想法':'我覺得蔬菜的向光性是因為它們需要陽光進行光合作用'}, {'❓我想知道':'那麼，蔬菜需要多少陽光呢？'}, {'🙅🏻這個想法不能解釋':'我不同意，蔬菜的向光性應該是因為它們需要陽光照射到葉子上'}, {'📄舉例和參考來源':'我查到一個網站說，蔬菜每天需要大約6-8小時的陽光'}, {'💡蔬苗與病蟲害防治':'我想到一個問題，蔬菜的蔬苗與病蟲害防治有什麼關係？'}, {'❓我想知道':'蔬苗與病蟲害防治是指如何預防蔬菜被病蟲害侵害'}, {'🧐我覺得更好的想法':'我覺得蔬苗與病蟲害防治是指如何保護蔬菜的健康成長'}, {'❓我想知道':'那麼，有什麼方法可以預防蔬菜被病蟲害侵害呢？'}, {'🙅🏻這個想法不能解釋':'我不同意，蔬苗與病蟲害防治應該是指如何治療蔬菜的病蟲害'}, {'📄舉例和參考來源':'我查到一個網站說，可以使用有機農藥或者定期檢查蔬菜的健康狀況來預防病蟲害'}, {'✍🏻我的總結':'所以，照顧蔬菜需要給予適量的水和養分，並且讓蔬菜接受適當的陽光照射，同時要注意蔬菜的健康狀況，預防病蟲害的發生'}]",{'我家附近有一個農場，他們種植了很多不同種類的蔬菜，我們可以去參觀一下': 0},我家附近有一個農場，他們種植了很多不同種類的蔬菜，我們可以去參觀一下,0,1
如何照顧蔬菜？,1. 水及養分對蔬菜生長的影響 2. 蔬菜的向光性 3. 蔬苗與病蟲害防治,"[{'如何照顧蔬菜？':'大家有什麼想法嗎？'}, {'💡水和養分對蔬菜生長的影響':'我覺得水和養分對蔬菜生長很重要'}, {'🧐我覺得更好的想法':'我覺得蔬菜需要適量的水和適當的養分才能生長得好'}, {'❓我想知道':'那麼，蔬菜需要多少水和養分呢？'}, {'🙅🏻這個想法不能解釋':'我不同意，蔬菜需要的水和養分應該是不同的'}, {'📄舉例和參考來源':'我查到一個網站說，蔬菜每天需要大約1-2公升的水'}, {'💡水和養分對蔬菜生長的影響':'我同意，水和養分對蔬菜生長很重要'}, {'💡蔬菜的向光性':'我想到一個問題，蔬菜的向光性是什麼意思？'}, {'❓我想知道':'蔬菜的向光性是指蔬菜會向陽光的方向生長'}, {'🧐我覺得更好的想法':'我覺得蔬菜的向光性是因為它們需要陽光進行光合作用'}, {'❓我想知道':'那麼，蔬菜需要多少陽光呢？'}, {'🙅🏻這個想法不能解釋':'我不同意，蔬菜的向光性應該是因為它們需要陽光照射到葉子上'}, {'📄舉例和參考來源':'我查到一個網站說，蔬菜每天需要大約6-8小時的陽光'}, {'💡蔬苗與病蟲害防治':'我想到一個問題，蔬菜的蔬苗與病蟲害防治有什麼關係？'}, {'❓我想知道':'蔬苗與病蟲害防治是指如何預防蔬菜被病蟲害侵害'}, {'🧐我覺得更好的想法':'我覺得蔬苗與病蟲害防治是指如何保護蔬菜的健康成長'}, {'❓我想知道':'那麼，有什麼方法可以預防蔬菜被病蟲害侵害呢？'}, {'🙅🏻這個想法不能解釋':'我不同意，蔬苗與病蟲害防治應該是指如何治療蔬菜的病蟲害'}, {'📄舉例和參考來源':'我查到一個網站說，可以使用有機農藥或者定期檢查蔬菜的健康狀況來預防病蟲害'}, {'✍🏻我的總結':'所以，照顧蔬菜需要給予適量的水和養分，並且讓蔬菜接受適當的陽光照射，同時要注意蔬菜的健康狀況，預防病蟲害的發生'}]",{'我喜歡吃蔬菜沙拉，裡面可以加入各種顏色的蔬菜，看起來很漂亮': 0},我喜歡吃蔬菜沙拉，裡面可以加入各種顏色的蔬菜，看起來很漂亮,0,1
如何照顧蔬菜？,1. 水及養分對蔬菜生長的影響 2. 蔬菜的向光性 3. 蔬苗與病蟲害防治,"[{'如何照顧蔬菜？':'大家有什麼想法嗎？'}, {'💡水和養分對蔬菜生長的影響':'我覺得水和養分對蔬菜生長很重要'}, {'🧐我覺得更好的想法':'我覺得蔬菜需要適量的水和適當的養分才能生長得好'}, {'❓我想知道':'那麼，蔬菜需要多少水和養分呢？'}, {'🙅🏻這個想法不能解釋':'我不同意，蔬菜需要的水和養分應該是不同的'}, {'📄舉例和參考來源':'我查到一個網站說，蔬菜每天需要大約1-2公升的水'}, {'💡水和養分對蔬菜生長的影響':'我同意，水和養分對蔬菜生長很重要'}, {'💡蔬菜的向光性':'我想到一個問題，蔬菜的向光性是什麼意思？'}, {'❓我想知道':'蔬菜的向光性是指蔬菜會向陽光的方向生長'}, {'🧐我覺得更好的想法':'我覺得蔬菜的向光性是因為它們需要陽光進行光合作用'}, {'❓我想知道':'那麼，蔬菜需要多少陽光呢？'}, {'🙅🏻這個想法不能解釋':'我不同意，蔬菜的向光性應該是因為它們需要陽光照射到葉子上'}, {'📄舉例和參考來源':'我查到一個網站說，蔬菜每天需要大約6-8小時的陽光'}, {'💡蔬苗與病蟲害防治':'我想到一個問題，蔬菜的蔬苗與病蟲害防治有什麼關係？'}, {'❓我想知道':'蔬苗與病蟲害防治是指如何預防蔬菜被病蟲害侵害'}, {'🧐我覺得更好的想法':'我覺得蔬苗與病蟲害防治是指如何保護蔬菜的健康成長'}, {'❓我想知道':'那麼，有什麼方法可以預防蔬菜被病蟲害侵害呢？'}, {'🙅🏻這個想法不能解釋':'我不同意，蔬苗與病蟲害防治應該是指如何治療蔬菜的病蟲害'}, {'📄舉例和參考來源':'我查到一個網站說，可以使用有機農藥或者定期檢查蔬菜的健康狀況來預防病蟲害'}, {'✍🏻我的總結':'所以，照顧蔬菜需要給予適量的水和養分，並且讓蔬菜接受適當的陽光照射，同時要注意蔬菜的健康狀況，預防病蟲害的發生'}]",{'我最近學會了一個新的蔬菜料理，非常好吃，我可以跟大家分享一下食譜': 0},我最近學會了一個新的蔬菜料理，非常好吃，我可以跟大家分享一下食譜,0,1
如何收成蔬菜？,1. 蔬菜的收成,"[{'如何收成蔬菜？':'請發表你們的想法'}, {'💡我的想法':'我覺得收成蔬菜就是把它們從土裡拔出來'}, {'🧐我覺得更好的想法':'我覺得收成蔬菜應該要等它們長大了才拔'}, {'❓我想知道':'那要怎麼知道蔬菜長大了呢？'}, {'💡我的想法':'我想應該要看蔬菜的莖和葉子長得多大'}, {'🙅🏻這個想法不能解釋':'但是有些蔬菜是地下的，我們看不到莖和葉子'}, {'💡我的想法':'對啊，那應該要看蔬菜的根部'}, {'🧐我覺得更好的想法':'我覺得可以看蔬菜的外觀，像是大小和顏色'}, {'❓我想知道':'那要怎麼知道蔬菜的顏色是不是正常的呢？'}, {'💡我的想法':'我想可以參考圖片或者問老師'}, {'📄舉例和參考來源':'我在書上看到，有些蔬菜的顏色會變深'}, {'💡我的想法':'那就是它們成熟了'}, {'❓我想知道':'那要怎麼拔蔬菜呢？'}, {'💡我的想法':'我想可以用手把蔬菜輕輕地拔出來'}, {'🧐我覺得更好的想法':'我覺得可以用小鏟子把土挖開，再拔蔬菜'}, {'❓我想知道':'那要怎麼確保蔬菜不會被傷到呢？'}, {'💡我的想法':'我想可以小心一點，慢慢地拔'}, {'📄舉例和參考來源':'我在網上看到，有些人會用剪刀剪斷蔬菜的莖'}, {'💡我的想法':'那應該是因為蔬菜的根部很深，拔不出來'}, {'❓我想知道':'那要怎麼確定蔬菜的根部是不是很深呢？'}, {'💡我的想法':'我想可以用手輕輕地探一下'}, {'🧐我覺得更好的想法':'我覺得可以用小鏟子挖開土，看看根部的深度'}, {'✍🏻我的總結':'所以，收成蔬菜的方法有很多種，可以根據蔬菜的外觀、大小、顏色和根部的深度來判斷是否成熟，然後小心地拔出來。'}]",{'我們可以根據蔬菜的生長週期來判斷何時收成': 1},我們可以根據蔬菜的生長週期來判斷何時收成,1,1
如何收成蔬菜？,1. 蔬菜的收成,"[{'如何收成蔬菜？':'請發表你們的想法'}, {'💡我的想法':'我覺得收成蔬菜就是把它們從土裡拔出來'}, {'🧐我覺得更好的想法':'我覺得收成蔬菜應該要等它們長大了才拔'}, {'❓我想知道':'那要怎麼知道蔬菜長大了呢？'}, {'💡我的想法':'我想應該要看蔬菜的莖和葉子長得多大'}, {'🙅🏻這個想法不能解釋':'但是有些蔬菜是地下的，我們看不到莖和葉子'}, {'💡我的想法':'對啊，那應該要看蔬菜的根部'}, {'🧐我覺得更好的想法':'我覺得可以看蔬菜的外觀，像是大小和顏色'}, {'❓我想知道':'那要怎麼知道蔬菜的顏色是不是正常的呢？'}, {'💡我的想法':'我想可以參考圖片或者問老師'}, {'📄舉例和參考來源':'我在書上看到，有些蔬菜的顏色會變深'}, {'💡我的想法':'那就是它們成熟了'}, {'❓我想知道':'那要怎麼拔蔬菜呢？'}, {'💡我的想法':'我想可以用手把蔬菜輕輕地拔出來'}, {'🧐我覺得更好的想法':'我覺得可以用小鏟子把土挖開，再拔蔬菜'}, {'❓我想知道':'那要怎麼確保蔬菜不會被傷到呢？'}, {'💡我的想法':'我想可以小心一點，慢慢地拔'}, {'📄舉例和參考來源':'我在網上看到，有些人會用剪刀剪斷蔬菜的莖'}, {'💡我的想法':'那應該是因為蔬菜的根部很深，拔不出來'}, {'❓我想知道':'那要怎麼確定蔬菜的根部是不是很深呢？'}, {'💡我的想法':'我想可以用手輕輕地探一下'}, {'🧐我覺得更好的想法':'我覺得可以用小鏟子挖開土，看看根部的深度'}, {'✍🏻我的總結':'所以，收成蔬菜的方法有很多種，可以根據蔬菜的外觀、大小、顏色和根部的深度來判斷是否成熟，然後小心地拔出來。'}]",{'蔬菜的收成時間會因為不同的種類而有所不同': 1},蔬菜的收成時間會因為不同的種類而有所不同,1,1
如何收成蔬菜？,1. 蔬菜的收成,"[{'如何收成蔬菜？':'請發表你們的想法'}, {'💡我的想法':'我覺得收成蔬菜就是把它們從土裡拔出來'}, {'🧐我覺得更好的想法':'我覺得收成蔬菜應該要等它們長大了才拔'}, {'❓我想知道':'那要怎麼知道蔬菜長大了呢？'}, {'💡我的想法':'我想應該要看蔬菜的莖和葉子長得多大'}, {'🙅🏻這個想法不能解釋':'但是有些蔬菜是地下的，我們看不到莖和葉子'}, {'💡我的想法':'對啊，那應該要看蔬菜的根部'}, {'🧐我覺得更好的想法':'我覺得可以看蔬菜的外觀，像是大小和顏色'}, {'❓我想知道':'那要怎麼知道蔬菜的顏色是不是正常的呢？'}, {'💡我的想法':'我想可以參考圖片或者問老師'}, {'📄舉例和參考來源':'我在書上看到，有些蔬菜的顏色會變深'}, {'💡我的想法':'那就是它們成熟了'}, {'❓我想知道':'那要怎麼拔蔬菜呢？'}, {'💡我的想法':'我想可以用手把蔬菜輕輕地拔出來'}, {'🧐我覺得更好的想法':'我覺得可以用小鏟子把土挖開，再拔蔬菜'}, {'❓我想知道':'那要怎麼確保蔬菜不會被傷到呢？'}, {'💡我的想法':'我想可以小心一點，慢慢地拔'}, {'📄舉例和參考來源':'我在網上看到，有些人會用剪刀剪斷蔬菜的莖'}, {'💡我的想法':'那應該是因為蔬菜的根部很深，拔不出來'}, {'❓我想知道':'那要怎麼確定蔬菜的根部是不是很深呢？'}, {'💡我的想法':'我想可以用手輕輕地探一下'}, {'🧐我覺得更好的想法':'我覺得可以用小鏟子挖開土，看看根部的深度'}, {'✍🏻我的總結':'所以，收成蔬菜的方法有很多種，可以根據蔬菜的外觀、大小、顏色和根部的深度來判斷是否成熟，然後小心地拔出來。'}]",{'我們可以觀察蔬菜的外觀和大小來判斷是否可以收成': 1},我們可以觀察蔬菜的外觀和大小來判斷是否可以收成,1,1
如何收成蔬菜？,1. 蔬菜的收成,"[{'如何收成蔬菜？':'請發表你們的想法'}, {'💡我的想法':'我覺得收成蔬菜就是把它們從土裡拔出來'}, {'🧐我覺得更好的想法':'我覺得收成蔬菜應該要等它們長大了才拔'}, {'❓我想知道':'那要怎麼知道蔬菜長大了呢？'}, {'💡我的想法':'我想應該要看蔬菜的莖和葉子長得多大'}, {'🙅🏻這個想法不能解釋':'但是有些蔬菜是地下的，我們看不到莖和葉子'}, {'💡我的想法':'對啊，那應該要看蔬菜的根部'}, {'🧐我覺得更好的想法':'我覺得可以看蔬菜的外觀，像是大小和顏色'}, {'❓我想知道':'那要怎麼知道蔬菜的顏色是不是正常的呢？'}, {'💡我的想法':'我想可以參考圖片或者問老師'}, {'📄舉例和參考來源':'我在書上看到，有些蔬菜的顏色會變深'}, {'💡我的想法':'那就是它們成熟了'}, {'❓我想知道':'那要怎麼拔蔬菜呢？'}, {'💡我的想法':'我想可以用手把蔬菜輕輕地拔出來'}, {'🧐我覺得更好的想法':'我覺得可以用小鏟子把土挖開，再拔蔬菜'}, {'❓我想知道':'那要怎麼確保蔬菜不會被傷到呢？'}, {'💡我的想法':'我想可以小心一點，慢慢地拔'}, {'📄舉例和參考來源':'我在網上看到，有些人會用剪刀剪斷蔬菜的莖'}, {'💡我的想法':'那應該是因為蔬菜的根部很深，拔不出來'}, {'❓我想知道':'那要怎麼確定蔬菜的根部是不是很深呢？'}, {'💡我的想法':'我想可以用手輕輕地探一下'}, {'🧐我覺得更好的想法':'我覺得可以用小鏟子挖開土，看看根部的深度'}, {'✍🏻我的總結':'所以，收成蔬菜的方法有很多種，可以根據蔬菜的外觀、大小、顏色和根部的深度來判斷是否成熟，然後小心地拔出來。'}]",{'蔬菜的收成時機也會受到氣候和土壤條件的影響': 1},蔬菜的收成時機也會受到氣候和土壤條件的影響,1,1
如何收成蔬菜？,1. 蔬菜的收成,"[{'如何收成蔬菜？':'請發表你們的想法'}, {'💡我的想法':'我覺得收成蔬菜就是把它們從土裡拔出來'}, {'🧐我覺得更好的想法':'我覺得收成蔬菜應該要等它們長大了才拔'}, {'❓我想知道':'那要怎麼知道蔬菜長大了呢？'}, {'💡我的想法':'我想應該要看蔬菜的莖和葉子長得多大'}, {'🙅🏻這個想法不能解釋':'但是有些蔬菜是地下的，我們看不到莖和葉子'}, {'💡我的想法':'對啊，那應該要看蔬菜的根部'}, {'🧐我覺得更好的想法':'我覺得可以看蔬菜的外觀，像是大小和顏色'}, {'❓我想知道':'那要怎麼知道蔬菜的顏色是不是正常的呢？'}, {'💡我的想法':'我想可以參考圖片或者問老師'}, {'📄舉例和參考來源':'我在書上看到，有些蔬菜的顏色會變深'}, {'💡我的想法':'那就是它們成熟了'}, {'❓我想知道':'那要怎麼拔蔬菜呢？'}, {'💡我的想法':'我想可以用手把蔬菜輕輕地拔出來'}, {'🧐我覺得更好的想法':'我覺得可以用小鏟子把土挖開，再拔蔬菜'}, {'❓我想知道':'那要怎麼確保蔬菜不會被傷到呢？'}, {'💡我的想法':'我想可以小心一點，慢慢地拔'}, {'📄舉例和參考來源':'我在網上看到，有些人會用剪刀剪斷蔬菜的莖'}, {'💡我的想法':'那應該是因為蔬菜的根部很深，拔不出來'}, {'❓我想知道':'那要怎麼確定蔬菜的根部是不是很深呢？'}, {'💡我的想法':'我想可以用手輕輕地探一下'}, {'🧐我覺得更好的想法':'我覺得可以用小鏟子挖開土，看看根部的深度'}, {'✍🏻我的總結':'所以，收成蔬菜的方法有很多種，可以根據蔬菜的外觀、大小、顏色和根部的深度來判斷是否成熟，然後小心地拔出來。'}]",{'我們可以使用工具，如剪刀或鏟子，來幫助我們收成蔬菜': 1},我們可以使用工具，如剪刀或鏟子，來幫助我們收成蔬菜,1,1
如何收成蔬菜？,1. 蔬菜的收成,"[{'如何收成蔬菜？':'請發表你們的想法'}, {'💡我的想法':'我覺得收成蔬菜就是把它們從土裡拔出來'}, {'🧐我覺得更好的想法':'我覺得收成蔬菜應該要等它們長大了才拔'}, {'❓我想知道':'那要怎麼知道蔬菜長大了呢？'}, {'💡我的想法':'我想應該要看蔬菜的莖和葉子長得多大'}, {'🙅🏻這個想法不能解釋':'但是有些蔬菜是地下的，我們看不到莖和葉子'}, {'💡我的想法':'對啊，那應該要看蔬菜的根部'}, {'🧐我覺得更好的想法':'我覺得可以看蔬菜的外觀，像是大小和顏色'}, {'❓我想知道':'那要怎麼知道蔬菜的顏色是不是正常的呢？'}, {'💡我的想法':'我想可以參考圖片或者問老師'}, {'📄舉例和參考來源':'我在書上看到，有些蔬菜的顏色會變深'}, {'💡我的想法':'那就是它們成熟了'}, {'❓我想知道':'那要怎麼拔蔬菜呢？'}, {'💡我的想法':'我想可以用手把蔬菜輕輕地拔出來'}, {'🧐我覺得更好的想法':'我覺得可以用小鏟子把土挖開，再拔蔬菜'}, {'❓我想知道':'那要怎麼確保蔬菜不會被傷到呢？'}, {'💡我的想法':'我想可以小心一點，慢慢地拔'}, {'📄舉例和參考來源':'我在網上看到，有些人會用剪刀剪斷蔬菜的莖'}, {'💡我的想法':'那應該是因為蔬菜的根部很深，拔不出來'}, {'❓我想知道':'那要怎麼確定蔬菜的根部是不是很深呢？'}, {'💡我的想法':'我想可以用手輕輕地探一下'}, {'🧐我覺得更好的想法':'我覺得可以用小鏟子挖開土，看看根部的深度'}, {'✍🏻我的總結':'所以，收成蔬菜的方法有很多種，可以根據蔬菜的外觀、大小、顏色和根部的深度來判斷是否成熟，然後小心地拔出來。'}]",{'蔬菜的收成後，我們需要將它們清洗乾淨': 1},蔬菜的收成後，我們需要將它們清洗乾淨,1,1
如何收成蔬菜？,1. 蔬菜的收成,"[{'如何收成蔬菜？':'請發表你們的想法'}, {'💡我的想法':'我覺得收成蔬菜就是把它們從土裡拔出來'}, {'🧐我覺得更好的想法':'我覺得收成蔬菜應該要等它們長大了才拔'}, {'❓我想知道':'那要怎麼知道蔬菜長大了呢？'}, {'💡我的想法':'我想應該要看蔬菜的莖和葉子長得多大'}, {'🙅🏻這個想法不能解釋':'但是有些蔬菜是地下的，我們看不到莖和葉子'}, {'💡我的想法':'對啊，那應該要看蔬菜的根部'}, {'🧐我覺得更好的想法':'我覺得可以看蔬菜的外觀，像是大小和顏色'}, {'❓我想知道':'那要怎麼知道蔬菜的顏色是不是正常的呢？'}, {'💡我的想法':'我想可以參考圖片或者問老師'}, {'📄舉例和參考來源':'我在書上看到，有些蔬菜的顏色會變深'}, {'💡我的想法':'那就是它們成熟了'}, {'❓我想知道':'那要怎麼拔蔬菜呢？'}, {'💡我的想法':'我想可以用手把蔬菜輕輕地拔出來'}, {'🧐我覺得更好的想法':'我覺得可以用小鏟子把土挖開，再拔蔬菜'}, {'❓我想知道':'那要怎麼確保蔬菜不會被傷到呢？'}, {'💡我的想法':'我想可以小心一點，慢慢地拔'}, {'📄舉例和參考來源':'我在網上看到，有些人會用剪刀剪斷蔬菜的莖'}, {'💡我的想法':'那應該是因為蔬菜的根部很深，拔不出來'}, {'❓我想知道':'那要怎麼確定蔬菜的根部是不是很深呢？'}, {'💡我的想法':'我想可以用手輕輕地探一下'}, {'🧐我覺得更好的想法':'我覺得可以用小鏟子挖開土，看看根部的深度'}, {'✍🏻我的總結':'所以，收成蔬菜的方法有很多種，可以根據蔬菜的外觀、大小、顏色和根部的深度來判斷是否成熟，然後小心地拔出來。'}]",{'蔬菜的收成後，我們可以將它們放在冰箱中保存': 1},蔬菜的收成後，我們可以將它們放在冰箱中保存,1,1
如何收成蔬菜？,1. 蔬菜的收成,"[{'如何收成蔬菜？':'請發表你們的想法'}, {'💡我的想法':'我覺得收成蔬菜就是把它們從土裡拔出來'}, {'🧐我覺得更好的想法':'我覺得收成蔬菜應該要等它們長大了才拔'}, {'❓我想知道':'那要怎麼知道蔬菜長大了呢？'}, {'💡我的想法':'我想應該要看蔬菜的莖和葉子長得多大'}, {'🙅🏻這個想法不能解釋':'但是有些蔬菜是地下的，我們看不到莖和葉子'}, {'💡我的想法':'對啊，那應該要看蔬菜的根部'}, {'🧐我覺得更好的想法':'我覺得可以看蔬菜的外觀，像是大小和顏色'}, {'❓我想知道':'那要怎麼知道蔬菜的顏色是不是正常的呢？'}, {'💡我的想法':'我想可以參考圖片或者問老師'}, {'📄舉例和參考來源':'我在書上看到，有些蔬菜的顏色會變深'}, {'💡我的想法':'那就是它們成熟了'}, {'❓我想知道':'那要怎麼拔蔬菜呢？'}, {'💡我的想法':'我想可以用手把蔬菜輕輕地拔出來'}, {'🧐我覺得更好的想法':'我覺得可以用小鏟子把土挖開，再拔蔬菜'}, {'❓我想知道':'那要怎麼確保蔬菜不會被傷到呢？'}, {'💡我的想法':'我想可以小心一點，慢慢地拔'}, {'📄舉例和參考來源':'我在網上看到，有些人會用剪刀剪斷蔬菜的莖'}, {'💡我的想法':'那應該是因為蔬菜的根部很深，拔不出來'}, {'❓我想知道':'那要怎麼確定蔬菜的根部是不是很深呢？'}, {'💡我的想法':'我想可以用手輕輕地探一下'}, {'🧐我覺得更好的想法':'我覺得可以用小鏟子挖開土，看看根部的深度'}, {'✍🏻我的總結':'所以，收成蔬菜的方法有很多種，可以根據蔬菜的外觀、大小、顏色和根部的深度來判斷是否成熟，然後小心地拔出來。'}]",{'蔬菜的收成後，我們可以將它們烹煮或製作成其他食物': 1},蔬菜的收成後，我們可以將它們烹煮或製作成其他食物,1,1
如何收成蔬菜？,1. 蔬菜的收成,"[{'如何收成蔬菜？':'請發表你們的想法'}, {'💡我的想法':'我覺得收成蔬菜就是把它們從土裡拔出來'}, {'🧐我覺得更好的想法':'我覺得收成蔬菜應該要等它們長大了才拔'}, {'❓我想知道':'那要怎麼知道蔬菜長大了呢？'}, {'💡我的想法':'我想應該要看蔬菜的莖和葉子長得多大'}, {'🙅🏻這個想法不能解釋':'但是有些蔬菜是地下的，我們看不到莖和葉子'}, {'💡我的想法':'對啊，那應該要看蔬菜的根部'}, {'🧐我覺得更好的想法':'我覺得可以看蔬菜的外觀，像是大小和顏色'}, {'❓我想知道':'那要怎麼知道蔬菜的顏色是不是正常的呢？'}, {'💡我的想法':'我想可以參考圖片或者問老師'}, {'📄舉例和參考來源':'我在書上看到，有些蔬菜的顏色會變深'}, {'💡我的想法':'那就是它們成熟了'}, {'❓我想知道':'那要怎麼拔蔬菜呢？'}, {'💡我的想法':'我想可以用手把蔬菜輕輕地拔出來'}, {'🧐我覺得更好的想法':'我覺得可以用小鏟子把土挖開，再拔蔬菜'}, {'❓我想知道':'那要怎麼確保蔬菜不會被傷到呢？'}, {'💡我的想法':'我想可以小心一點，慢慢地拔'}, {'📄舉例和參考來源':'我在網上看到，有些人會用剪刀剪斷蔬菜的莖'}, {'💡我的想法':'那應該是因為蔬菜的根部很深，拔不出來'}, {'❓我想知道':'那要怎麼確定蔬菜的根部是不是很深呢？'}, {'💡我的想法':'我想可以用手輕輕地探一下'}, {'🧐我覺得更好的想法':'我覺得可以用小鏟子挖開土，看看根部的深度'}, {'✍🏻我的總結':'所以，收成蔬菜的方法有很多種，可以根據蔬菜的外觀、大小、顏色和根部的深度來判斷是否成熟，然後小心地拔出來。'}]",{'蔬菜的收成後，我們可以將它們分享給家人和朋友': 1},蔬菜的收成後，我們可以將它們分享給家人和朋友,1,1
如何收成蔬菜？,1. 蔬菜的收成,"[{'如何收成蔬菜？':'請發表你們的想法'}, {'💡我的想法':'我覺得收成蔬菜就是把它們從土裡拔出來'}, {'🧐我覺得更好的想法':'我覺得收成蔬菜應該要等它們長大了才拔'}, {'❓我想知道':'那要怎麼知道蔬菜長大了呢？'}, {'💡我的想法':'我想應該要看蔬菜的莖和葉子長得多大'}, {'🙅🏻這個想法不能解釋':'但是有些蔬菜是地下的，我們看不到莖和葉子'}, {'💡我的想法':'對啊，那應該要看蔬菜的根部'}, {'🧐我覺得更好的想法':'我覺得可以看蔬菜的外觀，像是大小和顏色'}, {'❓我想知道':'那要怎麼知道蔬菜的顏色是不是正常的呢？'}, {'💡我的想法':'我想可以參考圖片或者問老師'}, {'📄舉例和參考來源':'我在書上看到，有些蔬菜的顏色會變深'}, {'💡我的想法':'那就是它們成熟了'}, {'❓我想知道':'那要怎麼拔蔬菜呢？'}, {'💡我的想法':'我想可以用手把蔬菜輕輕地拔出來'}, {'🧐我覺得更好的想法':'我覺得可以用小鏟子把土挖開，再拔蔬菜'}, {'❓我想知道':'那要怎麼確保蔬菜不會被傷到呢？'}, {'💡我的想法':'我想可以小心一點，慢慢地拔'}, {'📄舉例和參考來源':'我在網上看到，有些人會用剪刀剪斷蔬菜的莖'}, {'💡我的想法':'那應該是因為蔬菜的根部很深，拔不出來'}, {'❓我想知道':'那要怎麼確定蔬菜的根部是不是很深呢？'}, {'💡我的想法':'我想可以用手輕輕地探一下'}, {'🧐我覺得更好的想法':'我覺得可以用小鏟子挖開土，看看根部的深度'}, {'✍🏻我的總結':'所以，收成蔬菜的方法有很多種，可以根據蔬菜的外觀、大小、顏色和根部的深度來判斷是否成熟，然後小心地拔出來。'}]",{'蔬菜的收成是一個需要耐心和細心的過程': 1},蔬菜的收成是一個需要耐心和細心的過程,1,1
如何收成蔬菜？,1. 蔬菜的收成,"[{'如何收成蔬菜？':'請發表你們的想法'}, {'💡我的想法':'我覺得收成蔬菜就是把它們從土裡拔出來'}, {'🧐我覺得更好的想法':'我覺得收成蔬菜應該要等它們長大了才拔'}, {'❓我想知道':'那要怎麼知道蔬菜長大了呢？'}, {'💡我的想法':'我想應該要看蔬菜的莖和葉子長得多大'}, {'🙅🏻這個想法不能解釋':'但是有些蔬菜是地下的，我們看不到莖和葉子'}, {'💡我的想法':'對啊，那應該要看蔬菜的根部'}, {'🧐我覺得更好的想法':'我覺得可以看蔬菜的外觀，像是大小和顏色'}, {'❓我想知道':'那要怎麼知道蔬菜的顏色是不是正常的呢？'}, {'💡我的想法':'我想可以參考圖片或者問老師'}, {'📄舉例和參考來源':'我在書上看到，有些蔬菜的顏色會變深'}, {'💡我的想法':'那就是它們成熟了'}, {'❓我想知道':'那要怎麼拔蔬菜呢？'}, {'💡我的想法':'我想可以用手把蔬菜輕輕地拔出來'}, {'🧐我覺得更好的想法':'我覺得可以用小鏟子把土挖開，再拔蔬菜'}, {'❓我想知道':'那要怎麼確保蔬菜不會被傷到呢？'}, {'💡我的想法':'我想可以小心一點，慢慢地拔'}, {'📄舉例和參考來源':'我在網上看到，有些人會用剪刀剪斷蔬菜的莖'}, {'💡我的想法':'那應該是因為蔬菜的根部很深，拔不出來'}, {'❓我想知道':'那要怎麼確定蔬菜的根部是不是很深呢？'}, {'💡我的想法':'我想可以用手輕輕地探一下'}, {'🧐我覺得更好的想法':'我覺得可以用小鏟子挖開土，看看根部的深度'}, {'✍🏻我的總結':'所以，收成蔬菜的方法有很多種，可以根據蔬菜的外觀、大小、顏色和根部的深度來判斷是否成熟，然後小心地拔出來。'}]",{'我昨天去海邊玩，玩得好開心啊！': 0},我昨天去海邊玩，玩得好開心啊！,0,0
如何收成蔬菜？,1. 蔬菜的收成,"[{'如何收成蔬菜？':'請發表你們的想法'}, {'💡我的想法':'我覺得收成蔬菜就是把它們從土裡拔出來'}, {'🧐我覺得更好的想法':'我覺得收成蔬菜應該要等它們長大了才拔'}, {'❓我想知道':'那要怎麼知道蔬菜長大了呢？'}, {'💡我的想法':'我想應該要看蔬菜的莖和葉子長得多大'}, {'🙅🏻這個想法不能解釋':'但是有些蔬菜是地下的，我們看不到莖和葉子'}, {'💡我的想法':'對啊，那應該要看蔬菜的根部'}, {'🧐我覺得更好的想法':'我覺得可以看蔬菜的外觀，像是大小和顏色'}, {'❓我想知道':'那要怎麼知道蔬菜的顏色是不是正常的呢？'}, {'💡我的想法':'我想可以參考圖片或者問老師'}, {'📄舉例和參考來源':'我在書上看到，有些蔬菜的顏色會變深'}, {'💡我的想法':'那就是它們成熟了'}, {'❓我想知道':'那要怎麼拔蔬菜呢？'}, {'💡我的想法':'我想可以用手把蔬菜輕輕地拔出來'}, {'🧐我覺得更好的想法':'我覺得可以用小鏟子把土挖開，再拔蔬菜'}, {'❓我想知道':'那要怎麼確保蔬菜不會被傷到呢？'}, {'💡我的想法':'我想可以小心一點，慢慢地拔'}, {'📄舉例和參考來源':'我在網上看到，有些人會用剪刀剪斷蔬菜的莖'}, {'💡我的想法':'那應該是因為蔬菜的根部很深，拔不出來'}, {'❓我想知道':'那要怎麼確定蔬菜的根部是不是很深呢？'}, {'💡我的想法':'我想可以用手輕輕地探一下'}, {'🧐我覺得更好的想法':'我覺得可以用小鏟子挖開土，看看根部的深度'}, {'✍🏻我的總結':'所以，收成蔬菜的方法有很多種，可以根據蔬菜的外觀、大小、顏色和根部的深度來判斷是否成熟，然後小心地拔出來。'}]",{'我最近在學習彈吉他，覺得很有趣': 0},我最近在學習彈吉他，覺得很有趣,0,0
如何收成蔬菜？,1. 蔬菜的收成,"[{'如何收成蔬菜？':'請發表你們的想法'}, {'💡我的想法':'我覺得收成蔬菜就是把它們從土裡拔出來'}, {'🧐我覺得更好的想法':'我覺得收成蔬菜應該要等它們長大了才拔'}, {'❓我想知道':'那要怎麼知道蔬菜長大了呢？'}, {'💡我的想法':'我想應該要看蔬菜的莖和葉子長得多大'}, {'🙅🏻這個想法不能解釋':'但是有些蔬菜是地下的，我們看不到莖和葉子'}, {'💡我的想法':'對啊，那應該要看蔬菜的根部'}, {'🧐我覺得更好的想法':'我覺得可以看蔬菜的外觀，像是大小和顏色'}, {'❓我想知道':'那要怎麼知道蔬菜的顏色是不是正常的呢？'}, {'💡我的想法':'我想可以參考圖片或者問老師'}, {'📄舉例和參考來源':'我在書上看到，有些蔬菜的顏色會變深'}, {'💡我的想法':'那就是它們成熟了'}, {'❓我想知道':'那要怎麼拔蔬菜呢？'}, {'💡我的想法':'我想可以用手把蔬菜輕輕地拔出來'}, {'🧐我覺得更好的想法':'我覺得可以用小鏟子把土挖開，再拔蔬菜'}, {'❓我想知道':'那要怎麼確保蔬菜不會被傷到呢？'}, {'💡我的想法':'我想可以小心一點，慢慢地拔'}, {'📄舉例和參考來源':'我在網上看到，有些人會用剪刀剪斷蔬菜的莖'}, {'💡我的想法':'那應該是因為蔬菜的根部很深，拔不出來'}, {'❓我想知道':'那要怎麼確定蔬菜的根部是不是很深呢？'}, {'💡我的想法':'我想可以用手輕輕地探一下'}, {'🧐我覺得更好的想法':'我覺得可以用小鏟子挖開土，看看根部的深度'}, {'✍🏻我的總結':'所以，收成蔬菜的方法有很多種，可以根據蔬菜的外觀、大小、顏色和根部的深度來判斷是否成熟，然後小心地拔出來。'}]",{'我喜歡吃巧克力冰淇淋，超級好吃的': 0},我喜歡吃巧克力冰淇淋，超級好吃的,0,0
如何收成蔬菜？,1. 蔬菜的收成,"[{'如何收成蔬菜？':'請發表你們的想法'}, {'💡我的想法':'我覺得收成蔬菜就是把它們從土裡拔出來'}, {'🧐我覺得更好的想法':'我覺得收成蔬菜應該要等它們長大了才拔'}, {'❓我想知道':'那要怎麼知道蔬菜長大了呢？'}, {'💡我的想法':'我想應該要看蔬菜的莖和葉子長得多大'}, {'🙅🏻這個想法不能解釋':'但是有些蔬菜是地下的，我們看不到莖和葉子'}, {'💡我的想法':'對啊，那應該要看蔬菜的根部'}, {'🧐我覺得更好的想法':'我覺得可以看蔬菜的外觀，像是大小和顏色'}, {'❓我想知道':'那要怎麼知道蔬菜的顏色是不是正常的呢？'}, {'💡我的想法':'我想可以參考圖片或者問老師'}, {'📄舉例和參考來源':'我在書上看到，有些蔬菜的顏色會變深'}, {'💡我的想法':'那就是它們成熟了'}, {'❓我想知道':'那要怎麼拔蔬菜呢？'}, {'💡我的想法':'我想可以用手把蔬菜輕輕地拔出來'}, {'🧐我覺得更好的想法':'我覺得可以用小鏟子把土挖開，再拔蔬菜'}, {'❓我想知道':'那要怎麼確保蔬菜不會被傷到呢？'}, {'💡我的想法':'我想可以小心一點，慢慢地拔'}, {'📄舉例和參考來源':'我在網上看到，有些人會用剪刀剪斷蔬菜的莖'}, {'💡我的想法':'那應該是因為蔬菜的根部很深，拔不出來'}, {'❓我想知道':'那要怎麼確定蔬菜的根部是不是很深呢？'}, {'💡我的想法':'我想可以用手輕輕地探一下'}, {'🧐我覺得更好的想法':'我覺得可以用小鏟子挖開土，看看根部的深度'}, {'✍🏻我的總結':'所以，收成蔬菜的方法有很多種，可以根據蔬菜的外觀、大小、顏色和根部的深度來判斷是否成熟，然後小心地拔出來。'}]",{'我家有一隻可愛的貓咪，牠很喜歡玩球': 0},我家有一隻可愛的貓咪，牠很喜歡玩球,0,0
如何收成蔬菜？,1. 蔬菜的收成,"[{'如何收成蔬菜？':'請發表你們的想法'}, {'💡我的想法':'我覺得收成蔬菜就是把它們從土裡拔出來'}, {'🧐我覺得更好的想法':'我覺得收成蔬菜應該要等它們長大了才拔'}, {'❓我想知道':'那要怎麼知道蔬菜長大了呢？'}, {'💡我的想法':'我想應該要看蔬菜的莖和葉子長得多大'}, {'🙅🏻這個想法不能解釋':'但是有些蔬菜是地下的，我們看不到莖和葉子'}, {'💡我的想法':'對啊，那應該要看蔬菜的根部'}, {'🧐我覺得更好的想法':'我覺得可以看蔬菜的外觀，像是大小和顏色'}, {'❓我想知道':'那要怎麼知道蔬菜的顏色是不是正常的呢？'}, {'💡我的想法':'我想可以參考圖片或者問老師'}, {'📄舉例和參考來源':'我在書上看到，有些蔬菜的顏色會變深'}, {'💡我的想法':'那就是它們成熟了'}, {'❓我想知道':'那要怎麼拔蔬菜呢？'}, {'💡我的想法':'我想可以用手把蔬菜輕輕地拔出來'}, {'🧐我覺得更好的想法':'我覺得可以用小鏟子把土挖開，再拔蔬菜'}, {'❓我想知道':'那要怎麼確保蔬菜不會被傷到呢？'}, {'💡我的想法':'我想可以小心一點，慢慢地拔'}, {'📄舉例和參考來源':'我在網上看到，有些人會用剪刀剪斷蔬菜的莖'}, {'💡我的想法':'那應該是因為蔬菜的根部很深，拔不出來'}, {'❓我想知道':'那要怎麼確定蔬菜的根部是不是很深呢？'}, {'💡我的想法':'我想可以用手輕輕地探一下'}, {'🧐我覺得更好的想法':'我覺得可以用小鏟子挖開土，看看根部的深度'}, {'✍🏻我的總結':'所以，收成蔬菜的方法有很多種，可以根據蔬菜的外觀、大小、顏色和根部的深度來判斷是否成熟，然後小心地拔出來。'}]",{'我們可以使用鏟子來挖掘土壤，幫助蔬菜生長': 0},我們可以使用鏟子來挖掘土壤，幫助蔬菜生長,0,1
如何收成蔬菜？,1. 蔬菜的收成,"[{'如何收成蔬菜？':'請發表你們的想法'}, {'💡我的想法':'我覺得收成蔬菜就是把它們從土裡拔出來'}, {'🧐我覺得更好的想法':'我覺得收成蔬菜應該要等它們長大了才拔'}, {'❓我想知道':'那要怎麼知道蔬菜長大了呢？'}, {'💡我的想法':'我想應該要看蔬菜的莖和葉子長得多大'}, {'🙅🏻這個想法不能解釋':'但是有些蔬菜是地下的，我們看不到莖和葉子'}, {'💡我的想法':'對啊，那應該要看蔬菜的根部'}, {'🧐我覺得更好的想法':'我覺得可以看蔬菜的外觀，像是大小和顏色'}, {'❓我想知道':'那要怎麼知道蔬菜的顏色是不是正常的呢？'}, {'💡我的想法':'我想可以參考圖片或者問老師'}, {'📄舉例和參考來源':'我在書上看到，有些蔬菜的顏色會變深'}, {'💡我的想法':'那就是它們成熟了'}, {'❓我想知道':'那要怎麼拔蔬菜呢？'}, {'💡我的想法':'我想可以用手把蔬菜輕輕地拔出來'}, {'🧐我覺得更好的想法':'我覺得可以用小鏟子把土挖開，再拔蔬菜'}, {'❓我想知道':'那要怎麼確保蔬菜不會被傷到呢？'}, {'💡我的想法':'我想可以小心一點，慢慢地拔'}, {'📄舉例和參考來源':'我在網上看到，有些人會用剪刀剪斷蔬菜的莖'}, {'💡我的想法':'那應該是因為蔬菜的根部很深，拔不出來'}, {'❓我想知道':'那要怎麼確定蔬菜的根部是不是很深呢？'}, {'💡我的想法':'我想可以用手輕輕地探一下'}, {'🧐我覺得更好的想法':'我覺得可以用小鏟子挖開土，看看根部的深度'}, {'✍🏻我的總結':'所以，收成蔬菜的方法有很多種，可以根據蔬菜的外觀、大小、顏色和根部的深度來判斷是否成熟，然後小心地拔出來。'}]",{'我們可以使用肥料來提供蔬菜所需的營養': 0},我們可以使用肥料來提供蔬菜所需的營養,0,1
如何收成蔬菜？,1. 蔬菜的收成,"[{'如何收成蔬菜？':'請發表你們的想法'}, {'💡我的想法':'我覺得收成蔬菜就是把它們從土裡拔出來'}, {'🧐我覺得更好的想法':'我覺得收成蔬菜應該要等它們長大了才拔'}, {'❓我想知道':'那要怎麼知道蔬菜長大了呢？'}, {'💡我的想法':'我想應該要看蔬菜的莖和葉子長得多大'}, {'🙅🏻這個想法不能解釋':'但是有些蔬菜是地下的，我們看不到莖和葉子'}, {'💡我的想法':'對啊，那應該要看蔬菜的根部'}, {'🧐我覺得更好的想法':'我覺得可以看蔬菜的外觀，像是大小和顏色'}, {'❓我想知道':'那要怎麼知道蔬菜的顏色是不是正常的呢？'}, {'💡我的想法':'我想可以參考圖片或者問老師'}, {'📄舉例和參考來源':'我在書上看到，有些蔬菜的顏色會變深'}, {'💡我的想法':'那就是它們成熟了'}, {'❓我想知道':'那要怎麼拔蔬菜呢？'}, {'💡我的想法':'我想可以用手把蔬菜輕輕地拔出來'}, {'🧐我覺得更好的想法':'我覺得可以用小鏟子把土挖開，再拔蔬菜'}, {'❓我想知道':'那要怎麼確保蔬菜不會被傷到呢？'}, {'💡我的想法':'我想可以小心一點，慢慢地拔'}, {'📄舉例和參考來源':'我在網上看到，有些人會用剪刀剪斷蔬菜的莖'}, {'💡我的想法':'那應該是因為蔬菜的根部很深，拔不出來'}, {'❓我想知道':'那要怎麼確定蔬菜的根部是不是很深呢？'}, {'💡我的想法':'我想可以用手輕輕地探一下'}, {'🧐我覺得更好的想法':'我覺得可以用小鏟子挖開土，看看根部的深度'}, {'✍🏻我的總結':'所以，收成蔬菜的方法有很多種，可以根據蔬菜的外觀、大小、顏色和根部的深度來判斷是否成熟，然後小心地拔出來。'}]",{'蔬菜的收成後，我們可以將它們保存在罐子裡': 0},蔬菜的收成後，我們可以將它們保存在罐子裡,0,1
如何收成蔬菜？,1. 蔬菜的收成,"[{'如何收成蔬菜？':'請發表你們的想法'}, {'💡我的想法':'我覺得收成蔬菜就是把它們從土裡拔出來'}, {'🧐我覺得更好的想法':'我覺得收成蔬菜應該要等它們長大了才拔'}, {'❓我想知道':'那要怎麼知道蔬菜長大了呢？'}, {'💡我的想法':'我想應該要看蔬菜的莖和葉子長得多大'}, {'🙅🏻這個想法不能解釋':'但是有些蔬菜是地下的，我們看不到莖和葉子'}, {'💡我的想法':'對啊，那應該要看蔬菜的根部'}, {'🧐我覺得更好的想法':'我覺得可以看蔬菜的外觀，像是大小和顏色'}, {'❓我想知道':'那要怎麼知道蔬菜的顏色是不是正常的呢？'}, {'💡我的想法':'我想可以參考圖片或者問老師'}, {'📄舉例和參考來源':'我在書上看到，有些蔬菜的顏色會變深'}, {'💡我的想法':'那就是它們成熟了'}, {'❓我想知道':'那要怎麼拔蔬菜呢？'}, {'💡我的想法':'我想可以用手把蔬菜輕輕地拔出來'}, {'🧐我覺得更好的想法':'我覺得可以用小鏟子把土挖開，再拔蔬菜'}, {'❓我想知道':'那要怎麼確保蔬菜不會被傷到呢？'}, {'💡我的想法':'我想可以小心一點，慢慢地拔'}, {'📄舉例和參考來源':'我在網上看到，有些人會用剪刀剪斷蔬菜的莖'}, {'💡我的想法':'那應該是因為蔬菜的根部很深，拔不出來'}, {'❓我想知道':'那要怎麼確定蔬菜的根部是不是很深呢？'}, {'💡我的想法':'我想可以用手輕輕地探一下'}, {'🧐我覺得更好的想法':'我覺得可以用小鏟子挖開土，看看根部的深度'}, {'✍🏻我的總結':'所以，收成蔬菜的方法有很多種，可以根據蔬菜的外觀、大小、顏色和根部的深度來判斷是否成熟，然後小心地拔出來。'}]",{'蔬菜的收成後，我們可以將它們乾燥保存': 0},蔬菜的收成後，我們可以將它們乾燥保存,0,1
如何收成蔬菜？,1. 蔬菜的收成,"[{'如何收成蔬菜？':'請發表你們的想法'}, {'💡我的想法':'我覺得收成蔬菜就是把它們從土裡拔出來'}, {'🧐我覺得更好的想法':'我覺得收成蔬菜應該要等它們長大了才拔'}, {'❓我想知道':'那要怎麼知道蔬菜長大了呢？'}, {'💡我的想法':'我想應該要看蔬菜的莖和葉子長得多大'}, {'🙅🏻這個想法不能解釋':'但是有些蔬菜是地下的，我們看不到莖和葉子'}, {'💡我的想法':'對啊，那應該要看蔬菜的根部'}, {'🧐我覺得更好的想法':'我覺得可以看蔬菜的外觀，像是大小和顏色'}, {'❓我想知道':'那要怎麼知道蔬菜的顏色是不是正常的呢？'}, {'💡我的想法':'我想可以參考圖片或者問老師'}, {'📄舉例和參考來源':'我在書上看到，有些蔬菜的顏色會變深'}, {'💡我的想法':'那就是它們成熟了'}, {'❓我想知道':'那要怎麼拔蔬菜呢？'}, {'💡我的想法':'我想可以用手把蔬菜輕輕地拔出來'}, {'🧐我覺得更好的想法':'我覺得可以用小鏟子把土挖開，再拔蔬菜'}, {'❓我想知道':'那要怎麼確保蔬菜不會被傷到呢？'}, {'💡我的想法':'我想可以小心一點，慢慢地拔'}, {'📄舉例和參考來源':'我在網上看到，有些人會用剪刀剪斷蔬菜的莖'}, {'💡我的想法':'那應該是因為蔬菜的根部很深，拔不出來'}, {'❓我想知道':'那要怎麼確定蔬菜的根部是不是很深呢？'}, {'💡我的想法':'我想可以用手輕輕地探一下'}, {'🧐我覺得更好的想法':'我覺得可以用小鏟子挖開土，看看根部的深度'}, {'✍🏻我的總結':'所以，收成蔬菜的方法有很多種，可以根據蔬菜的外觀、大小、顏色和根部的深度來判斷是否成熟，然後小心地拔出來。'}]",{'蔬菜的收成後，我們可以將它們切成片狀': 0},蔬菜的收成後，我們可以將它們切成片狀,0,1
如何收成蔬菜？,1. 蔬菜的收成,"[{'如何收成蔬菜？':'請發表你們的想法'}, {'💡我的想法':'我覺得收成蔬菜就是把它們從土裡拔出來'}, {'🧐我覺得更好的想法':'我覺得收成蔬菜應該要等它們長大了才拔'}, {'❓我想知道':'那要怎麼知道蔬菜長大了呢？'}, {'💡我的想法':'我想應該要看蔬菜的莖和葉子長得多大'}, {'🙅🏻這個想法不能解釋':'但是有些蔬菜是地下的，我們看不到莖和葉子'}, {'💡我的想法':'對啊，那應該要看蔬菜的根部'}, {'🧐我覺得更好的想法':'我覺得可以看蔬菜的外觀，像是大小和顏色'}, {'❓我想知道':'那要怎麼知道蔬菜的顏色是不是正常的呢？'}, {'💡我的想法':'我想可以參考圖片或者問老師'}, {'📄舉例和參考來源':'我在書上看到，有些蔬菜的顏色會變深'}, {'💡我的想法':'那就是它們成熟了'}, {'❓我想知道':'那要怎麼拔蔬菜呢？'}, {'💡我的想法':'我想可以用手把蔬菜輕輕地拔出來'}, {'🧐我覺得更好的想法':'我覺得可以用小鏟子把土挖開，再拔蔬菜'}, {'❓我想知道':'那要怎麼確保蔬菜不會被傷到呢？'}, {'💡我的想法':'我想可以小心一點，慢慢地拔'}, {'📄舉例和參考來源':'我在網上看到，有些人會用剪刀剪斷蔬菜的莖'}, {'💡我的想法':'那應該是因為蔬菜的根部很深，拔不出來'}, {'❓我想知道':'那要怎麼確定蔬菜的根部是不是很深呢？'}, {'💡我的想法':'我想可以用手輕輕地探一下'}, {'🧐我覺得更好的想法':'我覺得可以用小鏟子挖開土，看看根部的深度'}, {'✍🏻我的總結':'所以，收成蔬菜的方法有很多種，可以根據蔬菜的外觀、大小、顏色和根部的深度來判斷是否成熟，然後小心地拔出來。'}]",{'蔬菜的收成後，我們可以將它們醃製成泡菜': 0},蔬菜的收成後，我們可以將它們醃製成泡菜,0,1
蔬菜的一生經歷那些階段？,1. 蔬菜的生命週期,"[{'蔬菜的一生經歷那些階段？':'請發表你們的想法'}, {'💡我的想法':'蔬菜的一生經歷種子、發芽、生長、開花、結果、成熟等階段'}, {'🧐我覺得更好的想法':'蔬菜的一生還包括播種、發芽、幼苗、生長、開花、結果、成熟等階段'}, {'❓我想知道':'蔬菜的一生中，每個階段需要多久的時間？'}, {'💡我的想法':'蔬菜的一生中，每個階段的時間可能因種類而有所不同'}, {'🙅🏻這個想法不能解釋':'蔬菜的一生中，每個階段的時間應該是有一定的範圍'}, {'📄舉例和參考來源':'根據資料顯示，一般蔬菜的生長週期大約在2個月到4個月之間'}, {'💡我的想法':'蔬菜的一生中，每個階段的時間也受到種植環境和栽培方式的影響'}, {'❓我想知道':'蔬菜的一生中，哪個階段最需要注意？'}, {'💡我的想法':'蔬菜的一生中，幼苗階段可能需要特別注意灌溉和施肥'}, {'🧐我覺得更好的想法':'蔬菜的一生中，開花和結果階段可能需要特別注意授粉和保護果實'}, {'❓我想知道':'蔬菜的一生中，有哪些因素會影響生長的速度？'}, {'💡我的想法':'蔬菜的一生中，溫度、光照、水分和養分等因素都會影響生長的速度'}, {'🙅🏻這個想法不能解釋':'蔬菜的一生中，土壤的酸鹼度也可能影響生長的速度'}, {'📄舉例和參考來源':'根據研究，蔬菜的生長速度在適宜的溫度、光照和水分條件下會更快'}, {'💡我的想法':'蔬菜的一生中，生長階段可能需要不同的養分'}, {'❓我想知道':'蔬菜的一生中，有哪些常見的蔬菜？'}, {'💡我的想法':'常見的蔬菜有番茄、胡蘿蔔、青菜等'}, {'🧐我覺得更好的想法':'常見的蔬菜還有豆芽、白菜、花椰菜等'}, {'❓我想知道':'蔬菜的一生中，有哪些環境因素會影響生長？'}, {'💡我的想法':'蔬菜的一生中，環境因素包括溫度、光照、水分、養分和空氣品質等'}, {'🙅🏻這個想法不能解釋':'蔬菜的一生中，環境因素還包括土壤的酸鹼度和風向等'}, {'📄舉例和參考來源':'根據研究，蔬菜的生長受到環境因素的影響很大'}, {'✍🏻我的總結':'蔬菜的一生經歷種子、發芽、生長、開花、結果、成熟等階段，每個階段的時間和注意事項都有所不同，環境因素也會影響生長的速度和品質'}]",{'蔬菜的一生經歷那些階段？': 1},蔬菜的一生經歷那些階段？,1,1
蔬菜的一生經歷那些階段？,1. 蔬菜的生命週期,"[{'蔬菜的一生經歷那些階段？':'請發表你們的想法'}, {'💡我的想法':'蔬菜的一生經歷種子、發芽、生長、開花、結果、成熟等階段'}, {'🧐我覺得更好的想法':'蔬菜的一生還包括播種、發芽、幼苗、生長、開花、結果、成熟等階段'}, {'❓我想知道':'蔬菜的一生中，每個階段需要多久的時間？'}, {'💡我的想法':'蔬菜的一生中，每個階段的時間可能因種類而有所不同'}, {'🙅🏻這個想法不能解釋':'蔬菜的一生中，每個階段的時間應該是有一定的範圍'}, {'📄舉例和參考來源':'根據資料顯示，一般蔬菜的生長週期大約在2個月到4個月之間'}, {'💡我的想法':'蔬菜的一生中，每個階段的時間也受到種植環境和栽培方式的影響'}, {'❓我想知道':'蔬菜的一生中，哪個階段最需要注意？'}, {'💡我的想法':'蔬菜的一生中，幼苗階段可能需要特別注意灌溉和施肥'}, {'🧐我覺得更好的想法':'蔬菜的一生中，開花和結果階段可能需要特別注意授粉和保護果實'}, {'❓我想知道':'蔬菜的一生中，有哪些因素會影響生長的速度？'}, {'💡我的想法':'蔬菜的一生中，溫度、光照、水分和養分等因素都會影響生長的速度'}, {'🙅🏻這個想法不能解釋':'蔬菜的一生中，土壤的酸鹼度也可能影響生長的速度'}, {'📄舉例和參考來源':'根據研究，蔬菜的生長速度在適宜的溫度、光照和水分條件下會更快'}, {'💡我的想法':'蔬菜的一生中，生長階段可能需要不同的養分'}, {'❓我想知道':'蔬菜的一生中，有哪些常見的蔬菜？'}, {'💡我的想法':'常見的蔬菜有番茄、胡蘿蔔、青菜等'}, {'🧐我覺得更好的想法':'常見的蔬菜還有豆芽、白菜、花椰菜等'}, {'❓我想知道':'蔬菜的一生中，有哪些環境因素會影響生長？'}, {'💡我的想法':'蔬菜的一生中，環境因素包括溫度、光照、水分、養分和空氣品質等'}, {'🙅🏻這個想法不能解釋':'蔬菜的一生中，環境因素還包括土壤的酸鹼度和風向等'}, {'📄舉例和參考來源':'根據研究，蔬菜的生長受到環境因素的影響很大'}, {'✍🏻我的總結':'蔬菜的一生經歷種子、發芽、生長、開花、結果、成熟等階段，每個階段的時間和注意事項都有所不同，環境因素也會影響生長的速度和品質'}]",{'蔬菜的生命週期包括種子發芽、幼苗生長、開花結果和成熟等階段': 1},蔬菜的生命週期包括種子發芽、幼苗生長、開花結果和成熟等階段,1,1
蔬菜的一生經歷那些階段？,1. 蔬菜的生命週期,"[{'蔬菜的一生經歷那些階段？':'請發表你們的想法'}, {'💡我的想法':'蔬菜的一生經歷種子、發芽、生長、開花、結果、成熟等階段'}, {'🧐我覺得更好的想法':'蔬菜的一生還包括播種、發芽、幼苗、生長、開花、結果、成熟等階段'}, {'❓我想知道':'蔬菜的一生中，每個階段需要多久的時間？'}, {'💡我的想法':'蔬菜的一生中，每個階段的時間可能因種類而有所不同'}, {'🙅🏻這個想法不能解釋':'蔬菜的一生中，每個階段的時間應該是有一定的範圍'}, {'📄舉例和參考來源':'根據資料顯示，一般蔬菜的生長週期大約在2個月到4個月之間'}, {'💡我的想法':'蔬菜的一生中，每個階段的時間也受到種植環境和栽培方式的影響'}, {'❓我想知道':'蔬菜的一生中，哪個階段最需要注意？'}, {'💡我的想法':'蔬菜的一生中，幼苗階段可能需要特別注意灌溉和施肥'}, {'🧐我覺得更好的想法':'蔬菜的一生中，開花和結果階段可能需要特別注意授粉和保護果實'}, {'❓我想知道':'蔬菜的一生中，有哪些因素會影響生長的速度？'}, {'💡我的想法':'蔬菜的一生中，溫度、光照、水分和養分等因素都會影響生長的速度'}, {'🙅🏻這個想法不能解釋':'蔬菜的一生中，土壤的酸鹼度也可能影響生長的速度'}, {'📄舉例和參考來源':'根據研究，蔬菜的生長速度在適宜的溫度、光照和水分條件下會更快'}, {'💡我的想法':'蔬菜的一生中，生長階段可能需要不同的養分'}, {'❓我想知道':'蔬菜的一生中，有哪些常見的蔬菜？'}, {'💡我的想法':'常見的蔬菜有番茄、胡蘿蔔、青菜等'}, {'🧐我覺得更好的想法':'常見的蔬菜還有豆芽、白菜、花椰菜等'}, {'❓我想知道':'蔬菜的一生中，有哪些環境因素會影響生長？'}, {'💡我的想法':'蔬菜的一生中，環境因素包括溫度、光照、水分、養分和空氣品質等'}, {'🙅🏻這個想法不能解釋':'蔬菜的一生中，環境因素還包括土壤的酸鹼度和風向等'}, {'📄舉例和參考來源':'根據研究，蔬菜的生長受到環境因素的影響很大'}, {'✍🏻我的總結':'蔬菜的一生經歷種子、發芽、生長、開花、結果、成熟等階段，每個階段的時間和注意事項都有所不同，環境因素也會影響生長的速度和品質'}]",{'我們可以觀察蔬菜的種子如何發芽': 1},我們可以觀察蔬菜的種子如何發芽,1,1
蔬菜的一生經歷那些階段？,1. 蔬菜的生命週期,"[{'蔬菜的一生經歷那些階段？':'請發表你們的想法'}, {'💡我的想法':'蔬菜的一生經歷種子、發芽、生長、開花、結果、成熟等階段'}, {'🧐我覺得更好的想法':'蔬菜的一生還包括播種、發芽、幼苗、生長、開花、結果、成熟等階段'}, {'❓我想知道':'蔬菜的一生中，每個階段需要多久的時間？'}, {'💡我的想法':'蔬菜的一生中，每個階段的時間可能因種類而有所不同'}, {'🙅🏻這個想法不能解釋':'蔬菜的一生中，每個階段的時間應該是有一定的範圍'}, {'📄舉例和參考來源':'根據資料顯示，一般蔬菜的生長週期大約在2個月到4個月之間'}, {'💡我的想法':'蔬菜的一生中，每個階段的時間也受到種植環境和栽培方式的影響'}, {'❓我想知道':'蔬菜的一生中，哪個階段最需要注意？'}, {'💡我的想法':'蔬菜的一生中，幼苗階段可能需要特別注意灌溉和施肥'}, {'🧐我覺得更好的想法':'蔬菜的一生中，開花和結果階段可能需要特別注意授粉和保護果實'}, {'❓我想知道':'蔬菜的一生中，有哪些因素會影響生長的速度？'}, {'💡我的想法':'蔬菜的一生中，溫度、光照、水分和養分等因素都會影響生長的速度'}, {'🙅🏻這個想法不能解釋':'蔬菜的一生中，土壤的酸鹼度也可能影響生長的速度'}, {'📄舉例和參考來源':'根據研究，蔬菜的生長速度在適宜的溫度、光照和水分條件下會更快'}, {'💡我的想法':'蔬菜的一生中，生長階段可能需要不同的養分'}, {'❓我想知道':'蔬菜的一生中，有哪些常見的蔬菜？'}, {'💡我的想法':'常見的蔬菜有番茄、胡蘿蔔、青菜等'}, {'🧐我覺得更好的想法':'常見的蔬菜還有豆芽、白菜、花椰菜等'}, {'❓我想知道':'蔬菜的一生中，有哪些環境因素會影響生長？'}, {'💡我的想法':'蔬菜的一生中，環境因素包括溫度、光照、水分、養分和空氣品質等'}, {'🙅🏻這個想法不能解釋':'蔬菜的一生中，環境因素還包括土壤的酸鹼度和風向等'}, {'📄舉例和參考來源':'根據研究，蔬菜的生長受到環境因素的影響很大'}, {'✍🏻我的總結':'蔬菜的一生經歷種子、發芽、生長、開花、結果、成熟等階段，每個階段的時間和注意事項都有所不同，環境因素也會影響生長的速度和品質'}]",{'蔬菜的幼苗需要充足的陽光和水分才能健康生長': 1},蔬菜的幼苗需要充足的陽光和水分才能健康生長,1,1
蔬菜的一生經歷那些階段？,1. 蔬菜的生命週期,"[{'蔬菜的一生經歷那些階段？':'請發表你們的想法'}, {'💡我的想法':'蔬菜的一生經歷種子、發芽、生長、開花、結果、成熟等階段'}, {'🧐我覺得更好的想法':'蔬菜的一生還包括播種、發芽、幼苗、生長、開花、結果、成熟等階段'}, {'❓我想知道':'蔬菜的一生中，每個階段需要多久的時間？'}, {'💡我的想法':'蔬菜的一生中，每個階段的時間可能因種類而有所不同'}, {'🙅🏻這個想法不能解釋':'蔬菜的一生中，每個階段的時間應該是有一定的範圍'}, {'📄舉例和參考來源':'根據資料顯示，一般蔬菜的生長週期大約在2個月到4個月之間'}, {'💡我的想法':'蔬菜的一生中，每個階段的時間也受到種植環境和栽培方式的影響'}, {'❓我想知道':'蔬菜的一生中，哪個階段最需要注意？'}, {'💡我的想法':'蔬菜的一生中，幼苗階段可能需要特別注意灌溉和施肥'}, {'🧐我覺得更好的想法':'蔬菜的一生中，開花和結果階段可能需要特別注意授粉和保護果實'}, {'❓我想知道':'蔬菜的一生中，有哪些因素會影響生長的速度？'}, {'💡我的想法':'蔬菜的一生中，溫度、光照、水分和養分等因素都會影響生長的速度'}, {'🙅🏻這個想法不能解釋':'蔬菜的一生中，土壤的酸鹼度也可能影響生長的速度'}, {'📄舉例和參考來源':'根據研究，蔬菜的生長速度在適宜的溫度、光照和水分條件下會更快'}, {'💡我的想法':'蔬菜的一生中，生長階段可能需要不同的養分'}, {'❓我想知道':'蔬菜的一生中，有哪些常見的蔬菜？'}, {'💡我的想法':'常見的蔬菜有番茄、胡蘿蔔、青菜等'}, {'🧐我覺得更好的想法':'常見的蔬菜還有豆芽、白菜、花椰菜等'}, {'❓我想知道':'蔬菜的一生中，有哪些環境因素會影響生長？'}, {'💡我的想法':'蔬菜的一生中，環境因素包括溫度、光照、水分、養分和空氣品質等'}, {'🙅🏻這個想法不能解釋':'蔬菜的一生中，環境因素還包括土壤的酸鹼度和風向等'}, {'📄舉例和參考來源':'根據研究，蔬菜的生長受到環境因素的影響很大'}, {'✍🏻我的總結':'蔬菜的一生經歷種子、發芽、生長、開花、結果、成熟等階段，每個階段的時間和注意事項都有所不同，環境因素也會影響生長的速度和品質'}]",{'蔬菜開花後，花朵會逐漸轉變成果實': 1},蔬菜開花後，花朵會逐漸轉變成果實,1,1
蔬菜的一生經歷那些階段？,1. 蔬菜的生命週期,"[{'蔬菜的一生經歷那些階段？':'請發表你們的想法'}, {'💡我的想法':'蔬菜的一生經歷種子、發芽、生長、開花、結果、成熟等階段'}, {'🧐我覺得更好的想法':'蔬菜的一生還包括播種、發芽、幼苗、生長、開花、結果、成熟等階段'}, {'❓我想知道':'蔬菜的一生中，每個階段需要多久的時間？'}, {'💡我的想法':'蔬菜的一生中，每個階段的時間可能因種類而有所不同'}, {'🙅🏻這個想法不能解釋':'蔬菜的一生中，每個階段的時間應該是有一定的範圍'}, {'📄舉例和參考來源':'根據資料顯示，一般蔬菜的生長週期大約在2個月到4個月之間'}, {'💡我的想法':'蔬菜的一生中，每個階段的時間也受到種植環境和栽培方式的影響'}, {'❓我想知道':'蔬菜的一生中，哪個階段最需要注意？'}, {'💡我的想法':'蔬菜的一生中，幼苗階段可能需要特別注意灌溉和施肥'}, {'🧐我覺得更好的想法':'蔬菜的一生中，開花和結果階段可能需要特別注意授粉和保護果實'}, {'❓我想知道':'蔬菜的一生中，有哪些因素會影響生長的速度？'}, {'💡我的想法':'蔬菜的一生中，溫度、光照、水分和養分等因素都會影響生長的速度'}, {'🙅🏻這個想法不能解釋':'蔬菜的一生中，土壤的酸鹼度也可能影響生長的速度'}, {'📄舉例和參考來源':'根據研究，蔬菜的生長速度在適宜的溫度、光照和水分條件下會更快'}, {'💡我的想法':'蔬菜的一生中，生長階段可能需要不同的養分'}, {'❓我想知道':'蔬菜的一生中，有哪些常見的蔬菜？'}, {'💡我的想法':'常見的蔬菜有番茄、胡蘿蔔、青菜等'}, {'🧐我覺得更好的想法':'常見的蔬菜還有豆芽、白菜、花椰菜等'}, {'❓我想知道':'蔬菜的一生中，有哪些環境因素會影響生長？'}, {'💡我的想法':'蔬菜的一生中，環境因素包括溫度、光照、水分、養分和空氣品質等'}, {'🙅🏻這個想法不能解釋':'蔬菜的一生中，環境因素還包括土壤的酸鹼度和風向等'}, {'📄舉例和參考來源':'根據研究，蔬菜的生長受到環境因素的影響很大'}, {'✍🏻我的總結':'蔬菜的一生經歷種子、發芽、生長、開花、結果、成熟等階段，每個階段的時間和注意事項都有所不同，環境因素也會影響生長的速度和品質'}]",{'果實成熟後，我們可以收穫蔬菜': 1},果實成熟後，我們可以收穫蔬菜,1,1
蔬菜的一生經歷那些階段？,1. 蔬菜的生命週期,"[{'蔬菜的一生經歷那些階段？':'請發表你們的想法'}, {'💡我的想法':'蔬菜的一生經歷種子、發芽、生長、開花、結果、成熟等階段'}, {'🧐我覺得更好的想法':'蔬菜的一生還包括播種、發芽、幼苗、生長、開花、結果、成熟等階段'}, {'❓我想知道':'蔬菜的一生中，每個階段需要多久的時間？'}, {'💡我的想法':'蔬菜的一生中，每個階段的時間可能因種類而有所不同'}, {'🙅🏻這個想法不能解釋':'蔬菜的一生中，每個階段的時間應該是有一定的範圍'}, {'📄舉例和參考來源':'根據資料顯示，一般蔬菜的生長週期大約在2個月到4個月之間'}, {'💡我的想法':'蔬菜的一生中，每個階段的時間也受到種植環境和栽培方式的影響'}, {'❓我想知道':'蔬菜的一生中，哪個階段最需要注意？'}, {'💡我的想法':'蔬菜的一生中，幼苗階段可能需要特別注意灌溉和施肥'}, {'🧐我覺得更好的想法':'蔬菜的一生中，開花和結果階段可能需要特別注意授粉和保護果實'}, {'❓我想知道':'蔬菜的一生中，有哪些因素會影響生長的速度？'}, {'💡我的想法':'蔬菜的一生中，溫度、光照、水分和養分等因素都會影響生長的速度'}, {'🙅🏻這個想法不能解釋':'蔬菜的一生中，土壤的酸鹼度也可能影響生長的速度'}, {'📄舉例和參考來源':'根據研究，蔬菜的生長速度在適宜的溫度、光照和水分條件下會更快'}, {'💡我的想法':'蔬菜的一生中，生長階段可能需要不同的養分'}, {'❓我想知道':'蔬菜的一生中，有哪些常見的蔬菜？'}, {'💡我的想法':'常見的蔬菜有番茄、胡蘿蔔、青菜等'}, {'🧐我覺得更好的想法':'常見的蔬菜還有豆芽、白菜、花椰菜等'}, {'❓我想知道':'蔬菜的一生中，有哪些環境因素會影響生長？'}, {'💡我的想法':'蔬菜的一生中，環境因素包括溫度、光照、水分、養分和空氣品質等'}, {'🙅🏻這個想法不能解釋':'蔬菜的一生中，環境因素還包括土壤的酸鹼度和風向等'}, {'📄舉例和參考來源':'根據研究，蔬菜的生長受到環境因素的影響很大'}, {'✍🏻我的總結':'蔬菜的一生經歷種子、發芽、生長、開花、結果、成熟等階段，每個階段的時間和注意事項都有所不同，環境因素也會影響生長的速度和品質'}]",{'蔬菜的生命週期可以重複循環，種子可以再次種植': 1},蔬菜的生命週期可以重複循環，種子可以再次種植,1,1
蔬菜的一生經歷那些階段？,1. 蔬菜的生命週期,"[{'蔬菜的一生經歷那些階段？':'請發表你們的想法'}, {'💡我的想法':'蔬菜的一生經歷種子、發芽、生長、開花、結果、成熟等階段'}, {'🧐我覺得更好的想法':'蔬菜的一生還包括播種、發芽、幼苗、生長、開花、結果、成熟等階段'}, {'❓我想知道':'蔬菜的一生中，每個階段需要多久的時間？'}, {'💡我的想法':'蔬菜的一生中，每個階段的時間可能因種類而有所不同'}, {'🙅🏻這個想法不能解釋':'蔬菜的一生中，每個階段的時間應該是有一定的範圍'}, {'📄舉例和參考來源':'根據資料顯示，一般蔬菜的生長週期大約在2個月到4個月之間'}, {'💡我的想法':'蔬菜的一生中，每個階段的時間也受到種植環境和栽培方式的影響'}, {'❓我想知道':'蔬菜的一生中，哪個階段最需要注意？'}, {'💡我的想法':'蔬菜的一生中，幼苗階段可能需要特別注意灌溉和施肥'}, {'🧐我覺得更好的想法':'蔬菜的一生中，開花和結果階段可能需要特別注意授粉和保護果實'}, {'❓我想知道':'蔬菜的一生中，有哪些因素會影響生長的速度？'}, {'💡我的想法':'蔬菜的一生中，溫度、光照、水分和養分等因素都會影響生長的速度'}, {'🙅🏻這個想法不能解釋':'蔬菜的一生中，土壤的酸鹼度也可能影響生長的速度'}, {'📄舉例和參考來源':'根據研究，蔬菜的生長速度在適宜的溫度、光照和水分條件下會更快'}, {'💡我的想法':'蔬菜的一生中，生長階段可能需要不同的養分'}, {'❓我想知道':'蔬菜的一生中，有哪些常見的蔬菜？'}, {'💡我的想法':'常見的蔬菜有番茄、胡蘿蔔、青菜等'}, {'🧐我覺得更好的想法':'常見的蔬菜還有豆芽、白菜、花椰菜等'}, {'❓我想知道':'蔬菜的一生中，有哪些環境因素會影響生長？'}, {'💡我的想法':'蔬菜的一生中，環境因素包括溫度、光照、水分、養分和空氣品質等'}, {'🙅🏻這個想法不能解釋':'蔬菜的一生中，環境因素還包括土壤的酸鹼度和風向等'}, {'📄舉例和參考來源':'根據研究，蔬菜的生長受到環境因素的影響很大'}, {'✍🏻我的總結':'蔬菜的一生經歷種子、發芽、生長、開花、結果、成熟等階段，每個階段的時間和注意事項都有所不同，環境因素也會影響生長的速度和品質'}]",{'我們可以種植不同種類的蔬菜，觀察它們的生命週期有何不同': 1},我們可以種植不同種類的蔬菜，觀察它們的生命週期有何不同,1,1
蔬菜的一生經歷那些階段？,1. 蔬菜的生命週期,"[{'蔬菜的一生經歷那些階段？':'請發表你們的想法'}, {'💡我的想法':'蔬菜的一生經歷種子、發芽、生長、開花、結果、成熟等階段'}, {'🧐我覺得更好的想法':'蔬菜的一生還包括播種、發芽、幼苗、生長、開花、結果、成熟等階段'}, {'❓我想知道':'蔬菜的一生中，每個階段需要多久的時間？'}, {'💡我的想法':'蔬菜的一生中，每個階段的時間可能因種類而有所不同'}, {'🙅🏻這個想法不能解釋':'蔬菜的一生中，每個階段的時間應該是有一定的範圍'}, {'📄舉例和參考來源':'根據資料顯示，一般蔬菜的生長週期大約在2個月到4個月之間'}, {'💡我的想法':'蔬菜的一生中，每個階段的時間也受到種植環境和栽培方式的影響'}, {'❓我想知道':'蔬菜的一生中，哪個階段最需要注意？'}, {'💡我的想法':'蔬菜的一生中，幼苗階段可能需要特別注意灌溉和施肥'}, {'🧐我覺得更好的想法':'蔬菜的一生中，開花和結果階段可能需要特別注意授粉和保護果實'}, {'❓我想知道':'蔬菜的一生中，有哪些因素會影響生長的速度？'}, {'💡我的想法':'蔬菜的一生中，溫度、光照、水分和養分等因素都會影響生長的速度'}, {'🙅🏻這個想法不能解釋':'蔬菜的一生中，土壤的酸鹼度也可能影響生長的速度'}, {'📄舉例和參考來源':'根據研究，蔬菜的生長速度在適宜的溫度、光照和水分條件下會更快'}, {'💡我的想法':'蔬菜的一生中，生長階段可能需要不同的養分'}, {'❓我想知道':'蔬菜的一生中，有哪些常見的蔬菜？'}, {'💡我的想法':'常見的蔬菜有番茄、胡蘿蔔、青菜等'}, {'🧐我覺得更好的想法':'常見的蔬菜還有豆芽、白菜、花椰菜等'}, {'❓我想知道':'蔬菜的一生中，有哪些環境因素會影響生長？'}, {'💡我的想法':'蔬菜的一生中，環境因素包括溫度、光照、水分、養分和空氣品質等'}, {'🙅🏻這個想法不能解釋':'蔬菜的一生中，環境因素還包括土壤的酸鹼度和風向等'}, {'📄舉例和參考來源':'根據研究，蔬菜的生長受到環境因素的影響很大'}, {'✍🏻我的總結':'蔬菜的一生經歷種子、發芽、生長、開花、結果、成熟等階段，每個階段的時間和注意事項都有所不同，環境因素也會影響生長的速度和品質'}]",{'蔬菜的生命週期受到環境因素和栽培方式的影響': 1},蔬菜的生命週期受到環境因素和栽培方式的影響,1,1
蔬菜的一生經歷那些階段？,1. 蔬菜的生命週期,"[{'蔬菜的一生經歷那些階段？':'請發表你們的想法'}, {'💡我的想法':'蔬菜的一生經歷種子、發芽、生長、開花、結果、成熟等階段'}, {'🧐我覺得更好的想法':'蔬菜的一生還包括播種、發芽、幼苗、生長、開花、結果、成熟等階段'}, {'❓我想知道':'蔬菜的一生中，每個階段需要多久的時間？'}, {'💡我的想法':'蔬菜的一生中，每個階段的時間可能因種類而有所不同'}, {'🙅🏻這個想法不能解釋':'蔬菜的一生中，每個階段的時間應該是有一定的範圍'}, {'📄舉例和參考來源':'根據資料顯示，一般蔬菜的生長週期大約在2個月到4個月之間'}, {'💡我的想法':'蔬菜的一生中，每個階段的時間也受到種植環境和栽培方式的影響'}, {'❓我想知道':'蔬菜的一生中，哪個階段最需要注意？'}, {'💡我的想法':'蔬菜的一生中，幼苗階段可能需要特別注意灌溉和施肥'}, {'🧐我覺得更好的想法':'蔬菜的一生中，開花和結果階段可能需要特別注意授粉和保護果實'}, {'❓我想知道':'蔬菜的一生中，有哪些因素會影響生長的速度？'}, {'💡我的想法':'蔬菜的一生中，溫度、光照、水分和養分等因素都會影響生長的速度'}, {'🙅🏻這個想法不能解釋':'蔬菜的一生中，土壤的酸鹼度也可能影響生長的速度'}, {'📄舉例和參考來源':'根據研究，蔬菜的生長速度在適宜的溫度、光照和水分條件下會更快'}, {'💡我的想法':'蔬菜的一生中，生長階段可能需要不同的養分'}, {'❓我想知道':'蔬菜的一生中，有哪些常見的蔬菜？'}, {'💡我的想法':'常見的蔬菜有番茄、胡蘿蔔、青菜等'}, {'🧐我覺得更好的想法':'常見的蔬菜還有豆芽、白菜、花椰菜等'}, {'❓我想知道':'蔬菜的一生中，有哪些環境因素會影響生長？'}, {'💡我的想法':'蔬菜的一生中，環境因素包括溫度、光照、水分、養分和空氣品質等'}, {'🙅🏻這個想法不能解釋':'蔬菜的一生中，環境因素還包括土壤的酸鹼度和風向等'}, {'📄舉例和參考來源':'根據研究，蔬菜的生長受到環境因素的影響很大'}, {'✍🏻我的總結':'蔬菜的一生經歷種子、發芽、生長、開花、結果、成熟等階段，每個階段的時間和注意事項都有所不同，環境因素也會影響生長的速度和品質'}]",{'蔬菜的生命週期也受到天氣和季節的變化影響': 1},蔬菜的生命週期也受到天氣和季節的變化影響,1,1
蔬菜的一生經歷那些階段？,1. 蔬菜的生命週期,"[{'蔬菜的一生經歷那些階段？':'請發表你們的想法'}, {'💡我的想法':'蔬菜的一生經歷種子、發芽、生長、開花、結果、成熟等階段'}, {'🧐我覺得更好的想法':'蔬菜的一生還包括播種、發芽、幼苗、生長、開花、結果、成熟等階段'}, {'❓我想知道':'蔬菜的一生中，每個階段需要多久的時間？'}, {'💡我的想法':'蔬菜的一生中，每個階段的時間可能因種類而有所不同'}, {'🙅🏻這個想法不能解釋':'蔬菜的一生中，每個階段的時間應該是有一定的範圍'}, {'📄舉例和參考來源':'根據資料顯示，一般蔬菜的生長週期大約在2個月到4個月之間'}, {'💡我的想法':'蔬菜的一生中，每個階段的時間也受到種植環境和栽培方式的影響'}, {'❓我想知道':'蔬菜的一生中，哪個階段最需要注意？'}, {'💡我的想法':'蔬菜的一生中，幼苗階段可能需要特別注意灌溉和施肥'}, {'🧐我覺得更好的想法':'蔬菜的一生中，開花和結果階段可能需要特別注意授粉和保護果實'}, {'❓我想知道':'蔬菜的一生中，有哪些因素會影響生長的速度？'}, {'💡我的想法':'蔬菜的一生中，溫度、光照、水分和養分等因素都會影響生長的速度'}, {'🙅🏻這個想法不能解釋':'蔬菜的一生中，土壤的酸鹼度也可能影響生長的速度'}, {'📄舉例和參考來源':'根據研究，蔬菜的生長速度在適宜的溫度、光照和水分條件下會更快'}, {'💡我的想法':'蔬菜的一生中，生長階段可能需要不同的養分'}, {'❓我想知道':'蔬菜的一生中，有哪些常見的蔬菜？'}, {'💡我的想法':'常見的蔬菜有番茄、胡蘿蔔、青菜等'}, {'🧐我覺得更好的想法':'常見的蔬菜還有豆芽、白菜、花椰菜等'}, {'❓我想知道':'蔬菜的一生中，有哪些環境因素會影響生長？'}, {'💡我的想法':'蔬菜的一生中，環境因素包括溫度、光照、水分、養分和空氣品質等'}, {'🙅🏻這個想法不能解釋':'蔬菜的一生中，環境因素還包括土壤的酸鹼度和風向等'}, {'📄舉例和參考來源':'根據研究，蔬菜的生長受到環境因素的影響很大'}, {'✍🏻我的總結':'蔬菜的一生經歷種子、發芽、生長、開花、結果、成熟等階段，每個階段的時間和注意事項都有所不同，環境因素也會影響生長的速度和品質'}]",{'我昨天去海邊玩，玩得好開心': 0},我昨天去海邊玩，玩得好開心,0,0
蔬菜的一生經歷那些階段？,1. 蔬菜的生命週期,"[{'蔬菜的一生經歷那些階段？':'請發表你們的想法'}, {'💡我的想法':'蔬菜的一生經歷種子、發芽、生長、開花、結果、成熟等階段'}, {'🧐我覺得更好的想法':'蔬菜的一生還包括播種、發芽、幼苗、生長、開花、結果、成熟等階段'}, {'❓我想知道':'蔬菜的一生中，每個階段需要多久的時間？'}, {'💡我的想法':'蔬菜的一生中，每個階段的時間可能因種類而有所不同'}, {'🙅🏻這個想法不能解釋':'蔬菜的一生中，每個階段的時間應該是有一定的範圍'}, {'📄舉例和參考來源':'根據資料顯示，一般蔬菜的生長週期大約在2個月到4個月之間'}, {'💡我的想法':'蔬菜的一生中，每個階段的時間也受到種植環境和栽培方式的影響'}, {'❓我想知道':'蔬菜的一生中，哪個階段最需要注意？'}, {'💡我的想法':'蔬菜的一生中，幼苗階段可能需要特別注意灌溉和施肥'}, {'🧐我覺得更好的想法':'蔬菜的一生中，開花和結果階段可能需要特別注意授粉和保護果實'}, {'❓我想知道':'蔬菜的一生中，有哪些因素會影響生長的速度？'}, {'💡我的想法':'蔬菜的一生中，溫度、光照、水分和養分等因素都會影響生長的速度'}, {'🙅🏻這個想法不能解釋':'蔬菜的一生中，土壤的酸鹼度也可能影響生長的速度'}, {'📄舉例和參考來源':'根據研究，蔬菜的生長速度在適宜的溫度、光照和水分條件下會更快'}, {'💡我的想法':'蔬菜的一生中，生長階段可能需要不同的養分'}, {'❓我想知道':'蔬菜的一生中，有哪些常見的蔬菜？'}, {'💡我的想法':'常見的蔬菜有番茄、胡蘿蔔、青菜等'}, {'🧐我覺得更好的想法':'常見的蔬菜還有豆芽、白菜、花椰菜等'}, {'❓我想知道':'蔬菜的一生中，有哪些環境因素會影響生長？'}, {'💡我的想法':'蔬菜的一生中，環境因素包括溫度、光照、水分、養分和空氣品質等'}, {'🙅🏻這個想法不能解釋':'蔬菜的一生中，環境因素還包括土壤的酸鹼度和風向等'}, {'📄舉例和參考來源':'根據研究，蔬菜的生長受到環境因素的影響很大'}, {'✍🏻我的總結':'蔬菜的一生經歷種子、發芽、生長、開花、結果、成熟等階段，每個階段的時間和注意事項都有所不同，環境因素也會影響生長的速度和品質'}]",{'我最喜歡的蔬菜是番茄，我每天都吃': 0},我最喜歡的蔬菜是番茄，我每天都吃,0,1
蔬菜的一生經歷那些階段？,1. 蔬菜的生命週期,"[{'蔬菜的一生經歷那些階段？':'請發表你們的想法'}, {'💡我的想法':'蔬菜的一生經歷種子、發芽、生長、開花、結果、成熟等階段'}, {'🧐我覺得更好的想法':'蔬菜的一生還包括播種、發芽、幼苗、生長、開花、結果、成熟等階段'}, {'❓我想知道':'蔬菜的一生中，每個階段需要多久的時間？'}, {'💡我的想法':'蔬菜的一生中，每個階段的時間可能因種類而有所不同'}, {'🙅🏻這個想法不能解釋':'蔬菜的一生中，每個階段的時間應該是有一定的範圍'}, {'📄舉例和參考來源':'根據資料顯示，一般蔬菜的生長週期大約在2個月到4個月之間'}, {'💡我的想法':'蔬菜的一生中，每個階段的時間也受到種植環境和栽培方式的影響'}, {'❓我想知道':'蔬菜的一生中，哪個階段最需要注意？'}, {'💡我的想法':'蔬菜的一生中，幼苗階段可能需要特別注意灌溉和施肥'}, {'🧐我覺得更好的想法':'蔬菜的一生中，開花和結果階段可能需要特別注意授粉和保護果實'}, {'❓我想知道':'蔬菜的一生中，有哪些因素會影響生長的速度？'}, {'💡我的想法':'蔬菜的一生中，溫度、光照、水分和養分等因素都會影響生長的速度'}, {'🙅🏻這個想法不能解釋':'蔬菜的一生中，土壤的酸鹼度也可能影響生長的速度'}, {'📄舉例和參考來源':'根據研究，蔬菜的生長速度在適宜的溫度、光照和水分條件下會更快'}, {'💡我的想法':'蔬菜的一生中，生長階段可能需要不同的養分'}, {'❓我想知道':'蔬菜的一生中，有哪些常見的蔬菜？'}, {'💡我的想法':'常見的蔬菜有番茄、胡蘿蔔、青菜等'}, {'🧐我覺得更好的想法':'常見的蔬菜還有豆芽、白菜、花椰菜等'}, {'❓我想知道':'蔬菜的一生中，有哪些環境因素會影響生長？'}, {'💡我的想法':'蔬菜的一生中，環境因素包括溫度、光照、水分、養分和空氣品質等'}, {'🙅🏻這個想法不能解釋':'蔬菜的一生中，環境因素還包括土壤的酸鹼度和風向等'}, {'📄舉例和參考來源':'根據研究，蔬菜的生長受到環境因素的影響很大'}, {'✍🏻我的總結':'蔬菜的一生經歷種子、發芽、生長、開花、結果、成熟等階段，每個階段的時間和注意事項都有所不同，環境因素也會影響生長的速度和品質'}]",{'我喜歡看動畫片，最近看了一部很好笑的卡通': 0},我喜歡看動畫片，最近看了一部很好笑的卡通,0,0
蔬菜的一生經歷那些階段？,1. 蔬菜的生命週期,"[{'蔬菜的一生經歷那些階段？':'請發表你們的想法'}, {'💡我的想法':'蔬菜的一生經歷種子、發芽、生長、開花、結果、成熟等階段'}, {'🧐我覺得更好的想法':'蔬菜的一生還包括播種、發芽、幼苗、生長、開花、結果、成熟等階段'}, {'❓我想知道':'蔬菜的一生中，每個階段需要多久的時間？'}, {'💡我的想法':'蔬菜的一生中，每個階段的時間可能因種類而有所不同'}, {'🙅🏻這個想法不能解釋':'蔬菜的一生中，每個階段的時間應該是有一定的範圍'}, {'📄舉例和參考來源':'根據資料顯示，一般蔬菜的生長週期大約在2個月到4個月之間'}, {'💡我的想法':'蔬菜的一生中，每個階段的時間也受到種植環境和栽培方式的影響'}, {'❓我想知道':'蔬菜的一生中，哪個階段最需要注意？'}, {'💡我的想法':'蔬菜的一生中，幼苗階段可能需要特別注意灌溉和施肥'}, {'🧐我覺得更好的想法':'蔬菜的一生中，開花和結果階段可能需要特別注意授粉和保護果實'}, {'❓我想知道':'蔬菜的一生中，有哪些因素會影響生長的速度？'}, {'💡我的想法':'蔬菜的一生中，溫度、光照、水分和養分等因素都會影響生長的速度'}, {'🙅🏻這個想法不能解釋':'蔬菜的一生中，土壤的酸鹼度也可能影響生長的速度'}, {'📄舉例和參考來源':'根據研究，蔬菜的生長速度在適宜的溫度、光照和水分條件下會更快'}, {'💡我的想法':'蔬菜的一生中，生長階段可能需要不同的養分'}, {'❓我想知道':'蔬菜的一生中，有哪些常見的蔬菜？'}, {'💡我的想法':'常見的蔬菜有番茄、胡蘿蔔、青菜等'}, {'🧐我覺得更好的想法':'常見的蔬菜還有豆芽、白菜、花椰菜等'}, {'❓我想知道':'蔬菜的一生中，有哪些環境因素會影響生長？'}, {'💡我的想法':'蔬菜的一生中，環境因素包括溫度、光照、水分、養分和空氣品質等'}, {'🙅🏻這個想法不能解釋':'蔬菜的一生中，環境因素還包括土壤的酸鹼度和風向等'}, {'📄舉例和參考來源':'根據研究，蔬菜的生長受到環境因素的影響很大'}, {'✍🏻我的總結':'蔬菜的一生經歷種子、發芽、生長、開花、結果、成熟等階段，每個階段的時間和注意事項都有所不同，環境因素也會影響生長的速度和品質'}]",{'我家有一隻可愛的貓咪，牠喜歡玩球': 0},我家有一隻可愛的貓咪，牠喜歡玩球,0,0
蔬菜的一生經歷那些階段？,1. 蔬菜的生命週期,"[{'蔬菜的一生經歷那些階段？':'請發表你們的想法'}, {'💡我的想法':'蔬菜的一生經歷種子、發芽、生長、開花、結果、成熟等階段'}, {'🧐我覺得更好的想法':'蔬菜的一生還包括播種、發芽、幼苗、生長、開花、結果、成熟等階段'}, {'❓我想知道':'蔬菜的一生中，每個階段需要多久的時間？'}, {'💡我的想法':'蔬菜的一生中，每個階段的時間可能因種類而有所不同'}, {'🙅🏻這個想法不能解釋':'蔬菜的一生中，每個階段的時間應該是有一定的範圍'}, {'📄舉例和參考來源':'根據資料顯示，一般蔬菜的生長週期大約在2個月到4個月之間'}, {'💡我的想法':'蔬菜的一生中，每個階段的時間也受到種植環境和栽培方式的影響'}, {'❓我想知道':'蔬菜的一生中，哪個階段最需要注意？'}, {'💡我的想法':'蔬菜的一生中，幼苗階段可能需要特別注意灌溉和施肥'}, {'🧐我覺得更好的想法':'蔬菜的一生中，開花和結果階段可能需要特別注意授粉和保護果實'}, {'❓我想知道':'蔬菜的一生中，有哪些因素會影響生長的速度？'}, {'💡我的想法':'蔬菜的一生中，溫度、光照、水分和養分等因素都會影響生長的速度'}, {'🙅🏻這個想法不能解釋':'蔬菜的一生中，土壤的酸鹼度也可能影響生長的速度'}, {'📄舉例和參考來源':'根據研究，蔬菜的生長速度在適宜的溫度、光照和水分條件下會更快'}, {'💡我的想法':'蔬菜的一生中，生長階段可能需要不同的養分'}, {'❓我想知道':'蔬菜的一生中，有哪些常見的蔬菜？'}, {'💡我的想法':'常見的蔬菜有番茄、胡蘿蔔、青菜等'}, {'🧐我覺得更好的想法':'常見的蔬菜還有豆芽、白菜、花椰菜等'}, {'❓我想知道':'蔬菜的一生中，有哪些環境因素會影響生長？'}, {'💡我的想法':'蔬菜的一生中，環境因素包括溫度、光照、水分、養分和空氣品質等'}, {'🙅🏻這個想法不能解釋':'蔬菜的一生中，環境因素還包括土壤的酸鹼度和風向等'}, {'📄舉例和參考來源':'根據研究，蔬菜的生長受到環境因素的影響很大'}, {'✍🏻我的總結':'蔬菜的一生經歷種子、發芽、生長、開花、結果、成熟等階段，每個階段的時間和注意事項都有所不同，環境因素也會影響生長的速度和品質'}]",{'我最近學會了一個新的舞蹈，要不要我給你看看？': 0},我最近學會了一個新的舞蹈，要不要我給你看看？,0,0
蔬菜的一生經歷那些階段？,1. 蔬菜的生命週期,"[{'蔬菜的一生經歷那些階段？':'請發表你們的想法'}, {'💡我的想法':'蔬菜的一生經歷種子、發芽、生長、開花、結果、成熟等階段'}, {'🧐我覺得更好的想法':'蔬菜的一生還包括播種、發芽、幼苗、生長、開花、結果、成熟等階段'}, {'❓我想知道':'蔬菜的一生中，每個階段需要多久的時間？'}, {'💡我的想法':'蔬菜的一生中，每個階段的時間可能因種類而有所不同'}, {'🙅🏻這個想法不能解釋':'蔬菜的一生中，每個階段的時間應該是有一定的範圍'}, {'📄舉例和參考來源':'根據資料顯示，一般蔬菜的生長週期大約在2個月到4個月之間'}, {'💡我的想法':'蔬菜的一生中，每個階段的時間也受到種植環境和栽培方式的影響'}, {'❓我想知道':'蔬菜的一生中，哪個階段最需要注意？'}, {'💡我的想法':'蔬菜的一生中，幼苗階段可能需要特別注意灌溉和施肥'}, {'🧐我覺得更好的想法':'蔬菜的一生中，開花和結果階段可能需要特別注意授粉和保護果實'}, {'❓我想知道':'蔬菜的一生中，有哪些因素會影響生長的速度？'}, {'💡我的想法':'蔬菜的一生中，溫度、光照、水分和養分等因素都會影響生長的速度'}, {'🙅🏻這個想法不能解釋':'蔬菜的一生中，土壤的酸鹼度也可能影響生長的速度'}, {'📄舉例和參考來源':'根據研究，蔬菜的生長速度在適宜的溫度、光照和水分條件下會更快'}, {'💡我的想法':'蔬菜的一生中，生長階段可能需要不同的養分'}, {'❓我想知道':'蔬菜的一生中，有哪些常見的蔬菜？'}, {'💡我的想法':'常見的蔬菜有番茄、胡蘿蔔、青菜等'}, {'🧐我覺得更好的想法':'常見的蔬菜還有豆芽、白菜、花椰菜等'}, {'❓我想知道':'蔬菜的一生中，有哪些環境因素會影響生長？'}, {'💡我的想法':'蔬菜的一生中，環境因素包括溫度、光照、水分、養分和空氣品質等'}, {'🙅🏻這個想法不能解釋':'蔬菜的一生中，環境因素還包括土壤的酸鹼度和風向等'}, {'📄舉例和參考來源':'根據研究，蔬菜的生長受到環境因素的影響很大'}, {'✍🏻我的總結':'蔬菜的一生經歷種子、發芽、生長、開花、結果、成熟等階段，每個階段的時間和注意事項都有所不同，環境因素也會影響生長的速度和品質'}]",{'我喜歡吃巧克力冰淇淋，尤其是夏天': 0},我喜歡吃巧克力冰淇淋，尤其是夏天,0,0
蔬菜的一生經歷那些階段？,1. 蔬菜的生命週期,"[{'蔬菜的一生經歷那些階段？':'請發表你們的想法'}, {'💡我的想法':'蔬菜的一生經歷種子、發芽、生長、開花、結果、成熟等階段'}, {'🧐我覺得更好的想法':'蔬菜的一生還包括播種、發芽、幼苗、生長、開花、結果、成熟等階段'}, {'❓我想知道':'蔬菜的一生中，每個階段需要多久的時間？'}, {'💡我的想法':'蔬菜的一生中，每個階段的時間可能因種類而有所不同'}, {'🙅🏻這個想法不能解釋':'蔬菜的一生中，每個階段的時間應該是有一定的範圍'}, {'📄舉例和參考來源':'根據資料顯示，一般蔬菜的生長週期大約在2個月到4個月之間'}, {'💡我的想法':'蔬菜的一生中，每個階段的時間也受到種植環境和栽培方式的影響'}, {'❓我想知道':'蔬菜的一生中，哪個階段最需要注意？'}, {'💡我的想法':'蔬菜的一生中，幼苗階段可能需要特別注意灌溉和施肥'}, {'🧐我覺得更好的想法':'蔬菜的一生中，開花和結果階段可能需要特別注意授粉和保護果實'}, {'❓我想知道':'蔬菜的一生中，有哪些因素會影響生長的速度？'}, {'💡我的想法':'蔬菜的一生中，溫度、光照、水分和養分等因素都會影響生長的速度'}, {'🙅🏻這個想法不能解釋':'蔬菜的一生中，土壤的酸鹼度也可能影響生長的速度'}, {'📄舉例和參考來源':'根據研究，蔬菜的生長速度在適宜的溫度、光照和水分條件下會更快'}, {'💡我的想法':'蔬菜的一生中，生長階段可能需要不同的養分'}, {'❓我想知道':'蔬菜的一生中，有哪些常見的蔬菜？'}, {'💡我的想法':'常見的蔬菜有番茄、胡蘿蔔、青菜等'}, {'🧐我覺得更好的想法':'常見的蔬菜還有豆芽、白菜、花椰菜等'}, {'❓我想知道':'蔬菜的一生中，有哪些環境因素會影響生長？'}, {'💡我的想法':'蔬菜的一生中，環境因素包括溫度、光照、水分、養分和空氣品質等'}, {'🙅🏻這個想法不能解釋':'蔬菜的一生中，環境因素還包括土壤的酸鹼度和風向等'}, {'📄舉例和參考來源':'根據研究，蔬菜的生長受到環境因素的影響很大'}, {'✍🏻我的總結':'蔬菜的一生經歷種子、發芽、生長、開花、結果、成熟等階段，每個階段的時間和注意事項都有所不同，環境因素也會影響生長的速度和品質'}]",{'我家的花園裡種了很多花，每天都有花開': 0},我家的花園裡種了很多花，每天都有花開,0,1
蔬菜的一生經歷那些階段？,1. 蔬菜的生命週期,"[{'蔬菜的一生經歷那些階段？':'請發表你們的想法'}, {'💡我的想法':'蔬菜的一生經歷種子、發芽、生長、開花、結果、成熟等階段'}, {'🧐我覺得更好的想法':'蔬菜的一生還包括播種、發芽、幼苗、生長、開花、結果、成熟等階段'}, {'❓我想知道':'蔬菜的一生中，每個階段需要多久的時間？'}, {'💡我的想法':'蔬菜的一生中，每個階段的時間可能因種類而有所不同'}, {'🙅🏻這個想法不能解釋':'蔬菜的一生中，每個階段的時間應該是有一定的範圍'}, {'📄舉例和參考來源':'根據資料顯示，一般蔬菜的生長週期大約在2個月到4個月之間'}, {'💡我的想法':'蔬菜的一生中，每個階段的時間也受到種植環境和栽培方式的影響'}, {'❓我想知道':'蔬菜的一生中，哪個階段最需要注意？'}, {'💡我的想法':'蔬菜的一生中，幼苗階段可能需要特別注意灌溉和施肥'}, {'🧐我覺得更好的想法':'蔬菜的一生中，開花和結果階段可能需要特別注意授粉和保護果實'}, {'❓我想知道':'蔬菜的一生中，有哪些因素會影響生長的速度？'}, {'💡我的想法':'蔬菜的一生中，溫度、光照、水分和養分等因素都會影響生長的速度'}, {'🙅🏻這個想法不能解釋':'蔬菜的一生中，土壤的酸鹼度也可能影響生長的速度'}, {'📄舉例和參考來源':'根據研究，蔬菜的生長速度在適宜的溫度、光照和水分條件下會更快'}, {'💡我的想法':'蔬菜的一生中，生長階段可能需要不同的養分'}, {'❓我想知道':'蔬菜的一生中，有哪些常見的蔬菜？'}, {'💡我的想法':'常見的蔬菜有番茄、胡蘿蔔、青菜等'}, {'🧐我覺得更好的想法':'常見的蔬菜還有豆芽、白菜、花椰菜等'}, {'❓我想知道':'蔬菜的一生中，有哪些環境因素會影響生長？'}, {'💡我的想法':'蔬菜的一生中，環境因素包括溫度、光照、水分、養分和空氣品質等'}, {'🙅🏻這個想法不能解釋':'蔬菜的一生中，環境因素還包括土壤的酸鹼度和風向等'}, {'📄舉例和參考來源':'根據研究，蔬菜的生長受到環境因素的影響很大'}, {'✍🏻我的總結':'蔬菜的一生經歷種子、發芽、生長、開花、結果、成熟等階段，每個階段的時間和注意事項都有所不同，環境因素也會影響生長的速度和品質'}]",{'我最喜歡的顏色是藍色，因為它很漂亮': 0},我最喜歡的顏色是藍色，因為它很漂亮,0,0
蔬菜的一生經歷那些階段？,1. 蔬菜的生命週期,"[{'蔬菜的一生經歷那些階段？':'請發表你們的想法'}, {'💡我的想法':'蔬菜的一生經歷種子、發芽、生長、開花、結果、成熟等階段'}, {'🧐我覺得更好的想法':'蔬菜的一生還包括播種、發芽、幼苗、生長、開花、結果、成熟等階段'}, {'❓我想知道':'蔬菜的一生中，每個階段需要多久的時間？'}, {'💡我的想法':'蔬菜的一生中，每個階段的時間可能因種類而有所不同'}, {'🙅🏻這個想法不能解釋':'蔬菜的一生中，每個階段的時間應該是有一定的範圍'}, {'📄舉例和參考來源':'根據資料顯示，一般蔬菜的生長週期大約在2個月到4個月之間'}, {'💡我的想法':'蔬菜的一生中，每個階段的時間也受到種植環境和栽培方式的影響'}, {'❓我想知道':'蔬菜的一生中，哪個階段最需要注意？'}, {'💡我的想法':'蔬菜的一生中，幼苗階段可能需要特別注意灌溉和施肥'}, {'🧐我覺得更好的想法':'蔬菜的一生中，開花和結果階段可能需要特別注意授粉和保護果實'}, {'❓我想知道':'蔬菜的一生中，有哪些因素會影響生長的速度？'}, {'💡我的想法':'蔬菜的一生中，溫度、光照、水分和養分等因素都會影響生長的速度'}, {'🙅🏻這個想法不能解釋':'蔬菜的一生中，土壤的酸鹼度也可能影響生長的速度'}, {'📄舉例和參考來源':'根據研究，蔬菜的生長速度在適宜的溫度、光照和水分條件下會更快'}, {'💡我的想法':'蔬菜的一生中，生長階段可能需要不同的養分'}, {'❓我想知道':'蔬菜的一生中，有哪些常見的蔬菜？'}, {'💡我的想法':'常見的蔬菜有番茄、胡蘿蔔、青菜等'}, {'🧐我覺得更好的想法':'常見的蔬菜還有豆芽、白菜、花椰菜等'}, {'❓我想知道':'蔬菜的一生中，有哪些環境因素會影響生長？'}, {'💡我的想法':'蔬菜的一生中，環境因素包括溫度、光照、水分、養分和空氣品質等'}, {'🙅🏻這個想法不能解釋':'蔬菜的一生中，環境因素還包括土壤的酸鹼度和風向等'}, {'📄舉例和參考來源':'根據研究，蔬菜的生長受到環境因素的影響很大'}, {'✍🏻我的總結':'蔬菜的一生經歷種子、發芽、生長、開花、結果、成熟等階段，每個階段的時間和注意事項都有所不同，環境因素也會影響生長的速度和品質'}]",{'我喜歡聽音樂，最近在學吉他': 0},我喜歡聽音樂，最近在學吉他,0,0
蔬菜的一生經歷那些階段？,1. 蔬菜的生命週期,"[{'蔬菜的一生經歷那些階段？':'請發表你們的想法'}, {'💡我的想法':'蔬菜的一生經歷種子、發芽、生長、開花、結果、成熟等階段'}, {'🧐我覺得更好的想法':'蔬菜的一生還包括播種、發芽、幼苗、生長、開花、結果、成熟等階段'}, {'❓我想知道':'蔬菜的一生中，每個階段需要多久的時間？'}, {'💡我的想法':'蔬菜的一生中，每個階段的時間可能因種類而有所不同'}, {'🙅🏻這個想法不能解釋':'蔬菜的一生中，每個階段的時間應該是有一定的範圍'}, {'📄舉例和參考來源':'根據資料顯示，一般蔬菜的生長週期大約在2個月到4個月之間'}, {'💡我的想法':'蔬菜的一生中，每個階段的時間也受到種植環境和栽培方式的影響'}, {'❓我想知道':'蔬菜的一生中，哪個階段最需要注意？'}, {'💡我的想法':'蔬菜的一生中，幼苗階段可能需要特別注意灌溉和施肥'}, {'🧐我覺得更好的想法':'蔬菜的一生中，開花和結果階段可能需要特別注意授粉和保護果實'}, {'❓我想知道':'蔬菜的一生中，有哪些因素會影響生長的速度？'}, {'💡我的想法':'蔬菜的一生中，溫度、光照、水分和養分等因素都會影響生長的速度'}, {'🙅🏻這個想法不能解釋':'蔬菜的一生中，土壤的酸鹼度也可能影響生長的速度'}, {'📄舉例和參考來源':'根據研究，蔬菜的生長速度在適宜的溫度、光照和水分條件下會更快'}, {'💡我的想法':'蔬菜的一生中，生長階段可能需要不同的養分'}, {'❓我想知道':'蔬菜的一生中，有哪些常見的蔬菜？'}, {'💡我的想法':'常見的蔬菜有番茄、胡蘿蔔、青菜等'}, {'🧐我覺得更好的想法':'常見的蔬菜還有豆芽、白菜、花椰菜等'}, {'❓我想知道':'蔬菜的一生中，有哪些環境因素會影響生長？'}, {'💡我的想法':'蔬菜的一生中，環境因素包括溫度、光照、水分、養分和空氣品質等'}, {'🙅🏻這個想法不能解釋':'蔬菜的一生中，環境因素還包括土壤的酸鹼度和風向等'}, {'📄舉例和參考來源':'根據研究，蔬菜的生長受到環境因素的影響很大'}, {'✍🏻我的總結':'蔬菜的一生經歷種子、發芽、生長、開花、結果、成熟等階段，每個階段的時間和注意事項都有所不同，環境因素也會影響生長的速度和品質'}]",{'我昨天去逛街，買了一件新衣服': 0},我昨天去逛街，買了一件新衣服,0,0
