inquiry,knowledge,idea,messages,message,relevant
空氣存在哪裡？ ,1. 空氣存在的地方,"[{'空氣存在哪裡？':'請發表你們的想法'}, {'💡我的想法':'空氣存在在我們周圍的空間中'}, {'🧐我覺得更好的想法':'空氣存在在大氣層中'}, {'❓我想知道':'大氣層是什麼？'}, {'📄舉例和參考來源':'大氣層是包圍地球的氣體層，像是我們呼吸的空氣就是其中的一部分'}, {'💡我的想法':'空氣也存在在水中'}, {'❓我想知道':'水中的空氣是怎麼存在的？'}, {'🙅🏻這個想法不能解釋':'水中的空氣是溶解在水中的'}, {'💡我的想法':'空氣也存在在土壤中'}, {'❓我想知道':'土壤中的空氣是怎麼存在的？'}, {'🙅🏻這個想法不能解釋':'土壤中的空氣是被土壤顆粒間的孔隙所填滿的'}, {'💡我的想法':'空氣存在在植物的葉子中'}, {'❓我想知道':'植物的葉子中的空氣是怎麼存在的？'}, {'🙅🏻這個想法不能解釋':'植物的葉子中的空氣是透過氣孔進出的'}, {'💡我的想法':'空氣存在在地下的洞穴中'}, {'❓我想知道':'地下的洞穴中的空氣是怎麼存在的？'}, {'🙅🏻這個想法不能解釋':'地下的洞穴中的空氣是透過地表的裂隙進入的'}, {'💡我的想法':'空氣存在在室內的房間中'}, {'❓我想知道':'室內的房間中的空氣是怎麼存在的？'}, {'🙅🏻這個想法不能解釋':'室內的房間中的空氣是透過通風系統進出的'}, {'💡我的想法':'空氣存在在動物的肺部中'}, {'❓我想知道':'動物的肺部中的空氣是怎麼存在的？'}, {'🙅🏻這個想法不能解釋':'動物的肺部中的空氣是透過呼吸進出的'}, {'🧐我覺得更好的想法':'空氣存在在各種物體的表面上'}, {'❓我想知道':'物體表面上的空氣是怎麼存在的？'}, {'🙅🏻這個想法不能解釋':'物體表面上的空氣是被物體壓迫著的'}, {'✍🏻我的總結':'空氣存在在我們周圍的空間中，也存在在大氣層、水中、土壤中、植物的葉子中、地下的洞穴中、室內的房間中、動物的肺部中，以及各種物體的表面上'}]",{'空氣存在於地球的大氣層中': 1},空氣存在於地球的大氣層中,1
空氣存在哪裡？ ,1. 空氣存在的地方,"[{'空氣存在哪裡？':'請發表你們的想法'}, {'💡我的想法':'空氣存在在我們周圍的空間中'}, {'🧐我覺得更好的想法':'空氣存在在大氣層中'}, {'❓我想知道':'大氣層是什麼？'}, {'📄舉例和參考來源':'大氣層是包圍地球的氣體層，像是我們呼吸的空氣就是其中的一部分'}, {'💡我的想法':'空氣也存在在水中'}, {'❓我想知道':'水中的空氣是怎麼存在的？'}, {'🙅🏻這個想法不能解釋':'水中的空氣是溶解在水中的'}, {'💡我的想法':'空氣也存在在土壤中'}, {'❓我想知道':'土壤中的空氣是怎麼存在的？'}, {'🙅🏻這個想法不能解釋':'土壤中的空氣是被土壤顆粒間的孔隙所填滿的'}, {'💡我的想法':'空氣存在在植物的葉子中'}, {'❓我想知道':'植物的葉子中的空氣是怎麼存在的？'}, {'🙅🏻這個想法不能解釋':'植物的葉子中的空氣是透過氣孔進出的'}, {'💡我的想法':'空氣存在在地下的洞穴中'}, {'❓我想知道':'地下的洞穴中的空氣是怎麼存在的？'}, {'🙅🏻這個想法不能解釋':'地下的洞穴中的空氣是透過地表的裂隙進入的'}, {'💡我的想法':'空氣存在在室內的房間中'}, {'❓我想知道':'室內的房間中的空氣是怎麼存在的？'}, {'🙅🏻這個想法不能解釋':'室內的房間中的空氣是透過通風系統進出的'}, {'💡我的想法':'空氣存在在動物的肺部中'}, {'❓我想知道':'動物的肺部中的空氣是怎麼存在的？'}, {'🙅🏻這個想法不能解釋':'動物的肺部中的空氣是透過呼吸進出的'}, {'🧐我覺得更好的想法':'空氣存在在各種物體的表面上'}, {'❓我想知道':'物體表面上的空氣是怎麼存在的？'}, {'🙅🏻這個想法不能解釋':'物體表面上的空氣是被物體壓迫著的'}, {'✍🏻我的總結':'空氣存在在我們周圍的空間中，也存在在大氣層、水中、土壤中、植物的葉子中、地下的洞穴中、室內的房間中、動物的肺部中，以及各種物體的表面上'}]",{'我昨天去海邊玩，感覺到海風很涼爽': 0},我昨天去海邊玩，感覺到海風很涼爽,0
空氣存在哪裡？ ,1. 空氣存在的地方,"[{'空氣存在哪裡？':'請發表你們的想法'}, {'💡我的想法':'空氣存在在我們周圍的空間中'}, {'🧐我覺得更好的想法':'空氣存在在大氣層中'}, {'❓我想知道':'大氣層是什麼？'}, {'📄舉例和參考來源':'大氣層是包圍地球的氣體層，像是我們呼吸的空氣就是其中的一部分'}, {'💡我的想法':'空氣也存在在水中'}, {'❓我想知道':'水中的空氣是怎麼存在的？'}, {'🙅🏻這個想法不能解釋':'水中的空氣是溶解在水中的'}, {'💡我的想法':'空氣也存在在土壤中'}, {'❓我想知道':'土壤中的空氣是怎麼存在的？'}, {'🙅🏻這個想法不能解釋':'土壤中的空氣是被土壤顆粒間的孔隙所填滿的'}, {'💡我的想法':'空氣存在在植物的葉子中'}, {'❓我想知道':'植物的葉子中的空氣是怎麼存在的？'}, {'🙅🏻這個想法不能解釋':'植物的葉子中的空氣是透過氣孔進出的'}, {'💡我的想法':'空氣存在在地下的洞穴中'}, {'❓我想知道':'地下的洞穴中的空氣是怎麼存在的？'}, {'🙅🏻這個想法不能解釋':'地下的洞穴中的空氣是透過地表的裂隙進入的'}, {'💡我的想法':'空氣存在在室內的房間中'}, {'❓我想知道':'室內的房間中的空氣是怎麼存在的？'}, {'🙅🏻這個想法不能解釋':'室內的房間中的空氣是透過通風系統進出的'}, {'💡我的想法':'空氣存在在動物的肺部中'}, {'❓我想知道':'動物的肺部中的空氣是怎麼存在的？'}, {'🙅🏻這個想法不能解釋':'動物的肺部中的空氣是透過呼吸進出的'}, {'🧐我覺得更好的想法':'空氣存在在各種物體的表面上'}, {'❓我想知道':'物體表面上的空氣是怎麼存在的？'}, {'🙅🏻這個想法不能解釋':'物體表面上的空氣是被物體壓迫著的'}, {'✍🏻我的總結':'空氣存在在我們周圍的空間中，也存在在大氣層、水中、土壤中、植物的葉子中、地下的洞穴中、室內的房間中、動物的肺部中，以及各種物體的表面上'}]",{'我最喜歡的運動是游泳，因為可以在水中感受到空氣': 0},我最喜歡的運動是游泳，因為可以在水中感受到空氣,0
空氣存在哪裡？ ,1. 空氣存在的地方,"[{'空氣存在哪裡？':'請發表你們的想法'}, {'💡我的想法':'空氣存在在我們周圍的空間中'}, {'🧐我覺得更好的想法':'空氣存在在大氣層中'}, {'❓我想知道':'大氣層是什麼？'}, {'📄舉例和參考來源':'大氣層是包圍地球的氣體層，像是我們呼吸的空氣就是其中的一部分'}, {'💡我的想法':'空氣也存在在水中'}, {'❓我想知道':'水中的空氣是怎麼存在的？'}, {'🙅🏻這個想法不能解釋':'水中的空氣是溶解在水中的'}, {'💡我的想法':'空氣也存在在土壤中'}, {'❓我想知道':'土壤中的空氣是怎麼存在的？'}, {'🙅🏻這個想法不能解釋':'土壤中的空氣是被土壤顆粒間的孔隙所填滿的'}, {'💡我的想法':'空氣存在在植物的葉子中'}, {'❓我想知道':'植物的葉子中的空氣是怎麼存在的？'}, {'🙅🏻這個想法不能解釋':'植物的葉子中的空氣是透過氣孔進出的'}, {'💡我的想法':'空氣存在在地下的洞穴中'}, {'❓我想知道':'地下的洞穴中的空氣是怎麼存在的？'}, {'🙅🏻這個想法不能解釋':'地下的洞穴中的空氣是透過地表的裂隙進入的'}, {'💡我的想法':'空氣存在在室內的房間中'}, {'❓我想知道':'室內的房間中的空氣是怎麼存在的？'}, {'🙅🏻這個想法不能解釋':'室內的房間中的空氣是透過通風系統進出的'}, {'💡我的想法':'空氣存在在動物的肺部中'}, {'❓我想知道':'動物的肺部中的空氣是怎麼存在的？'}, {'🙅🏻這個想法不能解釋':'動物的肺部中的空氣是透過呼吸進出的'}, {'🧐我覺得更好的想法':'空氣存在在各種物體的表面上'}, {'❓我想知道':'物體表面上的空氣是怎麼存在的？'}, {'🙅🏻這個想法不能解釋':'物體表面上的空氣是被物體壓迫著的'}, {'✍🏻我的總結':'空氣存在在我們周圍的空間中，也存在在大氣層、水中、土壤中、植物的葉子中、地下的洞穴中、室內的房間中、動物的肺部中，以及各種物體的表面上'}]",{'空氣中含有氧氣和其他氣體': 1},空氣中含有氧氣和其他氣體,1
空氣存在哪裡？ ,1. 空氣存在的地方,"[{'空氣存在哪裡？':'請發表你們的想法'}, {'💡我的想法':'空氣存在在我們周圍的空間中'}, {'🧐我覺得更好的想法':'空氣存在在大氣層中'}, {'❓我想知道':'大氣層是什麼？'}, {'📄舉例和參考來源':'大氣層是包圍地球的氣體層，像是我們呼吸的空氣就是其中的一部分'}, {'💡我的想法':'空氣也存在在水中'}, {'❓我想知道':'水中的空氣是怎麼存在的？'}, {'🙅🏻這個想法不能解釋':'水中的空氣是溶解在水中的'}, {'💡我的想法':'空氣也存在在土壤中'}, {'❓我想知道':'土壤中的空氣是怎麼存在的？'}, {'🙅🏻這個想法不能解釋':'土壤中的空氣是被土壤顆粒間的孔隙所填滿的'}, {'💡我的想法':'空氣存在在植物的葉子中'}, {'❓我想知道':'植物的葉子中的空氣是怎麼存在的？'}, {'🙅🏻這個想法不能解釋':'植物的葉子中的空氣是透過氣孔進出的'}, {'💡我的想法':'空氣存在在地下的洞穴中'}, {'❓我想知道':'地下的洞穴中的空氣是怎麼存在的？'}, {'🙅🏻這個想法不能解釋':'地下的洞穴中的空氣是透過地表的裂隙進入的'}, {'💡我的想法':'空氣存在在室內的房間中'}, {'❓我想知道':'室內的房間中的空氣是怎麼存在的？'}, {'🙅🏻這個想法不能解釋':'室內的房間中的空氣是透過通風系統進出的'}, {'💡我的想法':'空氣存在在動物的肺部中'}, {'❓我想知道':'動物的肺部中的空氣是怎麼存在的？'}, {'🙅🏻這個想法不能解釋':'動物的肺部中的空氣是透過呼吸進出的'}, {'🧐我覺得更好的想法':'空氣存在在各種物體的表面上'}, {'❓我想知道':'物體表面上的空氣是怎麼存在的？'}, {'🙅🏻這個想法不能解釋':'物體表面上的空氣是被物體壓迫著的'}, {'✍🏻我的總結':'空氣存在在我們周圍的空間中，也存在在大氣層、水中、土壤中、植物的葉子中、地下的洞穴中、室內的房間中、動物的肺部中，以及各種物體的表面上'}]",{'我家有一台空氣清淨機，可以過濾空氣中的污染物': 1},我家有一台空氣清淨機，可以過濾空氣中的污染物,1
空氣存在哪裡？ ,1. 空氣存在的地方,"[{'空氣存在哪裡？':'請發表你們的想法'}, {'💡我的想法':'空氣存在在我們周圍的空間中'}, {'🧐我覺得更好的想法':'空氣存在在大氣層中'}, {'❓我想知道':'大氣層是什麼？'}, {'📄舉例和參考來源':'大氣層是包圍地球的氣體層，像是我們呼吸的空氣就是其中的一部分'}, {'💡我的想法':'空氣也存在在水中'}, {'❓我想知道':'水中的空氣是怎麼存在的？'}, {'🙅🏻這個想法不能解釋':'水中的空氣是溶解在水中的'}, {'💡我的想法':'空氣也存在在土壤中'}, {'❓我想知道':'土壤中的空氣是怎麼存在的？'}, {'🙅🏻這個想法不能解釋':'土壤中的空氣是被土壤顆粒間的孔隙所填滿的'}, {'💡我的想法':'空氣存在在植物的葉子中'}, {'❓我想知道':'植物的葉子中的空氣是怎麼存在的？'}, {'🙅🏻這個想法不能解釋':'植物的葉子中的空氣是透過氣孔進出的'}, {'💡我的想法':'空氣存在在地下的洞穴中'}, {'❓我想知道':'地下的洞穴中的空氣是怎麼存在的？'}, {'🙅🏻這個想法不能解釋':'地下的洞穴中的空氣是透過地表的裂隙進入的'}, {'💡我的想法':'空氣存在在室內的房間中'}, {'❓我想知道':'室內的房間中的空氣是怎麼存在的？'}, {'🙅🏻這個想法不能解釋':'室內的房間中的空氣是透過通風系統進出的'}, {'💡我的想法':'空氣存在在動物的肺部中'}, {'❓我想知道':'動物的肺部中的空氣是怎麼存在的？'}, {'🙅🏻這個想法不能解釋':'動物的肺部中的空氣是透過呼吸進出的'}, {'🧐我覺得更好的想法':'空氣存在在各種物體的表面上'}, {'❓我想知道':'物體表面上的空氣是怎麼存在的？'}, {'🙅🏻這個想法不能解釋':'物體表面上的空氣是被物體壓迫著的'}, {'✍🏻我的總結':'空氣存在在我們周圍的空間中，也存在在大氣層、水中、土壤中、植物的葉子中、地下的洞穴中、室內的房間中、動物的肺部中，以及各種物體的表面上'}]",{'我喜歡在戶外運動，因為可以呼吸到新鮮的空氣': 1},我喜歡在戶外運動，因為可以呼吸到新鮮的空氣,1
空氣存在哪裡？ ,1. 空氣存在的地方,"[{'空氣存在哪裡？':'請發表你們的想法'}, {'💡我的想法':'空氣存在在我們周圍的空間中'}, {'🧐我覺得更好的想法':'空氣存在在大氣層中'}, {'❓我想知道':'大氣層是什麼？'}, {'📄舉例和參考來源':'大氣層是包圍地球的氣體層，像是我們呼吸的空氣就是其中的一部分'}, {'💡我的想法':'空氣也存在在水中'}, {'❓我想知道':'水中的空氣是怎麼存在的？'}, {'🙅🏻這個想法不能解釋':'水中的空氣是溶解在水中的'}, {'💡我的想法':'空氣也存在在土壤中'}, {'❓我想知道':'土壤中的空氣是怎麼存在的？'}, {'🙅🏻這個想法不能解釋':'土壤中的空氣是被土壤顆粒間的孔隙所填滿的'}, {'💡我的想法':'空氣存在在植物的葉子中'}, {'❓我想知道':'植物的葉子中的空氣是怎麼存在的？'}, {'🙅🏻這個想法不能解釋':'植物的葉子中的空氣是透過氣孔進出的'}, {'💡我的想法':'空氣存在在地下的洞穴中'}, {'❓我想知道':'地下的洞穴中的空氣是怎麼存在的？'}, {'🙅🏻這個想法不能解釋':'地下的洞穴中的空氣是透過地表的裂隙進入的'}, {'💡我的想法':'空氣存在在室內的房間中'}, {'❓我想知道':'室內的房間中的空氣是怎麼存在的？'}, {'🙅🏻這個想法不能解釋':'室內的房間中的空氣是透過通風系統進出的'}, {'💡我的想法':'空氣存在在動物的肺部中'}, {'❓我想知道':'動物的肺部中的空氣是怎麼存在的？'}, {'🙅🏻這個想法不能解釋':'動物的肺部中的空氣是透過呼吸進出的'}, {'🧐我覺得更好的想法':'空氣存在在各種物體的表面上'}, {'❓我想知道':'物體表面上的空氣是怎麼存在的？'}, {'🙅🏻這個想法不能解釋':'物體表面上的空氣是被物體壓迫著的'}, {'✍🏻我的總結':'空氣存在在我們周圍的空間中，也存在在大氣層、水中、土壤中、植物的葉子中、地下的洞穴中、室內的房間中、動物的肺部中，以及各種物體的表面上'}]",{'我家的花盆裡有一些小昆蟲，牠們也需要空氣呼吸': 1},我家的花盆裡有一些小昆蟲，牠們也需要空氣呼吸,1
空氣存在哪裡？ ,1. 空氣存在的地方,"[{'空氣存在哪裡？':'請發表你們的想法'}, {'💡我的想法':'空氣存在在我們周圍的空間中'}, {'🧐我覺得更好的想法':'空氣存在在大氣層中'}, {'❓我想知道':'大氣層是什麼？'}, {'📄舉例和參考來源':'大氣層是包圍地球的氣體層，像是我們呼吸的空氣就是其中的一部分'}, {'💡我的想法':'空氣也存在在水中'}, {'❓我想知道':'水中的空氣是怎麼存在的？'}, {'🙅🏻這個想法不能解釋':'水中的空氣是溶解在水中的'}, {'💡我的想法':'空氣也存在在土壤中'}, {'❓我想知道':'土壤中的空氣是怎麼存在的？'}, {'🙅🏻這個想法不能解釋':'土壤中的空氣是被土壤顆粒間的孔隙所填滿的'}, {'💡我的想法':'空氣存在在植物的葉子中'}, {'❓我想知道':'植物的葉子中的空氣是怎麼存在的？'}, {'🙅🏻這個想法不能解釋':'植物的葉子中的空氣是透過氣孔進出的'}, {'💡我的想法':'空氣存在在地下的洞穴中'}, {'❓我想知道':'地下的洞穴中的空氣是怎麼存在的？'}, {'🙅🏻這個想法不能解釋':'地下的洞穴中的空氣是透過地表的裂隙進入的'}, {'💡我的想法':'空氣存在在室內的房間中'}, {'❓我想知道':'室內的房間中的空氣是怎麼存在的？'}, {'🙅🏻這個想法不能解釋':'室內的房間中的空氣是透過通風系統進出的'}, {'💡我的想法':'空氣存在在動物的肺部中'}, {'❓我想知道':'動物的肺部中的空氣是怎麼存在的？'}, {'🙅🏻這個想法不能解釋':'動物的肺部中的空氣是透過呼吸進出的'}, {'🧐我覺得更好的想法':'空氣存在在各種物體的表面上'}, {'❓我想知道':'物體表面上的空氣是怎麼存在的？'}, {'🙅🏻這個想法不能解釋':'物體表面上的空氣是被物體壓迫著的'}, {'✍🏻我的總結':'空氣存在在我們周圍的空間中，也存在在大氣層、水中、土壤中、植物的葉子中、地下的洞穴中、室內的房間中、動物的肺部中，以及各種物體的表面上'}]",{'我最喜歡的季節是冬天，因為可以看到濃濃的霧氣': 0},我最喜歡的季節是冬天，因為可以看到濃濃的霧氣,0
空氣存在哪裡？ ,1. 空氣存在的地方,"[{'空氣存在哪裡？':'請發表你們的想法'}, {'💡我的想法':'空氣存在在我們周圍的空間中'}, {'🧐我覺得更好的想法':'空氣存在在大氣層中'}, {'❓我想知道':'大氣層是什麼？'}, {'📄舉例和參考來源':'大氣層是包圍地球的氣體層，像是我們呼吸的空氣就是其中的一部分'}, {'💡我的想法':'空氣也存在在水中'}, {'❓我想知道':'水中的空氣是怎麼存在的？'}, {'🙅🏻這個想法不能解釋':'水中的空氣是溶解在水中的'}, {'💡我的想法':'空氣也存在在土壤中'}, {'❓我想知道':'土壤中的空氣是怎麼存在的？'}, {'🙅🏻這個想法不能解釋':'土壤中的空氣是被土壤顆粒間的孔隙所填滿的'}, {'💡我的想法':'空氣存在在植物的葉子中'}, {'❓我想知道':'植物的葉子中的空氣是怎麼存在的？'}, {'🙅🏻這個想法不能解釋':'植物的葉子中的空氣是透過氣孔進出的'}, {'💡我的想法':'空氣存在在地下的洞穴中'}, {'❓我想知道':'地下的洞穴中的空氣是怎麼存在的？'}, {'🙅🏻這個想法不能解釋':'地下的洞穴中的空氣是透過地表的裂隙進入的'}, {'💡我的想法':'空氣存在在室內的房間中'}, {'❓我想知道':'室內的房間中的空氣是怎麼存在的？'}, {'🙅🏻這個想法不能解釋':'室內的房間中的空氣是透過通風系統進出的'}, {'💡我的想法':'空氣存在在動物的肺部中'}, {'❓我想知道':'動物的肺部中的空氣是怎麼存在的？'}, {'🙅🏻這個想法不能解釋':'動物的肺部中的空氣是透過呼吸進出的'}, {'🧐我覺得更好的想法':'空氣存在在各種物體的表面上'}, {'❓我想知道':'物體表面上的空氣是怎麼存在的？'}, {'🙅🏻這個想法不能解釋':'物體表面上的空氣是被物體壓迫著的'}, {'✍🏻我的總結':'空氣存在在我們周圍的空間中，也存在在大氣層、水中、土壤中、植物的葉子中、地下的洞穴中、室內的房間中、動物的肺部中，以及各種物體的表面上'}]",{'空氣中的氧氣對人體呼吸很重要': 1},空氣中的氧氣對人體呼吸很重要,1
空氣存在哪裡？ ,1. 空氣存在的地方,"[{'空氣存在哪裡？':'請發表你們的想法'}, {'💡我的想法':'空氣存在在我們周圍的空間中'}, {'🧐我覺得更好的想法':'空氣存在在大氣層中'}, {'❓我想知道':'大氣層是什麼？'}, {'📄舉例和參考來源':'大氣層是包圍地球的氣體層，像是我們呼吸的空氣就是其中的一部分'}, {'💡我的想法':'空氣也存在在水中'}, {'❓我想知道':'水中的空氣是怎麼存在的？'}, {'🙅🏻這個想法不能解釋':'水中的空氣是溶解在水中的'}, {'💡我的想法':'空氣也存在在土壤中'}, {'❓我想知道':'土壤中的空氣是怎麼存在的？'}, {'🙅🏻這個想法不能解釋':'土壤中的空氣是被土壤顆粒間的孔隙所填滿的'}, {'💡我的想法':'空氣存在在植物的葉子中'}, {'❓我想知道':'植物的葉子中的空氣是怎麼存在的？'}, {'🙅🏻這個想法不能解釋':'植物的葉子中的空氣是透過氣孔進出的'}, {'💡我的想法':'空氣存在在地下的洞穴中'}, {'❓我想知道':'地下的洞穴中的空氣是怎麼存在的？'}, {'🙅🏻這個想法不能解釋':'地下的洞穴中的空氣是透過地表的裂隙進入的'}, {'💡我的想法':'空氣存在在室內的房間中'}, {'❓我想知道':'室內的房間中的空氣是怎麼存在的？'}, {'🙅🏻這個想法不能解釋':'室內的房間中的空氣是透過通風系統進出的'}, {'💡我的想法':'空氣存在在動物的肺部中'}, {'❓我想知道':'動物的肺部中的空氣是怎麼存在的？'}, {'🙅🏻這個想法不能解釋':'動物的肺部中的空氣是透過呼吸進出的'}, {'🧐我覺得更好的想法':'空氣存在在各種物體的表面上'}, {'❓我想知道':'物體表面上的空氣是怎麼存在的？'}, {'🙅🏻這個想法不能解釋':'物體表面上的空氣是被物體壓迫著的'}, {'✍🏻我的總結':'空氣存在在我們周圍的空間中，也存在在大氣層、水中、土壤中、植物的葉子中、地下的洞穴中、室內的房間中、動物的肺部中，以及各種物體的表面上'}]",{'我家的陽台上有一個小風扇，可以讓空氣流通': 1},我家的陽台上有一個小風扇，可以讓空氣流通,1
空氣存在哪裡？ ,1. 空氣存在的地方,"[{'空氣存在哪裡？':'請發表你們的想法'}, {'💡我的想法':'空氣存在在我們周圍的空間中'}, {'🧐我覺得更好的想法':'空氣存在在大氣層中'}, {'❓我想知道':'大氣層是什麼？'}, {'📄舉例和參考來源':'大氣層是包圍地球的氣體層，像是我們呼吸的空氣就是其中的一部分'}, {'💡我的想法':'空氣也存在在水中'}, {'❓我想知道':'水中的空氣是怎麼存在的？'}, {'🙅🏻這個想法不能解釋':'水中的空氣是溶解在水中的'}, {'💡我的想法':'空氣也存在在土壤中'}, {'❓我想知道':'土壤中的空氣是怎麼存在的？'}, {'🙅🏻這個想法不能解釋':'土壤中的空氣是被土壤顆粒間的孔隙所填滿的'}, {'💡我的想法':'空氣存在在植物的葉子中'}, {'❓我想知道':'植物的葉子中的空氣是怎麼存在的？'}, {'🙅🏻這個想法不能解釋':'植物的葉子中的空氣是透過氣孔進出的'}, {'💡我的想法':'空氣存在在地下的洞穴中'}, {'❓我想知道':'地下的洞穴中的空氣是怎麼存在的？'}, {'🙅🏻這個想法不能解釋':'地下的洞穴中的空氣是透過地表的裂隙進入的'}, {'💡我的想法':'空氣存在在室內的房間中'}, {'❓我想知道':'室內的房間中的空氣是怎麼存在的？'}, {'🙅🏻這個想法不能解釋':'室內的房間中的空氣是透過通風系統進出的'}, {'💡我的想法':'空氣存在在動物的肺部中'}, {'❓我想知道':'動物的肺部中的空氣是怎麼存在的？'}, {'🙅🏻這個想法不能解釋':'動物的肺部中的空氣是透過呼吸進出的'}, {'🧐我覺得更好的想法':'空氣存在在各種物體的表面上'}, {'❓我想知道':'物體表面上的空氣是怎麼存在的？'}, {'🙅🏻這個想法不能解釋':'物體表面上的空氣是被物體壓迫著的'}, {'✍🏻我的總結':'空氣存在在我們周圍的空間中，也存在在大氣層、水中、土壤中、植物的葉子中、地下的洞穴中、室內的房間中、動物的肺部中，以及各種物體的表面上'}]",{'我喜歡在戶外野餐，可以享受到自然的空氣': 1},我喜歡在戶外野餐，可以享受到自然的空氣,1
空氣有哪些性質？,1. 裝在杯底的紙團壓入水底不會濕 2. 空氣占有空間 3. 空氣的外型 4. 空氣重量的實驗 5. 空氣的重量,"[{'空氣有哪些性質？':'請發表你們的想法'}, {'💡我的想法':'空氣是透明的，我們看不見它'}, {'🧐我覺得更好的想法':'空氣是無味無色的'}, {'❓我想知道':'空氣有沒有重量？'}, {'🙅🏻這個想法不能解釋':'空氣是有重量的'}, {'📄舉例和參考來源':'我們可以用秤量空氣的重量'}, {'✍🏻我的總結':'空氣是無味無色，但有重量'}]",{'空氣是一種物質，具有質量和重量': 1},空氣是一種物質，具有質量和重量,1
空氣有哪些性質？,1. 裝在杯底的紙團壓入水底不會濕 2. 空氣占有空間 3. 空氣的外型 4. 空氣重量的實驗 5. 空氣的重量,"[{'空氣有哪些性質？':'請發表你們的想法'}, {'💡我的想法':'空氣是透明的，我們看不見它'}, {'🧐我覺得更好的想法':'空氣是無味無色的'}, {'❓我想知道':'空氣有沒有重量？'}, {'🙅🏻這個想法不能解釋':'空氣是有重量的'}, {'📄舉例和參考來源':'我們可以用秤量空氣的重量'}, {'✍🏻我的總結':'空氣是無味無色，但有重量'}]",{'我們可以用秤來測量空氣的重量': 1},我們可以用秤來測量空氣的重量,1
空氣有哪些性質？,1. 裝在杯底的紙團壓入水底不會濕 2. 空氣占有空間 3. 空氣的外型 4. 空氣重量的實驗 5. 空氣的重量,"[{'空氣有哪些性質？':'請發表你們的想法'}, {'💡我的想法':'空氣是透明的，我們看不見它'}, {'🧐我覺得更好的想法':'空氣是無味無色的'}, {'❓我想知道':'空氣有沒有重量？'}, {'🙅🏻這個想法不能解釋':'空氣是有重量的'}, {'📄舉例和參考來源':'我們可以用秤量空氣的重量'}, {'✍🏻我的總結':'空氣是無味無色，但有重量'}]",{'空氣是無色無味的': 1},空氣是無色無味的,1
空氣有哪些性質？,1. 裝在杯底的紙團壓入水底不會濕 2. 空氣占有空間 3. 空氣的外型 4. 空氣重量的實驗 5. 空氣的重量,"[{'空氣有哪些性質？':'請發表你們的想法'}, {'💡我的想法':'空氣是透明的，我們看不見它'}, {'🧐我覺得更好的想法':'空氣是無味無色的'}, {'❓我想知道':'空氣有沒有重量？'}, {'🙅🏻這個想法不能解釋':'空氣是有重量的'}, {'📄舉例和參考來源':'我們可以用秤量空氣的重量'}, {'✍🏻我的總結':'空氣是無味無色，但有重量'}]",{'空氣可以被壓縮': 1},空氣可以被壓縮,1
空氣有哪些性質？,1. 裝在杯底的紙團壓入水底不會濕 2. 空氣占有空間 3. 空氣的外型 4. 空氣重量的實驗 5. 空氣的重量,"[{'空氣有哪些性質？':'請發表你們的想法'}, {'💡我的想法':'空氣是透明的，我們看不見它'}, {'🧐我覺得更好的想法':'空氣是無味無色的'}, {'❓我想知道':'空氣有沒有重量？'}, {'🙅🏻這個想法不能解釋':'空氣是有重量的'}, {'📄舉例和參考來源':'我們可以用秤量空氣的重量'}, {'✍🏻我的總結':'空氣是無味無色，但有重量'}]",{'我們可以用一個杯子裝滿水，然後把一張紙團壓入水底，紙團不會濕': 1},我們可以用一個杯子裝滿水，然後把一張紙團壓入水底，紙團不會濕,1
空氣有哪些性質？,1. 裝在杯底的紙團壓入水底不會濕 2. 空氣占有空間 3. 空氣的外型 4. 空氣重量的實驗 5. 空氣的重量,"[{'空氣有哪些性質？':'請發表你們的想法'}, {'💡我的想法':'空氣是透明的，我們看不見它'}, {'🧐我覺得更好的想法':'空氣是無味無色的'}, {'❓我想知道':'空氣有沒有重量？'}, {'🙅🏻這個想法不能解釋':'空氣是有重量的'}, {'📄舉例和參考來源':'我們可以用秤量空氣的重量'}, {'✍🏻我的總結':'空氣是無味無色，但有重量'}]",{'空氣占有空間，我們可以用一個氣球來展示': 1},空氣占有空間，我們可以用一個氣球來展示,1
空氣有哪些性質？,1. 裝在杯底的紙團壓入水底不會濕 2. 空氣占有空間 3. 空氣的外型 4. 空氣重量的實驗 5. 空氣的重量,"[{'空氣有哪些性質？':'請發表你們的想法'}, {'💡我的想法':'空氣是透明的，我們看不見它'}, {'🧐我覺得更好的想法':'空氣是無味無色的'}, {'❓我想知道':'空氣有沒有重量？'}, {'🙅🏻這個想法不能解釋':'空氣是有重量的'}, {'📄舉例和參考來源':'我們可以用秤量空氣的重量'}, {'✍🏻我的總結':'空氣是無味無色，但有重量'}]",{'我昨天去海邊玩，玩得好開心': 0},我昨天去海邊玩，玩得好開心,0
空氣有哪些性質？,1. 裝在杯底的紙團壓入水底不會濕 2. 空氣占有空間 3. 空氣的外型 4. 空氣重量的實驗 5. 空氣的重量,"[{'空氣有哪些性質？':'請發表你們的想法'}, {'💡我的想法':'空氣是透明的，我們看不見它'}, {'🧐我覺得更好的想法':'空氣是無味無色的'}, {'❓我想知道':'空氣有沒有重量？'}, {'🙅🏻這個想法不能解釋':'空氣是有重量的'}, {'📄舉例和參考來源':'我們可以用秤量空氣的重量'}, {'✍🏻我的總結':'空氣是無味無色，但有重量'}]",{'我最喜歡吃冰淇淋了，尤其是巧克力口味的': 0},我最喜歡吃冰淇淋了，尤其是巧克力口味的,0
空氣有哪些性質？,1. 裝在杯底的紙團壓入水底不會濕 2. 空氣占有空間 3. 空氣的外型 4. 空氣重量的實驗 5. 空氣的重量,"[{'空氣有哪些性質？':'請發表你們的想法'}, {'💡我的想法':'空氣是透明的，我們看不見它'}, {'🧐我覺得更好的想法':'空氣是無味無色的'}, {'❓我想知道':'空氣有沒有重量？'}, {'🙅🏻這個想法不能解釋':'空氣是有重量的'}, {'📄舉例和參考來源':'我們可以用秤量空氣的重量'}, {'✍🏻我的總結':'空氣是無味無色，但有重量'}]",{'空氣的外型是看不見的': 1},空氣的外型是看不見的,1
空氣有哪些性質？,1. 裝在杯底的紙團壓入水底不會濕 2. 空氣占有空間 3. 空氣的外型 4. 空氣重量的實驗 5. 空氣的重量,"[{'空氣有哪些性質？':'請發表你們的想法'}, {'💡我的想法':'空氣是透明的，我們看不見它'}, {'🧐我覺得更好的想法':'空氣是無味無色的'}, {'❓我想知道':'空氣有沒有重量？'}, {'🙅🏻這個想法不能解釋':'空氣是有重量的'}, {'📄舉例和參考來源':'我們可以用秤量空氣的重量'}, {'✍🏻我的總結':'空氣是無味無色，但有重量'}]",{'我們可以用一個空的氣球來感受空氣的重量': 1},我們可以用一個空的氣球來感受空氣的重量,1
空氣有哪些性質？,1. 裝在杯底的紙團壓入水底不會濕 2. 空氣占有空間 3. 空氣的外型 4. 空氣重量的實驗 5. 空氣的重量,"[{'空氣有哪些性質？':'請發表你們的想法'}, {'💡我的想法':'空氣是透明的，我們看不見它'}, {'🧐我覺得更好的想法':'空氣是無味無色的'}, {'❓我想知道':'空氣有沒有重量？'}, {'🙅🏻這個想法不能解釋':'空氣是有重量的'}, {'📄舉例和參考來源':'我們可以用秤量空氣的重量'}, {'✍🏻我的總結':'空氣是無味無色，但有重量'}]",{'我昨天在家裡看了一部很好看的電影': 0},我昨天在家裡看了一部很好看的電影,0
如何了解與測量風？,1. 造成風的原因 2. 風向風力計 3. 測量風向與風力,"[{'了解風的方法':'大家有什麼方法可以了解風的呢？'}, {'💡我的想法':'可以觀察樹葉或旗幟的搖動情況來判斷風的方向和強度。'}, {'🧐我覺得更好的想法':'我覺得可以用風向風力計來測量風的方向和風力。'}, {'❓我想知道':'風向風力計是怎麼測量的呢？'}, {'📄舉例和參考來源':'根據我的資料，風向風力計是利用風力將風向旗和風力杯轉動，再透過指針或刻度來顯示風的方向和風力大小。'}, {'💡我的想法':'我們可以自己製作一個風向風力計來測量風。'}, {'🙅🏻這個想法不能解釋':'但是我們要如何確定風向風力計的指針和刻度是正確的呢？'}, {'❓我想知道':'有沒有其他方法可以測量風的方向和風力呢？'}, {'💡我的想法':'我們可以使用氣象站的資料來了解風的方向和風力。'}, {'📄舉例和參考來源':'根據我的資料，氣象站會使用風向風力計、風速計等儀器來測量風的方向和風力。'}, {'💡我的想法':'我們可以觀察雲的移動來了解風的方向。'}, {'🧐我覺得更好的想法':'我覺得可以使用風箏來測量風的方向和風力。'}, {'❓我想知道':'風箏是怎麼測量的呢？'}, {'📄舉例和參考來源':'根據我的資料，風箏的飛行方向和高度可以反映風的方向和風力大小。'}, {'💡我的想法':'我們可以觀察海浪的大小和方向來了解風的強度和方向。'}, {'🧐我覺得更好的想法':'我覺得可以使用風速計來測量風的強度。'}, {'❓我想知道':'風速計是怎麼測量的呢？'}, {'📄舉例和參考來源':'根據我的資料，風速計是利用風力將風車轉動，再透過指針或刻度來顯示風的強度大小。'}, {'💡我的想法':'我們可以觀察風對物體的影響來了解風的強度。'}, {'🧐我覺得更好的想法':'我覺得可以使用風壓計來測量風的強度。'}, {'❓我想知道':'風壓計是怎麼測量的呢？'}, {'📄舉例和參考來源':'根據我的資料，風壓計是利用風力對壓力感應器的作用來測量風的強度大小。'}, {'💡我的想法':'我們可以觀察風對火焰的影響來了解風的強度。'}, {'✍🏻我的總結':'了解和測量風的方法有很多種，我們可以觀察樹葉、旗幟、雲、海浪，使用風向風力計、風箏、風速計、風壓計等儀器，或觀察風對物體和火焰的影響來了解風的方向和強度。'}]",{'風是由氣體的運動所產生的': 1},風是由氣體的運動所產生的,1
如何了解與測量風？,1. 造成風的原因 2. 風向風力計 3. 測量風向與風力,"[{'了解風的方法':'大家有什麼方法可以了解風的呢？'}, {'💡我的想法':'可以觀察樹葉或旗幟的搖動情況來判斷風的方向和強度。'}, {'🧐我覺得更好的想法':'我覺得可以用風向風力計來測量風的方向和風力。'}, {'❓我想知道':'風向風力計是怎麼測量的呢？'}, {'📄舉例和參考來源':'根據我的資料，風向風力計是利用風力將風向旗和風力杯轉動，再透過指針或刻度來顯示風的方向和風力大小。'}, {'💡我的想法':'我們可以自己製作一個風向風力計來測量風。'}, {'🙅🏻這個想法不能解釋':'但是我們要如何確定風向風力計的指針和刻度是正確的呢？'}, {'❓我想知道':'有沒有其他方法可以測量風的方向和風力呢？'}, {'💡我的想法':'我們可以使用氣象站的資料來了解風的方向和風力。'}, {'📄舉例和參考來源':'根據我的資料，氣象站會使用風向風力計、風速計等儀器來測量風的方向和風力。'}, {'💡我的想法':'我們可以觀察雲的移動來了解風的方向。'}, {'🧐我覺得更好的想法':'我覺得可以使用風箏來測量風的方向和風力。'}, {'❓我想知道':'風箏是怎麼測量的呢？'}, {'📄舉例和參考來源':'根據我的資料，風箏的飛行方向和高度可以反映風的方向和風力大小。'}, {'💡我的想法':'我們可以觀察海浪的大小和方向來了解風的強度和方向。'}, {'🧐我覺得更好的想法':'我覺得可以使用風速計來測量風的強度。'}, {'❓我想知道':'風速計是怎麼測量的呢？'}, {'📄舉例和參考來源':'根據我的資料，風速計是利用風力將風車轉動，再透過指針或刻度來顯示風的強度大小。'}, {'💡我的想法':'我們可以觀察風對物體的影響來了解風的強度。'}, {'🧐我覺得更好的想法':'我覺得可以使用風壓計來測量風的強度。'}, {'❓我想知道':'風壓計是怎麼測量的呢？'}, {'📄舉例和參考來源':'根據我的資料，風壓計是利用風力對壓力感應器的作用來測量風的強度大小。'}, {'💡我的想法':'我們可以觀察風對火焰的影響來了解風的強度。'}, {'✍🏻我的總結':'了解和測量風的方法有很多種，我們可以觀察樹葉、旗幟、雲、海浪，使用風向風力計、風箏、風速計、風壓計等儀器，或觀察風對物體和火焰的影響來了解風的方向和強度。'}]",{'我們可以使用風向風力計來測量風的方向和強度': 1},我們可以使用風向風力計來測量風的方向和強度,1
如何了解與測量風？,1. 造成風的原因 2. 風向風力計 3. 測量風向與風力,"[{'了解風的方法':'大家有什麼方法可以了解風的呢？'}, {'💡我的想法':'可以觀察樹葉或旗幟的搖動情況來判斷風的方向和強度。'}, {'🧐我覺得更好的想法':'我覺得可以用風向風力計來測量風的方向和風力。'}, {'❓我想知道':'風向風力計是怎麼測量的呢？'}, {'📄舉例和參考來源':'根據我的資料，風向風力計是利用風力將風向旗和風力杯轉動，再透過指針或刻度來顯示風的方向和風力大小。'}, {'💡我的想法':'我們可以自己製作一個風向風力計來測量風。'}, {'🙅🏻這個想法不能解釋':'但是我們要如何確定風向風力計的指針和刻度是正確的呢？'}, {'❓我想知道':'有沒有其他方法可以測量風的方向和風力呢？'}, {'💡我的想法':'我們可以使用氣象站的資料來了解風的方向和風力。'}, {'📄舉例和參考來源':'根據我的資料，氣象站會使用風向風力計、風速計等儀器來測量風的方向和風力。'}, {'💡我的想法':'我們可以觀察雲的移動來了解風的方向。'}, {'🧐我覺得更好的想法':'我覺得可以使用風箏來測量風的方向和風力。'}, {'❓我想知道':'風箏是怎麼測量的呢？'}, {'📄舉例和參考來源':'根據我的資料，風箏的飛行方向和高度可以反映風的方向和風力大小。'}, {'💡我的想法':'我們可以觀察海浪的大小和方向來了解風的強度和方向。'}, {'🧐我覺得更好的想法':'我覺得可以使用風速計來測量風的強度。'}, {'❓我想知道':'風速計是怎麼測量的呢？'}, {'📄舉例和參考來源':'根據我的資料，風速計是利用風力將風車轉動，再透過指針或刻度來顯示風的強度大小。'}, {'💡我的想法':'我們可以觀察風對物體的影響來了解風的強度。'}, {'🧐我覺得更好的想法':'我覺得可以使用風壓計來測量風的強度。'}, {'❓我想知道':'風壓計是怎麼測量的呢？'}, {'📄舉例和參考來源':'根據我的資料，風壓計是利用風力對壓力感應器的作用來測量風的強度大小。'}, {'💡我的想法':'我們可以觀察風對火焰的影響來了解風的強度。'}, {'✍🏻我的總結':'了解和測量風的方法有很多種，我們可以觀察樹葉、旗幟、雲、海浪，使用風向風力計、風箏、風速計、風壓計等儀器，或觀察風對物體和火焰的影響來了解風的方向和強度。'}]",{'風向風力計是由一個風向標和一個風力計組成的': 1},風向風力計是由一個風向標和一個風力計組成的,1
如何了解與測量風？,1. 造成風的原因 2. 風向風力計 3. 測量風向與風力,"[{'了解風的方法':'大家有什麼方法可以了解風的呢？'}, {'💡我的想法':'可以觀察樹葉或旗幟的搖動情況來判斷風的方向和強度。'}, {'🧐我覺得更好的想法':'我覺得可以用風向風力計來測量風的方向和風力。'}, {'❓我想知道':'風向風力計是怎麼測量的呢？'}, {'📄舉例和參考來源':'根據我的資料，風向風力計是利用風力將風向旗和風力杯轉動，再透過指針或刻度來顯示風的方向和風力大小。'}, {'💡我的想法':'我們可以自己製作一個風向風力計來測量風。'}, {'🙅🏻這個想法不能解釋':'但是我們要如何確定風向風力計的指針和刻度是正確的呢？'}, {'❓我想知道':'有沒有其他方法可以測量風的方向和風力呢？'}, {'💡我的想法':'我們可以使用氣象站的資料來了解風的方向和風力。'}, {'📄舉例和參考來源':'根據我的資料，氣象站會使用風向風力計、風速計等儀器來測量風的方向和風力。'}, {'💡我的想法':'我們可以觀察雲的移動來了解風的方向。'}, {'🧐我覺得更好的想法':'我覺得可以使用風箏來測量風的方向和風力。'}, {'❓我想知道':'風箏是怎麼測量的呢？'}, {'📄舉例和參考來源':'根據我的資料，風箏的飛行方向和高度可以反映風的方向和風力大小。'}, {'💡我的想法':'我們可以觀察海浪的大小和方向來了解風的強度和方向。'}, {'🧐我覺得更好的想法':'我覺得可以使用風速計來測量風的強度。'}, {'❓我想知道':'風速計是怎麼測量的呢？'}, {'📄舉例和參考來源':'根據我的資料，風速計是利用風力將風車轉動，再透過指針或刻度來顯示風的強度大小。'}, {'💡我的想法':'我們可以觀察風對物體的影響來了解風的強度。'}, {'🧐我覺得更好的想法':'我覺得可以使用風壓計來測量風的強度。'}, {'❓我想知道':'風壓計是怎麼測量的呢？'}, {'📄舉例和參考來源':'根據我的資料，風壓計是利用風力對壓力感應器的作用來測量風的強度大小。'}, {'💡我的想法':'我們可以觀察風對火焰的影響來了解風的強度。'}, {'✍🏻我的總結':'了解和測量風的方法有很多種，我們可以觀察樹葉、旗幟、雲、海浪，使用風向風力計、風箏、風速計、風壓計等儀器，或觀察風對物體和火焰的影響來了解風的方向和強度。'}]",{'風向標可以指示風的方向': 1},風向標可以指示風的方向,1
如何了解與測量風？,1. 造成風的原因 2. 風向風力計 3. 測量風向與風力,"[{'了解風的方法':'大家有什麼方法可以了解風的呢？'}, {'💡我的想法':'可以觀察樹葉或旗幟的搖動情況來判斷風的方向和強度。'}, {'🧐我覺得更好的想法':'我覺得可以用風向風力計來測量風的方向和風力。'}, {'❓我想知道':'風向風力計是怎麼測量的呢？'}, {'📄舉例和參考來源':'根據我的資料，風向風力計是利用風力將風向旗和風力杯轉動，再透過指針或刻度來顯示風的方向和風力大小。'}, {'💡我的想法':'我們可以自己製作一個風向風力計來測量風。'}, {'🙅🏻這個想法不能解釋':'但是我們要如何確定風向風力計的指針和刻度是正確的呢？'}, {'❓我想知道':'有沒有其他方法可以測量風的方向和風力呢？'}, {'💡我的想法':'我們可以使用氣象站的資料來了解風的方向和風力。'}, {'📄舉例和參考來源':'根據我的資料，氣象站會使用風向風力計、風速計等儀器來測量風的方向和風力。'}, {'💡我的想法':'我們可以觀察雲的移動來了解風的方向。'}, {'🧐我覺得更好的想法':'我覺得可以使用風箏來測量風的方向和風力。'}, {'❓我想知道':'風箏是怎麼測量的呢？'}, {'📄舉例和參考來源':'根據我的資料，風箏的飛行方向和高度可以反映風的方向和風力大小。'}, {'💡我的想法':'我們可以觀察海浪的大小和方向來了解風的強度和方向。'}, {'🧐我覺得更好的想法':'我覺得可以使用風速計來測量風的強度。'}, {'❓我想知道':'風速計是怎麼測量的呢？'}, {'📄舉例和參考來源':'根據我的資料，風速計是利用風力將風車轉動，再透過指針或刻度來顯示風的強度大小。'}, {'💡我的想法':'我們可以觀察風對物體的影響來了解風的強度。'}, {'🧐我覺得更好的想法':'我覺得可以使用風壓計來測量風的強度。'}, {'❓我想知道':'風壓計是怎麼測量的呢？'}, {'📄舉例和參考來源':'根據我的資料，風壓計是利用風力對壓力感應器的作用來測量風的強度大小。'}, {'💡我的想法':'我們可以觀察風對火焰的影響來了解風的強度。'}, {'✍🏻我的總結':'了解和測量風的方法有很多種，我們可以觀察樹葉、旗幟、雲、海浪，使用風向風力計、風箏、風速計、風壓計等儀器，或觀察風對物體和火焰的影響來了解風的方向和強度。'}]",{'風力計可以測量風的強度': 1},風力計可以測量風的強度,1
如何了解與測量風？,1. 造成風的原因 2. 風向風力計 3. 測量風向與風力,"[{'了解風的方法':'大家有什麼方法可以了解風的呢？'}, {'💡我的想法':'可以觀察樹葉或旗幟的搖動情況來判斷風的方向和強度。'}, {'🧐我覺得更好的想法':'我覺得可以用風向風力計來測量風的方向和風力。'}, {'❓我想知道':'風向風力計是怎麼測量的呢？'}, {'📄舉例和參考來源':'根據我的資料，風向風力計是利用風力將風向旗和風力杯轉動，再透過指針或刻度來顯示風的方向和風力大小。'}, {'💡我的想法':'我們可以自己製作一個風向風力計來測量風。'}, {'🙅🏻這個想法不能解釋':'但是我們要如何確定風向風力計的指針和刻度是正確的呢？'}, {'❓我想知道':'有沒有其他方法可以測量風的方向和風力呢？'}, {'💡我的想法':'我們可以使用氣象站的資料來了解風的方向和風力。'}, {'📄舉例和參考來源':'根據我的資料，氣象站會使用風向風力計、風速計等儀器來測量風的方向和風力。'}, {'💡我的想法':'我們可以觀察雲的移動來了解風的方向。'}, {'🧐我覺得更好的想法':'我覺得可以使用風箏來測量風的方向和風力。'}, {'❓我想知道':'風箏是怎麼測量的呢？'}, {'📄舉例和參考來源':'根據我的資料，風箏的飛行方向和高度可以反映風的方向和風力大小。'}, {'💡我的想法':'我們可以觀察海浪的大小和方向來了解風的強度和方向。'}, {'🧐我覺得更好的想法':'我覺得可以使用風速計來測量風的強度。'}, {'❓我想知道':'風速計是怎麼測量的呢？'}, {'📄舉例和參考來源':'根據我的資料，風速計是利用風力將風車轉動，再透過指針或刻度來顯示風的強度大小。'}, {'💡我的想法':'我們可以觀察風對物體的影響來了解風的強度。'}, {'🧐我覺得更好的想法':'我覺得可以使用風壓計來測量風的強度。'}, {'❓我想知道':'風壓計是怎麼測量的呢？'}, {'📄舉例和參考來源':'根據我的資料，風壓計是利用風力對壓力感應器的作用來測量風的強度大小。'}, {'💡我的想法':'我們可以觀察風對火焰的影響來了解風的強度。'}, {'✍🏻我的總結':'了解和測量風的方法有很多種，我們可以觀察樹葉、旗幟、雲、海浪，使用風向風力計、風箏、風速計、風壓計等儀器，或觀察風對物體和火焰的影響來了解風的方向和強度。'}]",{'我們可以使用風向風力計來了解風的情況': 1},我們可以使用風向風力計來了解風的情況,1
如何了解與測量風？,1. 造成風的原因 2. 風向風力計 3. 測量風向與風力,"[{'了解風的方法':'大家有什麼方法可以了解風的呢？'}, {'💡我的想法':'可以觀察樹葉或旗幟的搖動情況來判斷風的方向和強度。'}, {'🧐我覺得更好的想法':'我覺得可以用風向風力計來測量風的方向和風力。'}, {'❓我想知道':'風向風力計是怎麼測量的呢？'}, {'📄舉例和參考來源':'根據我的資料，風向風力計是利用風力將風向旗和風力杯轉動，再透過指針或刻度來顯示風的方向和風力大小。'}, {'💡我的想法':'我們可以自己製作一個風向風力計來測量風。'}, {'🙅🏻這個想法不能解釋':'但是我們要如何確定風向風力計的指針和刻度是正確的呢？'}, {'❓我想知道':'有沒有其他方法可以測量風的方向和風力呢？'}, {'💡我的想法':'我們可以使用氣象站的資料來了解風的方向和風力。'}, {'📄舉例和參考來源':'根據我的資料，氣象站會使用風向風力計、風速計等儀器來測量風的方向和風力。'}, {'💡我的想法':'我們可以觀察雲的移動來了解風的方向。'}, {'🧐我覺得更好的想法':'我覺得可以使用風箏來測量風的方向和風力。'}, {'❓我想知道':'風箏是怎麼測量的呢？'}, {'📄舉例和參考來源':'根據我的資料，風箏的飛行方向和高度可以反映風的方向和風力大小。'}, {'💡我的想法':'我們可以觀察海浪的大小和方向來了解風的強度和方向。'}, {'🧐我覺得更好的想法':'我覺得可以使用風速計來測量風的強度。'}, {'❓我想知道':'風速計是怎麼測量的呢？'}, {'📄舉例和參考來源':'根據我的資料，風速計是利用風力將風車轉動，再透過指針或刻度來顯示風的強度大小。'}, {'💡我的想法':'我們可以觀察風對物體的影響來了解風的強度。'}, {'🧐我覺得更好的想法':'我覺得可以使用風壓計來測量風的強度。'}, {'❓我想知道':'風壓計是怎麼測量的呢？'}, {'📄舉例和參考來源':'根據我的資料，風壓計是利用風力對壓力感應器的作用來測量風的強度大小。'}, {'💡我的想法':'我們可以觀察風對火焰的影響來了解風的強度。'}, {'✍🏻我的總結':'了解和測量風的方法有很多種，我們可以觀察樹葉、旗幟、雲、海浪，使用風向風力計、風箏、風速計、風壓計等儀器，或觀察風對物體和火焰的影響來了解風的方向和強度。'}]",{'風向風力計的使用方法很簡單': 1},風向風力計的使用方法很簡單,1
如何了解與測量風？,1. 造成風的原因 2. 風向風力計 3. 測量風向與風力,"[{'了解風的方法':'大家有什麼方法可以了解風的呢？'}, {'💡我的想法':'可以觀察樹葉或旗幟的搖動情況來判斷風的方向和強度。'}, {'🧐我覺得更好的想法':'我覺得可以用風向風力計來測量風的方向和風力。'}, {'❓我想知道':'風向風力計是怎麼測量的呢？'}, {'📄舉例和參考來源':'根據我的資料，風向風力計是利用風力將風向旗和風力杯轉動，再透過指針或刻度來顯示風的方向和風力大小。'}, {'💡我的想法':'我們可以自己製作一個風向風力計來測量風。'}, {'🙅🏻這個想法不能解釋':'但是我們要如何確定風向風力計的指針和刻度是正確的呢？'}, {'❓我想知道':'有沒有其他方法可以測量風的方向和風力呢？'}, {'💡我的想法':'我們可以使用氣象站的資料來了解風的方向和風力。'}, {'📄舉例和參考來源':'根據我的資料，氣象站會使用風向風力計、風速計等儀器來測量風的方向和風力。'}, {'💡我的想法':'我們可以觀察雲的移動來了解風的方向。'}, {'🧐我覺得更好的想法':'我覺得可以使用風箏來測量風的方向和風力。'}, {'❓我想知道':'風箏是怎麼測量的呢？'}, {'📄舉例和參考來源':'根據我的資料，風箏的飛行方向和高度可以反映風的方向和風力大小。'}, {'💡我的想法':'我們可以觀察海浪的大小和方向來了解風的強度和方向。'}, {'🧐我覺得更好的想法':'我覺得可以使用風速計來測量風的強度。'}, {'❓我想知道':'風速計是怎麼測量的呢？'}, {'📄舉例和參考來源':'根據我的資料，風速計是利用風力將風車轉動，再透過指針或刻度來顯示風的強度大小。'}, {'💡我的想法':'我們可以觀察風對物體的影響來了解風的強度。'}, {'🧐我覺得更好的想法':'我覺得可以使用風壓計來測量風的強度。'}, {'❓我想知道':'風壓計是怎麼測量的呢？'}, {'📄舉例和參考來源':'根據我的資料，風壓計是利用風力對壓力感應器的作用來測量風的強度大小。'}, {'💡我的想法':'我們可以觀察風對火焰的影響來了解風的強度。'}, {'✍🏻我的總結':'了解和測量風的方法有很多種，我們可以觀察樹葉、旗幟、雲、海浪，使用風向風力計、風箏、風速計、風壓計等儀器，或觀察風對物體和火焰的影響來了解風的方向和強度。'}]",{'我們可以觀察風向標的指針指向哪個方向來判斷風的方向': 1},我們可以觀察風向標的指針指向哪個方向來判斷風的方向,1
如何了解與測量風？,1. 造成風的原因 2. 風向風力計 3. 測量風向與風力,"[{'了解風的方法':'大家有什麼方法可以了解風的呢？'}, {'💡我的想法':'可以觀察樹葉或旗幟的搖動情況來判斷風的方向和強度。'}, {'🧐我覺得更好的想法':'我覺得可以用風向風力計來測量風的方向和風力。'}, {'❓我想知道':'風向風力計是怎麼測量的呢？'}, {'📄舉例和參考來源':'根據我的資料，風向風力計是利用風力將風向旗和風力杯轉動，再透過指針或刻度來顯示風的方向和風力大小。'}, {'💡我的想法':'我們可以自己製作一個風向風力計來測量風。'}, {'🙅🏻這個想法不能解釋':'但是我們要如何確定風向風力計的指針和刻度是正確的呢？'}, {'❓我想知道':'有沒有其他方法可以測量風的方向和風力呢？'}, {'💡我的想法':'我們可以使用氣象站的資料來了解風的方向和風力。'}, {'📄舉例和參考來源':'根據我的資料，氣象站會使用風向風力計、風速計等儀器來測量風的方向和風力。'}, {'💡我的想法':'我們可以觀察雲的移動來了解風的方向。'}, {'🧐我覺得更好的想法':'我覺得可以使用風箏來測量風的方向和風力。'}, {'❓我想知道':'風箏是怎麼測量的呢？'}, {'📄舉例和參考來源':'根據我的資料，風箏的飛行方向和高度可以反映風的方向和風力大小。'}, {'💡我的想法':'我們可以觀察海浪的大小和方向來了解風的強度和方向。'}, {'🧐我覺得更好的想法':'我覺得可以使用風速計來測量風的強度。'}, {'❓我想知道':'風速計是怎麼測量的呢？'}, {'📄舉例和參考來源':'根據我的資料，風速計是利用風力將風車轉動，再透過指針或刻度來顯示風的強度大小。'}, {'💡我的想法':'我們可以觀察風對物體的影響來了解風的強度。'}, {'🧐我覺得更好的想法':'我覺得可以使用風壓計來測量風的強度。'}, {'❓我想知道':'風壓計是怎麼測量的呢？'}, {'📄舉例和參考來源':'根據我的資料，風壓計是利用風力對壓力感應器的作用來測量風的強度大小。'}, {'💡我的想法':'我們可以觀察風對火焰的影響來了解風的強度。'}, {'✍🏻我的總結':'了解和測量風的方法有很多種，我們可以觀察樹葉、旗幟、雲、海浪，使用風向風力計、風箏、風速計、風壓計等儀器，或觀察風對物體和火焰的影響來了解風的方向和強度。'}]",{'我們可以觀察風力計的刻度來判斷風的強度': 1},我們可以觀察風力計的刻度來判斷風的強度,1
如何了解與測量風？,1. 造成風的原因 2. 風向風力計 3. 測量風向與風力,"[{'了解風的方法':'大家有什麼方法可以了解風的呢？'}, {'💡我的想法':'可以觀察樹葉或旗幟的搖動情況來判斷風的方向和強度。'}, {'🧐我覺得更好的想法':'我覺得可以用風向風力計來測量風的方向和風力。'}, {'❓我想知道':'風向風力計是怎麼測量的呢？'}, {'📄舉例和參考來源':'根據我的資料，風向風力計是利用風力將風向旗和風力杯轉動，再透過指針或刻度來顯示風的方向和風力大小。'}, {'💡我的想法':'我們可以自己製作一個風向風力計來測量風。'}, {'🙅🏻這個想法不能解釋':'但是我們要如何確定風向風力計的指針和刻度是正確的呢？'}, {'❓我想知道':'有沒有其他方法可以測量風的方向和風力呢？'}, {'💡我的想法':'我們可以使用氣象站的資料來了解風的方向和風力。'}, {'📄舉例和參考來源':'根據我的資料，氣象站會使用風向風力計、風速計等儀器來測量風的方向和風力。'}, {'💡我的想法':'我們可以觀察雲的移動來了解風的方向。'}, {'🧐我覺得更好的想法':'我覺得可以使用風箏來測量風的方向和風力。'}, {'❓我想知道':'風箏是怎麼測量的呢？'}, {'📄舉例和參考來源':'根據我的資料，風箏的飛行方向和高度可以反映風的方向和風力大小。'}, {'💡我的想法':'我們可以觀察海浪的大小和方向來了解風的強度和方向。'}, {'🧐我覺得更好的想法':'我覺得可以使用風速計來測量風的強度。'}, {'❓我想知道':'風速計是怎麼測量的呢？'}, {'📄舉例和參考來源':'根據我的資料，風速計是利用風力將風車轉動，再透過指針或刻度來顯示風的強度大小。'}, {'💡我的想法':'我們可以觀察風對物體的影響來了解風的強度。'}, {'🧐我覺得更好的想法':'我覺得可以使用風壓計來測量風的強度。'}, {'❓我想知道':'風壓計是怎麼測量的呢？'}, {'📄舉例和參考來源':'根據我的資料，風壓計是利用風力對壓力感應器的作用來測量風的強度大小。'}, {'💡我的想法':'我們可以觀察風對火焰的影響來了解風的強度。'}, {'✍🏻我的總結':'了解和測量風的方法有很多種，我們可以觀察樹葉、旗幟、雲、海浪，使用風向風力計、風箏、風速計、風壓計等儀器，或觀察風對物體和火焰的影響來了解風的方向和強度。'}]",{'風向風力計是一種常見的氣象觀測儀器': 1},風向風力計是一種常見的氣象觀測儀器,1
如何了解與測量風？,1. 造成風的原因 2. 風向風力計 3. 測量風向與風力,"[{'了解風的方法':'大家有什麼方法可以了解風的呢？'}, {'💡我的想法':'可以觀察樹葉或旗幟的搖動情況來判斷風的方向和強度。'}, {'🧐我覺得更好的想法':'我覺得可以用風向風力計來測量風的方向和風力。'}, {'❓我想知道':'風向風力計是怎麼測量的呢？'}, {'📄舉例和參考來源':'根據我的資料，風向風力計是利用風力將風向旗和風力杯轉動，再透過指針或刻度來顯示風的方向和風力大小。'}, {'💡我的想法':'我們可以自己製作一個風向風力計來測量風。'}, {'🙅🏻這個想法不能解釋':'但是我們要如何確定風向風力計的指針和刻度是正確的呢？'}, {'❓我想知道':'有沒有其他方法可以測量風的方向和風力呢？'}, {'💡我的想法':'我們可以使用氣象站的資料來了解風的方向和風力。'}, {'📄舉例和參考來源':'根據我的資料，氣象站會使用風向風力計、風速計等儀器來測量風的方向和風力。'}, {'💡我的想法':'我們可以觀察雲的移動來了解風的方向。'}, {'🧐我覺得更好的想法':'我覺得可以使用風箏來測量風的方向和風力。'}, {'❓我想知道':'風箏是怎麼測量的呢？'}, {'📄舉例和參考來源':'根據我的資料，風箏的飛行方向和高度可以反映風的方向和風力大小。'}, {'💡我的想法':'我們可以觀察海浪的大小和方向來了解風的強度和方向。'}, {'🧐我覺得更好的想法':'我覺得可以使用風速計來測量風的強度。'}, {'❓我想知道':'風速計是怎麼測量的呢？'}, {'📄舉例和參考來源':'根據我的資料，風速計是利用風力將風車轉動，再透過指針或刻度來顯示風的強度大小。'}, {'💡我的想法':'我們可以觀察風對物體的影響來了解風的強度。'}, {'🧐我覺得更好的想法':'我覺得可以使用風壓計來測量風的強度。'}, {'❓我想知道':'風壓計是怎麼測量的呢？'}, {'📄舉例和參考來源':'根據我的資料，風壓計是利用風力對壓力感應器的作用來測量風的強度大小。'}, {'💡我的想法':'我們可以觀察風對火焰的影響來了解風的強度。'}, {'✍🏻我的總結':'了解和測量風的方法有很多種，我們可以觀察樹葉、旗幟、雲、海浪，使用風向風力計、風箏、風速計、風壓計等儀器，或觀察風對物體和火焰的影響來了解風的方向和強度。'}]",{'我昨天去海邊玩，風很大，差點被吹走': 0},我昨天去海邊玩，風很大，差點被吹走,0
如何了解與測量風？,1. 造成風的原因 2. 風向風力計 3. 測量風向與風力,"[{'了解風的方法':'大家有什麼方法可以了解風的呢？'}, {'💡我的想法':'可以觀察樹葉或旗幟的搖動情況來判斷風的方向和強度。'}, {'🧐我覺得更好的想法':'我覺得可以用風向風力計來測量風的方向和風力。'}, {'❓我想知道':'風向風力計是怎麼測量的呢？'}, {'📄舉例和參考來源':'根據我的資料，風向風力計是利用風力將風向旗和風力杯轉動，再透過指針或刻度來顯示風的方向和風力大小。'}, {'💡我的想法':'我們可以自己製作一個風向風力計來測量風。'}, {'🙅🏻這個想法不能解釋':'但是我們要如何確定風向風力計的指針和刻度是正確的呢？'}, {'❓我想知道':'有沒有其他方法可以測量風的方向和風力呢？'}, {'💡我的想法':'我們可以使用氣象站的資料來了解風的方向和風力。'}, {'📄舉例和參考來源':'根據我的資料，氣象站會使用風向風力計、風速計等儀器來測量風的方向和風力。'}, {'💡我的想法':'我們可以觀察雲的移動來了解風的方向。'}, {'🧐我覺得更好的想法':'我覺得可以使用風箏來測量風的方向和風力。'}, {'❓我想知道':'風箏是怎麼測量的呢？'}, {'📄舉例和參考來源':'根據我的資料，風箏的飛行方向和高度可以反映風的方向和風力大小。'}, {'💡我的想法':'我們可以觀察海浪的大小和方向來了解風的強度和方向。'}, {'🧐我覺得更好的想法':'我覺得可以使用風速計來測量風的強度。'}, {'❓我想知道':'風速計是怎麼測量的呢？'}, {'📄舉例和參考來源':'根據我的資料，風速計是利用風力將風車轉動，再透過指針或刻度來顯示風的強度大小。'}, {'💡我的想法':'我們可以觀察風對物體的影響來了解風的強度。'}, {'🧐我覺得更好的想法':'我覺得可以使用風壓計來測量風的強度。'}, {'❓我想知道':'風壓計是怎麼測量的呢？'}, {'📄舉例和參考來源':'根據我的資料，風壓計是利用風力對壓力感應器的作用來測量風的強度大小。'}, {'💡我的想法':'我們可以觀察風對火焰的影響來了解風的強度。'}, {'✍🏻我的總結':'了解和測量風的方法有很多種，我們可以觀察樹葉、旗幟、雲、海浪，使用風向風力計、風箏、風速計、風壓計等儀器，或觀察風對物體和火焰的影響來了解風的方向和強度。'}]",{'我最喜歡的運動是滑板，風越大越好玩': 0},我最喜歡的運動是滑板，風越大越好玩,0
如何了解與測量風？,1. 造成風的原因 2. 風向風力計 3. 測量風向與風力,"[{'了解風的方法':'大家有什麼方法可以了解風的呢？'}, {'💡我的想法':'可以觀察樹葉或旗幟的搖動情況來判斷風的方向和強度。'}, {'🧐我覺得更好的想法':'我覺得可以用風向風力計來測量風的方向和風力。'}, {'❓我想知道':'風向風力計是怎麼測量的呢？'}, {'📄舉例和參考來源':'根據我的資料，風向風力計是利用風力將風向旗和風力杯轉動，再透過指針或刻度來顯示風的方向和風力大小。'}, {'💡我的想法':'我們可以自己製作一個風向風力計來測量風。'}, {'🙅🏻這個想法不能解釋':'但是我們要如何確定風向風力計的指針和刻度是正確的呢？'}, {'❓我想知道':'有沒有其他方法可以測量風的方向和風力呢？'}, {'💡我的想法':'我們可以使用氣象站的資料來了解風的方向和風力。'}, {'📄舉例和參考來源':'根據我的資料，氣象站會使用風向風力計、風速計等儀器來測量風的方向和風力。'}, {'💡我的想法':'我們可以觀察雲的移動來了解風的方向。'}, {'🧐我覺得更好的想法':'我覺得可以使用風箏來測量風的方向和風力。'}, {'❓我想知道':'風箏是怎麼測量的呢？'}, {'📄舉例和參考來源':'根據我的資料，風箏的飛行方向和高度可以反映風的方向和風力大小。'}, {'💡我的想法':'我們可以觀察海浪的大小和方向來了解風的強度和方向。'}, {'🧐我覺得更好的想法':'我覺得可以使用風速計來測量風的強度。'}, {'❓我想知道':'風速計是怎麼測量的呢？'}, {'📄舉例和參考來源':'根據我的資料，風速計是利用風力將風車轉動，再透過指針或刻度來顯示風的強度大小。'}, {'💡我的想法':'我們可以觀察風對物體的影響來了解風的強度。'}, {'🧐我覺得更好的想法':'我覺得可以使用風壓計來測量風的強度。'}, {'❓我想知道':'風壓計是怎麼測量的呢？'}, {'📄舉例和參考來源':'根據我的資料，風壓計是利用風力對壓力感應器的作用來測量風的強度大小。'}, {'💡我的想法':'我們可以觀察風對火焰的影響來了解風的強度。'}, {'✍🏻我的總結':'了解和測量風的方法有很多種，我們可以觀察樹葉、旗幟、雲、海浪，使用風向風力計、風箏、風速計、風壓計等儀器，或觀察風對物體和火焰的影響來了解風的方向和強度。'}]",{'我喜歡吹風機吹頭髮，感覺很舒服': 0},我喜歡吹風機吹頭髮，感覺很舒服,0
如何了解與測量風？,1. 造成風的原因 2. 風向風力計 3. 測量風向與風力,"[{'了解風的方法':'大家有什麼方法可以了解風的呢？'}, {'💡我的想法':'可以觀察樹葉或旗幟的搖動情況來判斷風的方向和強度。'}, {'🧐我覺得更好的想法':'我覺得可以用風向風力計來測量風的方向和風力。'}, {'❓我想知道':'風向風力計是怎麼測量的呢？'}, {'📄舉例和參考來源':'根據我的資料，風向風力計是利用風力將風向旗和風力杯轉動，再透過指針或刻度來顯示風的方向和風力大小。'}, {'💡我的想法':'我們可以自己製作一個風向風力計來測量風。'}, {'🙅🏻這個想法不能解釋':'但是我們要如何確定風向風力計的指針和刻度是正確的呢？'}, {'❓我想知道':'有沒有其他方法可以測量風的方向和風力呢？'}, {'💡我的想法':'我們可以使用氣象站的資料來了解風的方向和風力。'}, {'📄舉例和參考來源':'根據我的資料，氣象站會使用風向風力計、風速計等儀器來測量風的方向和風力。'}, {'💡我的想法':'我們可以觀察雲的移動來了解風的方向。'}, {'🧐我覺得更好的想法':'我覺得可以使用風箏來測量風的方向和風力。'}, {'❓我想知道':'風箏是怎麼測量的呢？'}, {'📄舉例和參考來源':'根據我的資料，風箏的飛行方向和高度可以反映風的方向和風力大小。'}, {'💡我的想法':'我們可以觀察海浪的大小和方向來了解風的強度和方向。'}, {'🧐我覺得更好的想法':'我覺得可以使用風速計來測量風的強度。'}, {'❓我想知道':'風速計是怎麼測量的呢？'}, {'📄舉例和參考來源':'根據我的資料，風速計是利用風力將風車轉動，再透過指針或刻度來顯示風的強度大小。'}, {'💡我的想法':'我們可以觀察風對物體的影響來了解風的強度。'}, {'🧐我覺得更好的想法':'我覺得可以使用風壓計來測量風的強度。'}, {'❓我想知道':'風壓計是怎麼測量的呢？'}, {'📄舉例和參考來源':'根據我的資料，風壓計是利用風力對壓力感應器的作用來測量風的強度大小。'}, {'💡我的想法':'我們可以觀察風對火焰的影響來了解風的強度。'}, {'✍🏻我的總結':'了解和測量風的方法有很多種，我們可以觀察樹葉、旗幟、雲、海浪，使用風向風力計、風箏、風速計、風壓計等儀器，或觀察風對物體和火焰的影響來了解風的方向和強度。'}]",{'我家的風扇壞了，需要修理': 0},我家的風扇壞了，需要修理,0
如何了解與測量風？,1. 造成風的原因 2. 風向風力計 3. 測量風向與風力,"[{'了解風的方法':'大家有什麼方法可以了解風的呢？'}, {'💡我的想法':'可以觀察樹葉或旗幟的搖動情況來判斷風的方向和強度。'}, {'🧐我覺得更好的想法':'我覺得可以用風向風力計來測量風的方向和風力。'}, {'❓我想知道':'風向風力計是怎麼測量的呢？'}, {'📄舉例和參考來源':'根據我的資料，風向風力計是利用風力將風向旗和風力杯轉動，再透過指針或刻度來顯示風的方向和風力大小。'}, {'💡我的想法':'我們可以自己製作一個風向風力計來測量風。'}, {'🙅🏻這個想法不能解釋':'但是我們要如何確定風向風力計的指針和刻度是正確的呢？'}, {'❓我想知道':'有沒有其他方法可以測量風的方向和風力呢？'}, {'💡我的想法':'我們可以使用氣象站的資料來了解風的方向和風力。'}, {'📄舉例和參考來源':'根據我的資料，氣象站會使用風向風力計、風速計等儀器來測量風的方向和風力。'}, {'💡我的想法':'我們可以觀察雲的移動來了解風的方向。'}, {'🧐我覺得更好的想法':'我覺得可以使用風箏來測量風的方向和風力。'}, {'❓我想知道':'風箏是怎麼測量的呢？'}, {'📄舉例和參考來源':'根據我的資料，風箏的飛行方向和高度可以反映風的方向和風力大小。'}, {'💡我的想法':'我們可以觀察海浪的大小和方向來了解風的強度和方向。'}, {'🧐我覺得更好的想法':'我覺得可以使用風速計來測量風的強度。'}, {'❓我想知道':'風速計是怎麼測量的呢？'}, {'📄舉例和參考來源':'根據我的資料，風速計是利用風力將風車轉動，再透過指針或刻度來顯示風的強度大小。'}, {'💡我的想法':'我們可以觀察風對物體的影響來了解風的強度。'}, {'🧐我覺得更好的想法':'我覺得可以使用風壓計來測量風的強度。'}, {'❓我想知道':'風壓計是怎麼測量的呢？'}, {'📄舉例和參考來源':'根據我的資料，風壓計是利用風力對壓力感應器的作用來測量風的強度大小。'}, {'💡我的想法':'我們可以觀察風對火焰的影響來了解風的強度。'}, {'✍🏻我的總結':'了解和測量風的方法有很多種，我們可以觀察樹葉、旗幟、雲、海浪，使用風向風力計、風箏、風速計、風壓計等儀器，或觀察風對物體和火焰的影響來了解風的方向和強度。'}]",{'我喜歡看風景，特別是海邊的風景': 0},我喜歡看風景，特別是海邊的風景,0
如何了解與測量風？,1. 造成風的原因 2. 風向風力計 3. 測量風向與風力,"[{'了解風的方法':'大家有什麼方法可以了解風的呢？'}, {'💡我的想法':'可以觀察樹葉或旗幟的搖動情況來判斷風的方向和強度。'}, {'🧐我覺得更好的想法':'我覺得可以用風向風力計來測量風的方向和風力。'}, {'❓我想知道':'風向風力計是怎麼測量的呢？'}, {'📄舉例和參考來源':'根據我的資料，風向風力計是利用風力將風向旗和風力杯轉動，再透過指針或刻度來顯示風的方向和風力大小。'}, {'💡我的想法':'我們可以自己製作一個風向風力計來測量風。'}, {'🙅🏻這個想法不能解釋':'但是我們要如何確定風向風力計的指針和刻度是正確的呢？'}, {'❓我想知道':'有沒有其他方法可以測量風的方向和風力呢？'}, {'💡我的想法':'我們可以使用氣象站的資料來了解風的方向和風力。'}, {'📄舉例和參考來源':'根據我的資料，氣象站會使用風向風力計、風速計等儀器來測量風的方向和風力。'}, {'💡我的想法':'我們可以觀察雲的移動來了解風的方向。'}, {'🧐我覺得更好的想法':'我覺得可以使用風箏來測量風的方向和風力。'}, {'❓我想知道':'風箏是怎麼測量的呢？'}, {'📄舉例和參考來源':'根據我的資料，風箏的飛行方向和高度可以反映風的方向和風力大小。'}, {'💡我的想法':'我們可以觀察海浪的大小和方向來了解風的強度和方向。'}, {'🧐我覺得更好的想法':'我覺得可以使用風速計來測量風的強度。'}, {'❓我想知道':'風速計是怎麼測量的呢？'}, {'📄舉例和參考來源':'根據我的資料，風速計是利用風力將風車轉動，再透過指針或刻度來顯示風的強度大小。'}, {'💡我的想法':'我們可以觀察風對物體的影響來了解風的強度。'}, {'🧐我覺得更好的想法':'我覺得可以使用風壓計來測量風的強度。'}, {'❓我想知道':'風壓計是怎麼測量的呢？'}, {'📄舉例和參考來源':'根據我的資料，風壓計是利用風力對壓力感應器的作用來測量風的強度大小。'}, {'💡我的想法':'我們可以觀察風對火焰的影響來了解風的強度。'}, {'✍🏻我的總結':'了解和測量風的方法有很多種，我們可以觀察樹葉、旗幟、雲、海浪，使用風向風力計、風箏、風速計、風壓計等儀器，或觀察風對物體和火焰的影響來了解風的方向和強度。'}]",{'我昨天在公園放風箏，風力很大': 0},我昨天在公園放風箏，風力很大,0
如何了解與測量風？,1. 造成風的原因 2. 風向風力計 3. 測量風向與風力,"[{'了解風的方法':'大家有什麼方法可以了解風的呢？'}, {'💡我的想法':'可以觀察樹葉或旗幟的搖動情況來判斷風的方向和強度。'}, {'🧐我覺得更好的想法':'我覺得可以用風向風力計來測量風的方向和風力。'}, {'❓我想知道':'風向風力計是怎麼測量的呢？'}, {'📄舉例和參考來源':'根據我的資料，風向風力計是利用風力將風向旗和風力杯轉動，再透過指針或刻度來顯示風的方向和風力大小。'}, {'💡我的想法':'我們可以自己製作一個風向風力計來測量風。'}, {'🙅🏻這個想法不能解釋':'但是我們要如何確定風向風力計的指針和刻度是正確的呢？'}, {'❓我想知道':'有沒有其他方法可以測量風的方向和風力呢？'}, {'💡我的想法':'我們可以使用氣象站的資料來了解風的方向和風力。'}, {'📄舉例和參考來源':'根據我的資料，氣象站會使用風向風力計、風速計等儀器來測量風的方向和風力。'}, {'💡我的想法':'我們可以觀察雲的移動來了解風的方向。'}, {'🧐我覺得更好的想法':'我覺得可以使用風箏來測量風的方向和風力。'}, {'❓我想知道':'風箏是怎麼測量的呢？'}, {'📄舉例和參考來源':'根據我的資料，風箏的飛行方向和高度可以反映風的方向和風力大小。'}, {'💡我的想法':'我們可以觀察海浪的大小和方向來了解風的強度和方向。'}, {'🧐我覺得更好的想法':'我覺得可以使用風速計來測量風的強度。'}, {'❓我想知道':'風速計是怎麼測量的呢？'}, {'📄舉例和參考來源':'根據我的資料，風速計是利用風力將風車轉動，再透過指針或刻度來顯示風的強度大小。'}, {'💡我的想法':'我們可以觀察風對物體的影響來了解風的強度。'}, {'🧐我覺得更好的想法':'我覺得可以使用風壓計來測量風的強度。'}, {'❓我想知道':'風壓計是怎麼測量的呢？'}, {'📄舉例和參考來源':'根據我的資料，風壓計是利用風力對壓力感應器的作用來測量風的強度大小。'}, {'💡我的想法':'我們可以觀察風對火焰的影響來了解風的強度。'}, {'✍🏻我的總結':'了解和測量風的方法有很多種，我們可以觀察樹葉、旗幟、雲、海浪，使用風向風力計、風箏、風速計、風壓計等儀器，或觀察風對物體和火焰的影響來了解風的方向和強度。'}]",{'我喜歡吹泡泡，風一吹就可以飛得很遠': 0},我喜歡吹泡泡，風一吹就可以飛得很遠,0
如何了解與測量風？,1. 造成風的原因 2. 風向風力計 3. 測量風向與風力,"[{'了解風的方法':'大家有什麼方法可以了解風的呢？'}, {'💡我的想法':'可以觀察樹葉或旗幟的搖動情況來判斷風的方向和強度。'}, {'🧐我覺得更好的想法':'我覺得可以用風向風力計來測量風的方向和風力。'}, {'❓我想知道':'風向風力計是怎麼測量的呢？'}, {'📄舉例和參考來源':'根據我的資料，風向風力計是利用風力將風向旗和風力杯轉動，再透過指針或刻度來顯示風的方向和風力大小。'}, {'💡我的想法':'我們可以自己製作一個風向風力計來測量風。'}, {'🙅🏻這個想法不能解釋':'但是我們要如何確定風向風力計的指針和刻度是正確的呢？'}, {'❓我想知道':'有沒有其他方法可以測量風的方向和風力呢？'}, {'💡我的想法':'我們可以使用氣象站的資料來了解風的方向和風力。'}, {'📄舉例和參考來源':'根據我的資料，氣象站會使用風向風力計、風速計等儀器來測量風的方向和風力。'}, {'💡我的想法':'我們可以觀察雲的移動來了解風的方向。'}, {'🧐我覺得更好的想法':'我覺得可以使用風箏來測量風的方向和風力。'}, {'❓我想知道':'風箏是怎麼測量的呢？'}, {'📄舉例和參考來源':'根據我的資料，風箏的飛行方向和高度可以反映風的方向和風力大小。'}, {'💡我的想法':'我們可以觀察海浪的大小和方向來了解風的強度和方向。'}, {'🧐我覺得更好的想法':'我覺得可以使用風速計來測量風的強度。'}, {'❓我想知道':'風速計是怎麼測量的呢？'}, {'📄舉例和參考來源':'根據我的資料，風速計是利用風力將風車轉動，再透過指針或刻度來顯示風的強度大小。'}, {'💡我的想法':'我們可以觀察風對物體的影響來了解風的強度。'}, {'🧐我覺得更好的想法':'我覺得可以使用風壓計來測量風的強度。'}, {'❓我想知道':'風壓計是怎麼測量的呢？'}, {'📄舉例和參考來源':'根據我的資料，風壓計是利用風力對壓力感應器的作用來測量風的強度大小。'}, {'💡我的想法':'我們可以觀察風對火焰的影響來了解風的強度。'}, {'✍🏻我的總結':'了解和測量風的方法有很多種，我們可以觀察樹葉、旗幟、雲、海浪，使用風向風力計、風箏、風速計、風壓計等儀器，或觀察風對物體和火焰的影響來了解風的方向和強度。'}]",{'我家的窗戶經常被風吹得咣咣作響': 0},我家的窗戶經常被風吹得咣咣作響,0
如何了解與測量風？,1. 造成風的原因 2. 風向風力計 3. 測量風向與風力,"[{'了解風的方法':'大家有什麼方法可以了解風的呢？'}, {'💡我的想法':'可以觀察樹葉或旗幟的搖動情況來判斷風的方向和強度。'}, {'🧐我覺得更好的想法':'我覺得可以用風向風力計來測量風的方向和風力。'}, {'❓我想知道':'風向風力計是怎麼測量的呢？'}, {'📄舉例和參考來源':'根據我的資料，風向風力計是利用風力將風向旗和風力杯轉動，再透過指針或刻度來顯示風的方向和風力大小。'}, {'💡我的想法':'我們可以自己製作一個風向風力計來測量風。'}, {'🙅🏻這個想法不能解釋':'但是我們要如何確定風向風力計的指針和刻度是正確的呢？'}, {'❓我想知道':'有沒有其他方法可以測量風的方向和風力呢？'}, {'💡我的想法':'我們可以使用氣象站的資料來了解風的方向和風力。'}, {'📄舉例和參考來源':'根據我的資料，氣象站會使用風向風力計、風速計等儀器來測量風的方向和風力。'}, {'💡我的想法':'我們可以觀察雲的移動來了解風的方向。'}, {'🧐我覺得更好的想法':'我覺得可以使用風箏來測量風的方向和風力。'}, {'❓我想知道':'風箏是怎麼測量的呢？'}, {'📄舉例和參考來源':'根據我的資料，風箏的飛行方向和高度可以反映風的方向和風力大小。'}, {'💡我的想法':'我們可以觀察海浪的大小和方向來了解風的強度和方向。'}, {'🧐我覺得更好的想法':'我覺得可以使用風速計來測量風的強度。'}, {'❓我想知道':'風速計是怎麼測量的呢？'}, {'📄舉例和參考來源':'根據我的資料，風速計是利用風力將風車轉動，再透過指針或刻度來顯示風的強度大小。'}, {'💡我的想法':'我們可以觀察風對物體的影響來了解風的強度。'}, {'🧐我覺得更好的想法':'我覺得可以使用風壓計來測量風的強度。'}, {'❓我想知道':'風壓計是怎麼測量的呢？'}, {'📄舉例和參考來源':'根據我的資料，風壓計是利用風力對壓力感應器的作用來測量風的強度大小。'}, {'💡我的想法':'我們可以觀察風對火焰的影響來了解風的強度。'}, {'✍🏻我的總結':'了解和測量風的方法有很多種，我們可以觀察樹葉、旗幟、雲、海浪，使用風向風力計、風箏、風速計、風壓計等儀器，或觀察風對物體和火焰的影響來了解風的方向和強度。'}]",{'我喜歡吹口哨，聲音可以隨風飄散': 0},我喜歡吹口哨，聲音可以隨風飄散,0
如何了解與測量風？,1. 造成風的原因 2. 風向風力計 3. 測量風向與風力,"[{'了解風的方法':'大家有什麼方法可以了解風的呢？'}, {'💡我的想法':'可以觀察樹葉或旗幟的搖動情況來判斷風的方向和強度。'}, {'🧐我覺得更好的想法':'我覺得可以用風向風力計來測量風的方向和風力。'}, {'❓我想知道':'風向風力計是怎麼測量的呢？'}, {'📄舉例和參考來源':'根據我的資料，風向風力計是利用風力將風向旗和風力杯轉動，再透過指針或刻度來顯示風的方向和風力大小。'}, {'💡我的想法':'我們可以自己製作一個風向風力計來測量風。'}, {'🙅🏻這個想法不能解釋':'但是我們要如何確定風向風力計的指針和刻度是正確的呢？'}, {'❓我想知道':'有沒有其他方法可以測量風的方向和風力呢？'}, {'💡我的想法':'我們可以使用氣象站的資料來了解風的方向和風力。'}, {'📄舉例和參考來源':'根據我的資料，氣象站會使用風向風力計、風速計等儀器來測量風的方向和風力。'}, {'💡我的想法':'我們可以觀察雲的移動來了解風的方向。'}, {'🧐我覺得更好的想法':'我覺得可以使用風箏來測量風的方向和風力。'}, {'❓我想知道':'風箏是怎麼測量的呢？'}, {'📄舉例和參考來源':'根據我的資料，風箏的飛行方向和高度可以反映風的方向和風力大小。'}, {'💡我的想法':'我們可以觀察海浪的大小和方向來了解風的強度和方向。'}, {'🧐我覺得更好的想法':'我覺得可以使用風速計來測量風的強度。'}, {'❓我想知道':'風速計是怎麼測量的呢？'}, {'📄舉例和參考來源':'根據我的資料，風速計是利用風力將風車轉動，再透過指針或刻度來顯示風的強度大小。'}, {'💡我的想法':'我們可以觀察風對物體的影響來了解風的強度。'}, {'🧐我覺得更好的想法':'我覺得可以使用風壓計來測量風的強度。'}, {'❓我想知道':'風壓計是怎麼測量的呢？'}, {'📄舉例和參考來源':'根據我的資料，風壓計是利用風力對壓力感應器的作用來測量風的強度大小。'}, {'💡我的想法':'我們可以觀察風對火焰的影響來了解風的強度。'}, {'✍🏻我的總結':'了解和測量風的方法有很多種，我們可以觀察樹葉、旗幟、雲、海浪，使用風向風力計、風箏、風速計、風壓計等儀器，或觀察風對物體和火焰的影響來了解風的方向和強度。'}]",{'我最喜歡的季節是春天，因為風很溫暖': 0},我最喜歡的季節是春天，因為風很溫暖,0
空氣可以壓縮嗎？,1. 空氣的伸縮性,"[{'空氣可以壓縮嗎？':'大家覺得空氣可以壓縮嗎？'}, {'💡我的想法':'我覺得空氣可以壓縮，因為我們可以用氣球把空氣吹進去，然後把氣球捏起來。'}, {'🧐我覺得更好的想法':'我覺得空氣不可以壓縮，因為我們平常看到的空氣都是看不見的，所以應該是不能壓縮的。'}, {'❓我想知道':'那麼，空氣到底可以壓縮嗎？'}, {'🙅🏻這個想法不能解釋':'我覺得空氣可以壓縮，因為我們可以用氣球把空氣吹進去，然後把氣球捏起來。'}, {'📄舉例和參考來源':'我在網路上查到一個實驗，可以用一個塑膠瓶子和一個吸管來示範空氣的壓縮。'}, {'💡我的想法':'我也有看過那個實驗，我覺得這個實驗很有趣，可以讓我們更了解空氣的伸縮性。'}, {'❓我想知道':'那麼，空氣被壓縮後會變成什麼樣子？'}, {'🧐我覺得更好的想法':'我覺得空氣被壓縮後會變得更緊密，所以可能會變成液體或固體。'}, {'❓我想知道':'有沒有其他的例子可以說明空氣的伸縮性？'}, {'📄舉例和參考來源':'我在書上看到一個例子，就是氣球被吹得很大，但是如果放掉氣，氣球就會變小。'}, {'💡我的想法':'我也有看過那個例子，我覺得這個例子很好，可以讓我們更直觀地理解空氣的伸縮性。'}, {'🧐我覺得更好的想法':'我覺得空氣的伸縮性和溫度有關，溫度越高，空氣的伸縮性越大。'}, {'❓我想知道':'那麼，空氣的伸縮性和壓力有關嗎？'}, {'📄舉例和參考來源':'我在課本上看到一個例子，就是氣球被吹得很大，但是如果放掉氣，氣球就會變小。'}, {'💡我的想法':'我也有看過那個例子，我覺得這個例子很好，可以讓我們更直觀地理解空氣的伸縮性。'}, {'🧐我覺得更好的想法':'我覺得空氣的伸縮性和溫度有關，溫度越高，空氣的伸縮性越大。'}, {'❓我想知道':'那麼，空氣的伸縮性和壓力有關嗎？'}, {'🙅🏻這個想法不能解釋':'我覺得空氣的伸縮性和壓力有關，因為壓力越大，空氣的伸縮性越小。'}, {'📄舉例和參考來源':'我在網路上查到一個實驗，可以用一個塑膠瓶子和一個吸管來示範空氣的壓縮。'}, {'✍🏻我的總結':'根據我們的討論，我們認為空氣是可以壓縮的，而且空氣的伸縮性和溫度、壓力有關。'}]",{'空氣是由分子組成的，分子之間有間隙，所以空氣可以壓縮': 1},空氣是由分子組成的，分子之間有間隙，所以空氣可以壓縮,1
空氣可以壓縮嗎？,1. 空氣的伸縮性,"[{'空氣可以壓縮嗎？':'大家覺得空氣可以壓縮嗎？'}, {'💡我的想法':'我覺得空氣可以壓縮，因為我們可以用氣球把空氣吹進去，然後把氣球捏起來。'}, {'🧐我覺得更好的想法':'我覺得空氣不可以壓縮，因為我們平常看到的空氣都是看不見的，所以應該是不能壓縮的。'}, {'❓我想知道':'那麼，空氣到底可以壓縮嗎？'}, {'🙅🏻這個想法不能解釋':'我覺得空氣可以壓縮，因為我們可以用氣球把空氣吹進去，然後把氣球捏起來。'}, {'📄舉例和參考來源':'我在網路上查到一個實驗，可以用一個塑膠瓶子和一個吸管來示範空氣的壓縮。'}, {'💡我的想法':'我也有看過那個實驗，我覺得這個實驗很有趣，可以讓我們更了解空氣的伸縮性。'}, {'❓我想知道':'那麼，空氣被壓縮後會變成什麼樣子？'}, {'🧐我覺得更好的想法':'我覺得空氣被壓縮後會變得更緊密，所以可能會變成液體或固體。'}, {'❓我想知道':'有沒有其他的例子可以說明空氣的伸縮性？'}, {'📄舉例和參考來源':'我在書上看到一個例子，就是氣球被吹得很大，但是如果放掉氣，氣球就會變小。'}, {'💡我的想法':'我也有看過那個例子，我覺得這個例子很好，可以讓我們更直觀地理解空氣的伸縮性。'}, {'🧐我覺得更好的想法':'我覺得空氣的伸縮性和溫度有關，溫度越高，空氣的伸縮性越大。'}, {'❓我想知道':'那麼，空氣的伸縮性和壓力有關嗎？'}, {'📄舉例和參考來源':'我在課本上看到一個例子，就是氣球被吹得很大，但是如果放掉氣，氣球就會變小。'}, {'💡我的想法':'我也有看過那個例子，我覺得這個例子很好，可以讓我們更直觀地理解空氣的伸縮性。'}, {'🧐我覺得更好的想法':'我覺得空氣的伸縮性和溫度有關，溫度越高，空氣的伸縮性越大。'}, {'❓我想知道':'那麼，空氣的伸縮性和壓力有關嗎？'}, {'🙅🏻這個想法不能解釋':'我覺得空氣的伸縮性和壓力有關，因為壓力越大，空氣的伸縮性越小。'}, {'📄舉例和參考來源':'我在網路上查到一個實驗，可以用一個塑膠瓶子和一個吸管來示範空氣的壓縮。'}, {'✍🏻我的總結':'根據我們的討論，我們認為空氣是可以壓縮的，而且空氣的伸縮性和溫度、壓力有關。'}]",{'我昨天去海邊玩，好好玩': 0},我昨天去海邊玩，好好玩,0
空氣可以壓縮嗎？,1. 空氣的伸縮性,"[{'空氣可以壓縮嗎？':'大家覺得空氣可以壓縮嗎？'}, {'💡我的想法':'我覺得空氣可以壓縮，因為我們可以用氣球把空氣吹進去，然後把氣球捏起來。'}, {'🧐我覺得更好的想法':'我覺得空氣不可以壓縮，因為我們平常看到的空氣都是看不見的，所以應該是不能壓縮的。'}, {'❓我想知道':'那麼，空氣到底可以壓縮嗎？'}, {'🙅🏻這個想法不能解釋':'我覺得空氣可以壓縮，因為我們可以用氣球把空氣吹進去，然後把氣球捏起來。'}, {'📄舉例和參考來源':'我在網路上查到一個實驗，可以用一個塑膠瓶子和一個吸管來示範空氣的壓縮。'}, {'💡我的想法':'我也有看過那個實驗，我覺得這個實驗很有趣，可以讓我們更了解空氣的伸縮性。'}, {'❓我想知道':'那麼，空氣被壓縮後會變成什麼樣子？'}, {'🧐我覺得更好的想法':'我覺得空氣被壓縮後會變得更緊密，所以可能會變成液體或固體。'}, {'❓我想知道':'有沒有其他的例子可以說明空氣的伸縮性？'}, {'📄舉例和參考來源':'我在書上看到一個例子，就是氣球被吹得很大，但是如果放掉氣，氣球就會變小。'}, {'💡我的想法':'我也有看過那個例子，我覺得這個例子很好，可以讓我們更直觀地理解空氣的伸縮性。'}, {'🧐我覺得更好的想法':'我覺得空氣的伸縮性和溫度有關，溫度越高，空氣的伸縮性越大。'}, {'❓我想知道':'那麼，空氣的伸縮性和壓力有關嗎？'}, {'📄舉例和參考來源':'我在課本上看到一個例子，就是氣球被吹得很大，但是如果放掉氣，氣球就會變小。'}, {'💡我的想法':'我也有看過那個例子，我覺得這個例子很好，可以讓我們更直觀地理解空氣的伸縮性。'}, {'🧐我覺得更好的想法':'我覺得空氣的伸縮性和溫度有關，溫度越高，空氣的伸縮性越大。'}, {'❓我想知道':'那麼，空氣的伸縮性和壓力有關嗎？'}, {'🙅🏻這個想法不能解釋':'我覺得空氣的伸縮性和壓力有關，因為壓力越大，空氣的伸縮性越小。'}, {'📄舉例和參考來源':'我在網路上查到一個實驗，可以用一個塑膠瓶子和一個吸管來示範空氣的壓縮。'}, {'✍🏻我的總結':'根據我們的討論，我們認為空氣是可以壓縮的，而且空氣的伸縮性和溫度、壓力有關。'}]",{'空氣壓縮後體積會變小，壓縮的方式可以是使用壓縮機或者壓縮活塞': 1},空氣壓縮後體積會變小，壓縮的方式可以是使用壓縮機或者壓縮活塞,1
空氣可以壓縮嗎？,1. 空氣的伸縮性,"[{'空氣可以壓縮嗎？':'大家覺得空氣可以壓縮嗎？'}, {'💡我的想法':'我覺得空氣可以壓縮，因為我們可以用氣球把空氣吹進去，然後把氣球捏起來。'}, {'🧐我覺得更好的想法':'我覺得空氣不可以壓縮，因為我們平常看到的空氣都是看不見的，所以應該是不能壓縮的。'}, {'❓我想知道':'那麼，空氣到底可以壓縮嗎？'}, {'🙅🏻這個想法不能解釋':'我覺得空氣可以壓縮，因為我們可以用氣球把空氣吹進去，然後把氣球捏起來。'}, {'📄舉例和參考來源':'我在網路上查到一個實驗，可以用一個塑膠瓶子和一個吸管來示範空氣的壓縮。'}, {'💡我的想法':'我也有看過那個實驗，我覺得這個實驗很有趣，可以讓我們更了解空氣的伸縮性。'}, {'❓我想知道':'那麼，空氣被壓縮後會變成什麼樣子？'}, {'🧐我覺得更好的想法':'我覺得空氣被壓縮後會變得更緊密，所以可能會變成液體或固體。'}, {'❓我想知道':'有沒有其他的例子可以說明空氣的伸縮性？'}, {'📄舉例和參考來源':'我在書上看到一個例子，就是氣球被吹得很大，但是如果放掉氣，氣球就會變小。'}, {'💡我的想法':'我也有看過那個例子，我覺得這個例子很好，可以讓我們更直觀地理解空氣的伸縮性。'}, {'🧐我覺得更好的想法':'我覺得空氣的伸縮性和溫度有關，溫度越高，空氣的伸縮性越大。'}, {'❓我想知道':'那麼，空氣的伸縮性和壓力有關嗎？'}, {'📄舉例和參考來源':'我在課本上看到一個例子，就是氣球被吹得很大，但是如果放掉氣，氣球就會變小。'}, {'💡我的想法':'我也有看過那個例子，我覺得這個例子很好，可以讓我們更直觀地理解空氣的伸縮性。'}, {'🧐我覺得更好的想法':'我覺得空氣的伸縮性和溫度有關，溫度越高，空氣的伸縮性越大。'}, {'❓我想知道':'那麼，空氣的伸縮性和壓力有關嗎？'}, {'🙅🏻這個想法不能解釋':'我覺得空氣的伸縮性和壓力有關，因為壓力越大，空氣的伸縮性越小。'}, {'📄舉例和參考來源':'我在網路上查到一個實驗，可以用一個塑膠瓶子和一個吸管來示範空氣的壓縮。'}, {'✍🏻我的總結':'根據我們的討論，我們認為空氣是可以壓縮的，而且空氣的伸縮性和溫度、壓力有關。'}]",{'我喜歡吃冰淇淋，最近吃了一個很好吃的草莓口味': 0},我喜歡吃冰淇淋，最近吃了一個很好吃的草莓口味,0
空氣可以壓縮嗎？,1. 空氣的伸縮性,"[{'空氣可以壓縮嗎？':'大家覺得空氣可以壓縮嗎？'}, {'💡我的想法':'我覺得空氣可以壓縮，因為我們可以用氣球把空氣吹進去，然後把氣球捏起來。'}, {'🧐我覺得更好的想法':'我覺得空氣不可以壓縮，因為我們平常看到的空氣都是看不見的，所以應該是不能壓縮的。'}, {'❓我想知道':'那麼，空氣到底可以壓縮嗎？'}, {'🙅🏻這個想法不能解釋':'我覺得空氣可以壓縮，因為我們可以用氣球把空氣吹進去，然後把氣球捏起來。'}, {'📄舉例和參考來源':'我在網路上查到一個實驗，可以用一個塑膠瓶子和一個吸管來示範空氣的壓縮。'}, {'💡我的想法':'我也有看過那個實驗，我覺得這個實驗很有趣，可以讓我們更了解空氣的伸縮性。'}, {'❓我想知道':'那麼，空氣被壓縮後會變成什麼樣子？'}, {'🧐我覺得更好的想法':'我覺得空氣被壓縮後會變得更緊密，所以可能會變成液體或固體。'}, {'❓我想知道':'有沒有其他的例子可以說明空氣的伸縮性？'}, {'📄舉例和參考來源':'我在書上看到一個例子，就是氣球被吹得很大，但是如果放掉氣，氣球就會變小。'}, {'💡我的想法':'我也有看過那個例子，我覺得這個例子很好，可以讓我們更直觀地理解空氣的伸縮性。'}, {'🧐我覺得更好的想法':'我覺得空氣的伸縮性和溫度有關，溫度越高，空氣的伸縮性越大。'}, {'❓我想知道':'那麼，空氣的伸縮性和壓力有關嗎？'}, {'📄舉例和參考來源':'我在課本上看到一個例子，就是氣球被吹得很大，但是如果放掉氣，氣球就會變小。'}, {'💡我的想法':'我也有看過那個例子，我覺得這個例子很好，可以讓我們更直觀地理解空氣的伸縮性。'}, {'🧐我覺得更好的想法':'我覺得空氣的伸縮性和溫度有關，溫度越高，空氣的伸縮性越大。'}, {'❓我想知道':'那麼，空氣的伸縮性和壓力有關嗎？'}, {'🙅🏻這個想法不能解釋':'我覺得空氣的伸縮性和壓力有關，因為壓力越大，空氣的伸縮性越小。'}, {'📄舉例和參考來源':'我在網路上查到一個實驗，可以用一個塑膠瓶子和一個吸管來示範空氣的壓縮。'}, {'✍🏻我的總結':'根據我們的討論，我們認為空氣是可以壓縮的，而且空氣的伸縮性和溫度、壓力有關。'}]",{'空氣壓縮後壓力會增加，因為同樣的力作用在較小的面積上': 1},空氣壓縮後壓力會增加，因為同樣的力作用在較小的面積上,1
空氣可以壓縮嗎？,1. 空氣的伸縮性,"[{'空氣可以壓縮嗎？':'大家覺得空氣可以壓縮嗎？'}, {'💡我的想法':'我覺得空氣可以壓縮，因為我們可以用氣球把空氣吹進去，然後把氣球捏起來。'}, {'🧐我覺得更好的想法':'我覺得空氣不可以壓縮，因為我們平常看到的空氣都是看不見的，所以應該是不能壓縮的。'}, {'❓我想知道':'那麼，空氣到底可以壓縮嗎？'}, {'🙅🏻這個想法不能解釋':'我覺得空氣可以壓縮，因為我們可以用氣球把空氣吹進去，然後把氣球捏起來。'}, {'📄舉例和參考來源':'我在網路上查到一個實驗，可以用一個塑膠瓶子和一個吸管來示範空氣的壓縮。'}, {'💡我的想法':'我也有看過那個實驗，我覺得這個實驗很有趣，可以讓我們更了解空氣的伸縮性。'}, {'❓我想知道':'那麼，空氣被壓縮後會變成什麼樣子？'}, {'🧐我覺得更好的想法':'我覺得空氣被壓縮後會變得更緊密，所以可能會變成液體或固體。'}, {'❓我想知道':'有沒有其他的例子可以說明空氣的伸縮性？'}, {'📄舉例和參考來源':'我在書上看到一個例子，就是氣球被吹得很大，但是如果放掉氣，氣球就會變小。'}, {'💡我的想法':'我也有看過那個例子，我覺得這個例子很好，可以讓我們更直觀地理解空氣的伸縮性。'}, {'🧐我覺得更好的想法':'我覺得空氣的伸縮性和溫度有關，溫度越高，空氣的伸縮性越大。'}, {'❓我想知道':'那麼，空氣的伸縮性和壓力有關嗎？'}, {'📄舉例和參考來源':'我在課本上看到一個例子，就是氣球被吹得很大，但是如果放掉氣，氣球就會變小。'}, {'💡我的想法':'我也有看過那個例子，我覺得這個例子很好，可以讓我們更直觀地理解空氣的伸縮性。'}, {'🧐我覺得更好的想法':'我覺得空氣的伸縮性和溫度有關，溫度越高，空氣的伸縮性越大。'}, {'❓我想知道':'那麼，空氣的伸縮性和壓力有關嗎？'}, {'🙅🏻這個想法不能解釋':'我覺得空氣的伸縮性和壓力有關，因為壓力越大，空氣的伸縮性越小。'}, {'📄舉例和參考來源':'我在網路上查到一個實驗，可以用一個塑膠瓶子和一個吸管來示範空氣的壓縮。'}, {'✍🏻我的總結':'根據我們的討論，我們認為空氣是可以壓縮的，而且空氣的伸縮性和溫度、壓力有關。'}]",{'我昨天在家裡看電視，看到一個很有趣的節目': 0},我昨天在家裡看電視，看到一個很有趣的節目,0
空氣可以壓縮嗎？,1. 空氣的伸縮性,"[{'空氣可以壓縮嗎？':'大家覺得空氣可以壓縮嗎？'}, {'💡我的想法':'我覺得空氣可以壓縮，因為我們可以用氣球把空氣吹進去，然後把氣球捏起來。'}, {'🧐我覺得更好的想法':'我覺得空氣不可以壓縮，因為我們平常看到的空氣都是看不見的，所以應該是不能壓縮的。'}, {'❓我想知道':'那麼，空氣到底可以壓縮嗎？'}, {'🙅🏻這個想法不能解釋':'我覺得空氣可以壓縮，因為我們可以用氣球把空氣吹進去，然後把氣球捏起來。'}, {'📄舉例和參考來源':'我在網路上查到一個實驗，可以用一個塑膠瓶子和一個吸管來示範空氣的壓縮。'}, {'💡我的想法':'我也有看過那個實驗，我覺得這個實驗很有趣，可以讓我們更了解空氣的伸縮性。'}, {'❓我想知道':'那麼，空氣被壓縮後會變成什麼樣子？'}, {'🧐我覺得更好的想法':'我覺得空氣被壓縮後會變得更緊密，所以可能會變成液體或固體。'}, {'❓我想知道':'有沒有其他的例子可以說明空氣的伸縮性？'}, {'📄舉例和參考來源':'我在書上看到一個例子，就是氣球被吹得很大，但是如果放掉氣，氣球就會變小。'}, {'💡我的想法':'我也有看過那個例子，我覺得這個例子很好，可以讓我們更直觀地理解空氣的伸縮性。'}, {'🧐我覺得更好的想法':'我覺得空氣的伸縮性和溫度有關，溫度越高，空氣的伸縮性越大。'}, {'❓我想知道':'那麼，空氣的伸縮性和壓力有關嗎？'}, {'📄舉例和參考來源':'我在課本上看到一個例子，就是氣球被吹得很大，但是如果放掉氣，氣球就會變小。'}, {'💡我的想法':'我也有看過那個例子，我覺得這個例子很好，可以讓我們更直觀地理解空氣的伸縮性。'}, {'🧐我覺得更好的想法':'我覺得空氣的伸縮性和溫度有關，溫度越高，空氣的伸縮性越大。'}, {'❓我想知道':'那麼，空氣的伸縮性和壓力有關嗎？'}, {'🙅🏻這個想法不能解釋':'我覺得空氣的伸縮性和壓力有關，因為壓力越大，空氣的伸縮性越小。'}, {'📄舉例和參考來源':'我在網路上查到一個實驗，可以用一個塑膠瓶子和一個吸管來示範空氣的壓縮。'}, {'✍🏻我的總結':'根據我們的討論，我們認為空氣是可以壓縮的，而且空氣的伸縮性和溫度、壓力有關。'}]",{'空氣壓縮後密度會增加，因為同樣的質量被壓縮在較小的體積中': 1},空氣壓縮後密度會增加，因為同樣的質量被壓縮在較小的體積中,1
空氣可以壓縮嗎？,1. 空氣的伸縮性,"[{'空氣可以壓縮嗎？':'大家覺得空氣可以壓縮嗎？'}, {'💡我的想法':'我覺得空氣可以壓縮，因為我們可以用氣球把空氣吹進去，然後把氣球捏起來。'}, {'🧐我覺得更好的想法':'我覺得空氣不可以壓縮，因為我們平常看到的空氣都是看不見的，所以應該是不能壓縮的。'}, {'❓我想知道':'那麼，空氣到底可以壓縮嗎？'}, {'🙅🏻這個想法不能解釋':'我覺得空氣可以壓縮，因為我們可以用氣球把空氣吹進去，然後把氣球捏起來。'}, {'📄舉例和參考來源':'我在網路上查到一個實驗，可以用一個塑膠瓶子和一個吸管來示範空氣的壓縮。'}, {'💡我的想法':'我也有看過那個實驗，我覺得這個實驗很有趣，可以讓我們更了解空氣的伸縮性。'}, {'❓我想知道':'那麼，空氣被壓縮後會變成什麼樣子？'}, {'🧐我覺得更好的想法':'我覺得空氣被壓縮後會變得更緊密，所以可能會變成液體或固體。'}, {'❓我想知道':'有沒有其他的例子可以說明空氣的伸縮性？'}, {'📄舉例和參考來源':'我在書上看到一個例子，就是氣球被吹得很大，但是如果放掉氣，氣球就會變小。'}, {'💡我的想法':'我也有看過那個例子，我覺得這個例子很好，可以讓我們更直觀地理解空氣的伸縮性。'}, {'🧐我覺得更好的想法':'我覺得空氣的伸縮性和溫度有關，溫度越高，空氣的伸縮性越大。'}, {'❓我想知道':'那麼，空氣的伸縮性和壓力有關嗎？'}, {'📄舉例和參考來源':'我在課本上看到一個例子，就是氣球被吹得很大，但是如果放掉氣，氣球就會變小。'}, {'💡我的想法':'我也有看過那個例子，我覺得這個例子很好，可以讓我們更直觀地理解空氣的伸縮性。'}, {'🧐我覺得更好的想法':'我覺得空氣的伸縮性和溫度有關，溫度越高，空氣的伸縮性越大。'}, {'❓我想知道':'那麼，空氣的伸縮性和壓力有關嗎？'}, {'🙅🏻這個想法不能解釋':'我覺得空氣的伸縮性和壓力有關，因為壓力越大，空氣的伸縮性越小。'}, {'📄舉例和參考來源':'我在網路上查到一個實驗，可以用一個塑膠瓶子和一個吸管來示範空氣的壓縮。'}, {'✍🏻我的總結':'根據我們的討論，我們認為空氣是可以壓縮的，而且空氣的伸縮性和溫度、壓力有關。'}]",{'我最喜歡的運動是游泳，最近學會了蛙式': 0},我最喜歡的運動是游泳，最近學會了蛙式,0
空氣可以壓縮嗎？,1. 空氣的伸縮性,"[{'空氣可以壓縮嗎？':'大家覺得空氣可以壓縮嗎？'}, {'💡我的想法':'我覺得空氣可以壓縮，因為我們可以用氣球把空氣吹進去，然後把氣球捏起來。'}, {'🧐我覺得更好的想法':'我覺得空氣不可以壓縮，因為我們平常看到的空氣都是看不見的，所以應該是不能壓縮的。'}, {'❓我想知道':'那麼，空氣到底可以壓縮嗎？'}, {'🙅🏻這個想法不能解釋':'我覺得空氣可以壓縮，因為我們可以用氣球把空氣吹進去，然後把氣球捏起來。'}, {'📄舉例和參考來源':'我在網路上查到一個實驗，可以用一個塑膠瓶子和一個吸管來示範空氣的壓縮。'}, {'💡我的想法':'我也有看過那個實驗，我覺得這個實驗很有趣，可以讓我們更了解空氣的伸縮性。'}, {'❓我想知道':'那麼，空氣被壓縮後會變成什麼樣子？'}, {'🧐我覺得更好的想法':'我覺得空氣被壓縮後會變得更緊密，所以可能會變成液體或固體。'}, {'❓我想知道':'有沒有其他的例子可以說明空氣的伸縮性？'}, {'📄舉例和參考來源':'我在書上看到一個例子，就是氣球被吹得很大，但是如果放掉氣，氣球就會變小。'}, {'💡我的想法':'我也有看過那個例子，我覺得這個例子很好，可以讓我們更直觀地理解空氣的伸縮性。'}, {'🧐我覺得更好的想法':'我覺得空氣的伸縮性和溫度有關，溫度越高，空氣的伸縮性越大。'}, {'❓我想知道':'那麼，空氣的伸縮性和壓力有關嗎？'}, {'📄舉例和參考來源':'我在課本上看到一個例子，就是氣球被吹得很大，但是如果放掉氣，氣球就會變小。'}, {'💡我的想法':'我也有看過那個例子，我覺得這個例子很好，可以讓我們更直觀地理解空氣的伸縮性。'}, {'🧐我覺得更好的想法':'我覺得空氣的伸縮性和溫度有關，溫度越高，空氣的伸縮性越大。'}, {'❓我想知道':'那麼，空氣的伸縮性和壓力有關嗎？'}, {'🙅🏻這個想法不能解釋':'我覺得空氣的伸縮性和壓力有關，因為壓力越大，空氣的伸縮性越小。'}, {'📄舉例和參考來源':'我在網路上查到一個實驗，可以用一個塑膠瓶子和一個吸管來示範空氣的壓縮。'}, {'✍🏻我的總結':'根據我們的討論，我們認為空氣是可以壓縮的，而且空氣的伸縮性和溫度、壓力有關。'}]",{'空氣壓縮後溫度會升高，因為分子運動速度增加': 1},空氣壓縮後溫度會升高，因為分子運動速度增加,1
空氣可以壓縮嗎？,1. 空氣的伸縮性,"[{'空氣可以壓縮嗎？':'大家覺得空氣可以壓縮嗎？'}, {'💡我的想法':'我覺得空氣可以壓縮，因為我們可以用氣球把空氣吹進去，然後把氣球捏起來。'}, {'🧐我覺得更好的想法':'我覺得空氣不可以壓縮，因為我們平常看到的空氣都是看不見的，所以應該是不能壓縮的。'}, {'❓我想知道':'那麼，空氣到底可以壓縮嗎？'}, {'🙅🏻這個想法不能解釋':'我覺得空氣可以壓縮，因為我們可以用氣球把空氣吹進去，然後把氣球捏起來。'}, {'📄舉例和參考來源':'我在網路上查到一個實驗，可以用一個塑膠瓶子和一個吸管來示範空氣的壓縮。'}, {'💡我的想法':'我也有看過那個實驗，我覺得這個實驗很有趣，可以讓我們更了解空氣的伸縮性。'}, {'❓我想知道':'那麼，空氣被壓縮後會變成什麼樣子？'}, {'🧐我覺得更好的想法':'我覺得空氣被壓縮後會變得更緊密，所以可能會變成液體或固體。'}, {'❓我想知道':'有沒有其他的例子可以說明空氣的伸縮性？'}, {'📄舉例和參考來源':'我在書上看到一個例子，就是氣球被吹得很大，但是如果放掉氣，氣球就會變小。'}, {'💡我的想法':'我也有看過那個例子，我覺得這個例子很好，可以讓我們更直觀地理解空氣的伸縮性。'}, {'🧐我覺得更好的想法':'我覺得空氣的伸縮性和溫度有關，溫度越高，空氣的伸縮性越大。'}, {'❓我想知道':'那麼，空氣的伸縮性和壓力有關嗎？'}, {'📄舉例和參考來源':'我在課本上看到一個例子，就是氣球被吹得很大，但是如果放掉氣，氣球就會變小。'}, {'💡我的想法':'我也有看過那個例子，我覺得這個例子很好，可以讓我們更直觀地理解空氣的伸縮性。'}, {'🧐我覺得更好的想法':'我覺得空氣的伸縮性和溫度有關，溫度越高，空氣的伸縮性越大。'}, {'❓我想知道':'那麼，空氣的伸縮性和壓力有關嗎？'}, {'🙅🏻這個想法不能解釋':'我覺得空氣的伸縮性和壓力有關，因為壓力越大，空氣的伸縮性越小。'}, {'📄舉例和參考來源':'我在網路上查到一個實驗，可以用一個塑膠瓶子和一個吸管來示範空氣的壓縮。'}, {'✍🏻我的總結':'根據我們的討論，我們認為空氣是可以壓縮的，而且空氣的伸縮性和溫度、壓力有關。'}]",{'我昨天去動物園看到了一隻可愛的小熊貓': 0},我昨天去動物園看到了一隻可愛的小熊貓,0
空氣可以壓縮嗎？,1. 空氣的伸縮性,"[{'空氣可以壓縮嗎？':'大家覺得空氣可以壓縮嗎？'}, {'💡我的想法':'我覺得空氣可以壓縮，因為我們可以用氣球把空氣吹進去，然後把氣球捏起來。'}, {'🧐我覺得更好的想法':'我覺得空氣不可以壓縮，因為我們平常看到的空氣都是看不見的，所以應該是不能壓縮的。'}, {'❓我想知道':'那麼，空氣到底可以壓縮嗎？'}, {'🙅🏻這個想法不能解釋':'我覺得空氣可以壓縮，因為我們可以用氣球把空氣吹進去，然後把氣球捏起來。'}, {'📄舉例和參考來源':'我在網路上查到一個實驗，可以用一個塑膠瓶子和一個吸管來示範空氣的壓縮。'}, {'💡我的想法':'我也有看過那個實驗，我覺得這個實驗很有趣，可以讓我們更了解空氣的伸縮性。'}, {'❓我想知道':'那麼，空氣被壓縮後會變成什麼樣子？'}, {'🧐我覺得更好的想法':'我覺得空氣被壓縮後會變得更緊密，所以可能會變成液體或固體。'}, {'❓我想知道':'有沒有其他的例子可以說明空氣的伸縮性？'}, {'📄舉例和參考來源':'我在書上看到一個例子，就是氣球被吹得很大，但是如果放掉氣，氣球就會變小。'}, {'💡我的想法':'我也有看過那個例子，我覺得這個例子很好，可以讓我們更直觀地理解空氣的伸縮性。'}, {'🧐我覺得更好的想法':'我覺得空氣的伸縮性和溫度有關，溫度越高，空氣的伸縮性越大。'}, {'❓我想知道':'那麼，空氣的伸縮性和壓力有關嗎？'}, {'📄舉例和參考來源':'我在課本上看到一個例子，就是氣球被吹得很大，但是如果放掉氣，氣球就會變小。'}, {'💡我的想法':'我也有看過那個例子，我覺得這個例子很好，可以讓我們更直觀地理解空氣的伸縮性。'}, {'🧐我覺得更好的想法':'我覺得空氣的伸縮性和溫度有關，溫度越高，空氣的伸縮性越大。'}, {'❓我想知道':'那麼，空氣的伸縮性和壓力有關嗎？'}, {'🙅🏻這個想法不能解釋':'我覺得空氣的伸縮性和壓力有關，因為壓力越大，空氣的伸縮性越小。'}, {'📄舉例和參考來源':'我在網路上查到一個實驗，可以用一個塑膠瓶子和一個吸管來示範空氣的壓縮。'}, {'✍🏻我的總結':'根據我們的討論，我們認為空氣是可以壓縮的，而且空氣的伸縮性和溫度、壓力有關。'}]",{'空氣壓縮後彈性會增加，因為分子之間的相互作用力增強': 1},空氣壓縮後彈性會增加，因為分子之間的相互作用力增強,1
如何利用空氣的特性製作玩具？,1. 製作空氣玩具,"[{'如何利用空氣的特性製作玩具':'請發表你們的想法'},{'氣球是一種空氣玩具':'【💡我的想法】我覺得可以利用氣球的膨脹性質來製作玩具'},{'可以舉例嗎':'【📄舉例和參考來源】比如可以用氣球製作飛機模型，讓氣球膨脹起來，模型就會飛起來'},{'那麼氣球膨脹是怎麼回事':'【❓我想知道】我想知道氣球膨脹是因為什麼原因'},{'氣球膨脹是因為空氣的壓力':'【💡我的想法】我覺得氣球膨脹是因為空氣的壓力把氣球內的空氣壓縮起來'},{'那麼氣球怎麼放氣':'【❓我想知道】我想知道氣球怎麼放氣'},{'可以用針扎破氣球':'【💡我的想法】我覺得可以用針扎破氣球來放氣'},{'那麼除了氣球還有其他空氣玩具嗎':'【❓我想知道】我想知道除了氣球還有哪些空氣玩具'},{'還有風箏':'【💡我的想法】我覺得風箏也是一種利用空氣特性的玩具，靠著風的力量飛起來'},{'那麼風箏是怎麼飛起來的':'【❓我想知道】我想知道風箏是怎麼飛起來的'},{'風箏靠著風的力量':'【💡我的想法】我覺得風箏靠著風的力量產生升力，才能飛起來'},{'那麼除了氣球和風箏還有其他空氣玩具嗎':'【❓我想知道】我想知道除了氣球和風箏還有哪些空氣玩具'},{'還有氣墊船':'【💡我的想法】我覺得氣墊船也是一種利用空氣特性的玩具，靠著氣墊浮起來'},{'那麼氣墊船是怎麼浮起來的':'【❓我想知道】我想知道氣墊船是怎麼浮起來的'},{'氣墊船靠著氣墊產生浮力':'【💡我的想法】我覺得氣墊船靠著氣墊產生的壓力產生浮力，才能浮起來'},{'那麼除了氣球、風箏和氣墊船還有其他空氣玩具嗎':'【❓我想知道】我想知道除了氣球、風箏和氣墊船還有哪些空氣玩具'},{'還有吹泡泡':'【💡我的想法】我覺得吹泡泡也是一種利用空氣特性的玩具，靠著吹氣產生泡泡'},{'那麼吹泡泡是怎麼產生的':'【❓我想知道】我想知道吹泡泡是怎麼產生的'},{'吹泡泡靠著吹氣產生氣泡':'【💡我的想法】我覺得吹泡泡是靠著吹氣產生氣泡，才能形成泡泡'},{'那麼除了氣球、風箏、氣墊船和吹泡泡還有其他空氣玩具嗎':'【❓我想知道】我想知道除了氣球、風箏、氣墊船和吹泡泡還有哪些空氣玩具'},{'還有吹風機':'【💡我的想法】我覺得吹風機也是一種利用空氣特性的玩具，靠著吹風產生風'},{'那麼吹風機是怎麼產生風的':'【❓我想知道】我想知道吹風機是怎麼產生風的'},{'吹風機靠著電力產生風':'【💡我的想法】我覺得吹風機是靠著電力產生風，才能吹出風來'},{'✍🏻我的總結':'經過討論，我們發現可以利用空氣的特性製作很多有趣的玩具，像是氣球、風箏、氣墊船、吹泡泡和吹風機等等'}]",{'我們可以利用氣球來製作一個可以飛的玩具': 1},我們可以利用氣球來製作一個可以飛的玩具,1
如何利用空氣的特性製作玩具？,1. 製作空氣玩具,"[{'如何利用空氣的特性製作玩具':'請發表你們的想法'},{'氣球是一種空氣玩具':'【💡我的想法】我覺得可以利用氣球的膨脹性質來製作玩具'},{'可以舉例嗎':'【📄舉例和參考來源】比如可以用氣球製作飛機模型，讓氣球膨脹起來，模型就會飛起來'},{'那麼氣球膨脹是怎麼回事':'【❓我想知道】我想知道氣球膨脹是因為什麼原因'},{'氣球膨脹是因為空氣的壓力':'【💡我的想法】我覺得氣球膨脹是因為空氣的壓力把氣球內的空氣壓縮起來'},{'那麼氣球怎麼放氣':'【❓我想知道】我想知道氣球怎麼放氣'},{'可以用針扎破氣球':'【💡我的想法】我覺得可以用針扎破氣球來放氣'},{'那麼除了氣球還有其他空氣玩具嗎':'【❓我想知道】我想知道除了氣球還有哪些空氣玩具'},{'還有風箏':'【💡我的想法】我覺得風箏也是一種利用空氣特性的玩具，靠著風的力量飛起來'},{'那麼風箏是怎麼飛起來的':'【❓我想知道】我想知道風箏是怎麼飛起來的'},{'風箏靠著風的力量':'【💡我的想法】我覺得風箏靠著風的力量產生升力，才能飛起來'},{'那麼除了氣球和風箏還有其他空氣玩具嗎':'【❓我想知道】我想知道除了氣球和風箏還有哪些空氣玩具'},{'還有氣墊船':'【💡我的想法】我覺得氣墊船也是一種利用空氣特性的玩具，靠著氣墊浮起來'},{'那麼氣墊船是怎麼浮起來的':'【❓我想知道】我想知道氣墊船是怎麼浮起來的'},{'氣墊船靠著氣墊產生浮力':'【💡我的想法】我覺得氣墊船靠著氣墊產生的壓力產生浮力，才能浮起來'},{'那麼除了氣球、風箏和氣墊船還有其他空氣玩具嗎':'【❓我想知道】我想知道除了氣球、風箏和氣墊船還有哪些空氣玩具'},{'還有吹泡泡':'【💡我的想法】我覺得吹泡泡也是一種利用空氣特性的玩具，靠著吹氣產生泡泡'},{'那麼吹泡泡是怎麼產生的':'【❓我想知道】我想知道吹泡泡是怎麼產生的'},{'吹泡泡靠著吹氣產生氣泡':'【💡我的想法】我覺得吹泡泡是靠著吹氣產生氣泡，才能形成泡泡'},{'那麼除了氣球、風箏、氣墊船和吹泡泡還有其他空氣玩具嗎':'【❓我想知道】我想知道除了氣球、風箏、氣墊船和吹泡泡還有哪些空氣玩具'},{'還有吹風機':'【💡我的想法】我覺得吹風機也是一種利用空氣特性的玩具，靠著吹風產生風'},{'那麼吹風機是怎麼產生風的':'【❓我想知道】我想知道吹風機是怎麼產生風的'},{'吹風機靠著電力產生風':'【💡我的想法】我覺得吹風機是靠著電力產生風，才能吹出風來'},{'✍🏻我的總結':'經過討論，我們發現可以利用空氣的特性製作很多有趣的玩具，像是氣球、風箏、氣墊船、吹泡泡和吹風機等等'}]",{'我昨天去海邊放風箏，好好玩': 0},我昨天去海邊放風箏，好好玩,0
如何利用空氣的特性製作玩具？,1. 製作空氣玩具,"[{'如何利用空氣的特性製作玩具':'請發表你們的想法'},{'氣球是一種空氣玩具':'【💡我的想法】我覺得可以利用氣球的膨脹性質來製作玩具'},{'可以舉例嗎':'【📄舉例和參考來源】比如可以用氣球製作飛機模型，讓氣球膨脹起來，模型就會飛起來'},{'那麼氣球膨脹是怎麼回事':'【❓我想知道】我想知道氣球膨脹是因為什麼原因'},{'氣球膨脹是因為空氣的壓力':'【💡我的想法】我覺得氣球膨脹是因為空氣的壓力把氣球內的空氣壓縮起來'},{'那麼氣球怎麼放氣':'【❓我想知道】我想知道氣球怎麼放氣'},{'可以用針扎破氣球':'【💡我的想法】我覺得可以用針扎破氣球來放氣'},{'那麼除了氣球還有其他空氣玩具嗎':'【❓我想知道】我想知道除了氣球還有哪些空氣玩具'},{'還有風箏':'【💡我的想法】我覺得風箏也是一種利用空氣特性的玩具，靠著風的力量飛起來'},{'那麼風箏是怎麼飛起來的':'【❓我想知道】我想知道風箏是怎麼飛起來的'},{'風箏靠著風的力量':'【💡我的想法】我覺得風箏靠著風的力量產生升力，才能飛起來'},{'那麼除了氣球和風箏還有其他空氣玩具嗎':'【❓我想知道】我想知道除了氣球和風箏還有哪些空氣玩具'},{'還有氣墊船':'【💡我的想法】我覺得氣墊船也是一種利用空氣特性的玩具，靠著氣墊浮起來'},{'那麼氣墊船是怎麼浮起來的':'【❓我想知道】我想知道氣墊船是怎麼浮起來的'},{'氣墊船靠著氣墊產生浮力':'【💡我的想法】我覺得氣墊船靠著氣墊產生的壓力產生浮力，才能浮起來'},{'那麼除了氣球、風箏和氣墊船還有其他空氣玩具嗎':'【❓我想知道】我想知道除了氣球、風箏和氣墊船還有哪些空氣玩具'},{'還有吹泡泡':'【💡我的想法】我覺得吹泡泡也是一種利用空氣特性的玩具，靠著吹氣產生泡泡'},{'那麼吹泡泡是怎麼產生的':'【❓我想知道】我想知道吹泡泡是怎麼產生的'},{'吹泡泡靠著吹氣產生氣泡':'【💡我的想法】我覺得吹泡泡是靠著吹氣產生氣泡，才能形成泡泡'},{'那麼除了氣球、風箏、氣墊船和吹泡泡還有其他空氣玩具嗎':'【❓我想知道】我想知道除了氣球、風箏、氣墊船和吹泡泡還有哪些空氣玩具'},{'還有吹風機':'【💡我的想法】我覺得吹風機也是一種利用空氣特性的玩具，靠著吹風產生風'},{'那麼吹風機是怎麼產生風的':'【❓我想知道】我想知道吹風機是怎麼產生風的'},{'吹風機靠著電力產生風':'【💡我的想法】我覺得吹風機是靠著電力產生風，才能吹出風來'},{'✍🏻我的總結':'經過討論，我們發現可以利用空氣的特性製作很多有趣的玩具，像是氣球、風箏、氣墊船、吹泡泡和吹風機等等'}]",{'我喜歡吹泡泡，最近學會了一個新的吹泡泡技巧': 0},我喜歡吹泡泡，最近學會了一個新的吹泡泡技巧,0
如何利用空氣的特性製作玩具？,1. 製作空氣玩具,"[{'如何利用空氣的特性製作玩具':'請發表你們的想法'},{'氣球是一種空氣玩具':'【💡我的想法】我覺得可以利用氣球的膨脹性質來製作玩具'},{'可以舉例嗎':'【📄舉例和參考來源】比如可以用氣球製作飛機模型，讓氣球膨脹起來，模型就會飛起來'},{'那麼氣球膨脹是怎麼回事':'【❓我想知道】我想知道氣球膨脹是因為什麼原因'},{'氣球膨脹是因為空氣的壓力':'【💡我的想法】我覺得氣球膨脹是因為空氣的壓力把氣球內的空氣壓縮起來'},{'那麼氣球怎麼放氣':'【❓我想知道】我想知道氣球怎麼放氣'},{'可以用針扎破氣球':'【💡我的想法】我覺得可以用針扎破氣球來放氣'},{'那麼除了氣球還有其他空氣玩具嗎':'【❓我想知道】我想知道除了氣球還有哪些空氣玩具'},{'還有風箏':'【💡我的想法】我覺得風箏也是一種利用空氣特性的玩具，靠著風的力量飛起來'},{'那麼風箏是怎麼飛起來的':'【❓我想知道】我想知道風箏是怎麼飛起來的'},{'風箏靠著風的力量':'【💡我的想法】我覺得風箏靠著風的力量產生升力，才能飛起來'},{'那麼除了氣球和風箏還有其他空氣玩具嗎':'【❓我想知道】我想知道除了氣球和風箏還有哪些空氣玩具'},{'還有氣墊船':'【💡我的想法】我覺得氣墊船也是一種利用空氣特性的玩具，靠著氣墊浮起來'},{'那麼氣墊船是怎麼浮起來的':'【❓我想知道】我想知道氣墊船是怎麼浮起來的'},{'氣墊船靠著氣墊產生浮力':'【💡我的想法】我覺得氣墊船靠著氣墊產生的壓力產生浮力，才能浮起來'},{'那麼除了氣球、風箏和氣墊船還有其他空氣玩具嗎':'【❓我想知道】我想知道除了氣球、風箏和氣墊船還有哪些空氣玩具'},{'還有吹泡泡':'【💡我的想法】我覺得吹泡泡也是一種利用空氣特性的玩具，靠著吹氣產生泡泡'},{'那麼吹泡泡是怎麼產生的':'【❓我想知道】我想知道吹泡泡是怎麼產生的'},{'吹泡泡靠著吹氣產生氣泡':'【💡我的想法】我覺得吹泡泡是靠著吹氣產生氣泡，才能形成泡泡'},{'那麼除了氣球、風箏、氣墊船和吹泡泡還有其他空氣玩具嗎':'【❓我想知道】我想知道除了氣球、風箏、氣墊船和吹泡泡還有哪些空氣玩具'},{'還有吹風機':'【💡我的想法】我覺得吹風機也是一種利用空氣特性的玩具，靠著吹風產生風'},{'那麼吹風機是怎麼產生風的':'【❓我想知道】我想知道吹風機是怎麼產生風的'},{'吹風機靠著電力產生風':'【💡我的想法】我覺得吹風機是靠著電力產生風，才能吹出風來'},{'✍🏻我的總結':'經過討論，我們發現可以利用空氣的特性製作很多有趣的玩具，像是氣球、風箏、氣墊船、吹泡泡和吹風機等等'}]",{'我們可以利用吸管和紙杯製作一個可以飛的火箭': 1},我們可以利用吸管和紙杯製作一個可以飛的火箭,1
如何利用空氣的特性製作玩具？,1. 製作空氣玩具,"[{'如何利用空氣的特性製作玩具':'請發表你們的想法'},{'氣球是一種空氣玩具':'【💡我的想法】我覺得可以利用氣球的膨脹性質來製作玩具'},{'可以舉例嗎':'【📄舉例和參考來源】比如可以用氣球製作飛機模型，讓氣球膨脹起來，模型就會飛起來'},{'那麼氣球膨脹是怎麼回事':'【❓我想知道】我想知道氣球膨脹是因為什麼原因'},{'氣球膨脹是因為空氣的壓力':'【💡我的想法】我覺得氣球膨脹是因為空氣的壓力把氣球內的空氣壓縮起來'},{'那麼氣球怎麼放氣':'【❓我想知道】我想知道氣球怎麼放氣'},{'可以用針扎破氣球':'【💡我的想法】我覺得可以用針扎破氣球來放氣'},{'那麼除了氣球還有其他空氣玩具嗎':'【❓我想知道】我想知道除了氣球還有哪些空氣玩具'},{'還有風箏':'【💡我的想法】我覺得風箏也是一種利用空氣特性的玩具，靠著風的力量飛起來'},{'那麼風箏是怎麼飛起來的':'【❓我想知道】我想知道風箏是怎麼飛起來的'},{'風箏靠著風的力量':'【💡我的想法】我覺得風箏靠著風的力量產生升力，才能飛起來'},{'那麼除了氣球和風箏還有其他空氣玩具嗎':'【❓我想知道】我想知道除了氣球和風箏還有哪些空氣玩具'},{'還有氣墊船':'【💡我的想法】我覺得氣墊船也是一種利用空氣特性的玩具，靠著氣墊浮起來'},{'那麼氣墊船是怎麼浮起來的':'【❓我想知道】我想知道氣墊船是怎麼浮起來的'},{'氣墊船靠著氣墊產生浮力':'【💡我的想法】我覺得氣墊船靠著氣墊產生的壓力產生浮力，才能浮起來'},{'那麼除了氣球、風箏和氣墊船還有其他空氣玩具嗎':'【❓我想知道】我想知道除了氣球、風箏和氣墊船還有哪些空氣玩具'},{'還有吹泡泡':'【💡我的想法】我覺得吹泡泡也是一種利用空氣特性的玩具，靠著吹氣產生泡泡'},{'那麼吹泡泡是怎麼產生的':'【❓我想知道】我想知道吹泡泡是怎麼產生的'},{'吹泡泡靠著吹氣產生氣泡':'【💡我的想法】我覺得吹泡泡是靠著吹氣產生氣泡，才能形成泡泡'},{'那麼除了氣球、風箏、氣墊船和吹泡泡還有其他空氣玩具嗎':'【❓我想知道】我想知道除了氣球、風箏、氣墊船和吹泡泡還有哪些空氣玩具'},{'還有吹風機':'【💡我的想法】我覺得吹風機也是一種利用空氣特性的玩具，靠著吹風產生風'},{'那麼吹風機是怎麼產生風的':'【❓我想知道】我想知道吹風機是怎麼產生風的'},{'吹風機靠著電力產生風':'【💡我的想法】我覺得吹風機是靠著電力產生風，才能吹出風來'},{'✍🏻我的總結':'經過討論，我們發現可以利用空氣的特性製作很多有趣的玩具，像是氣球、風箏、氣墊船、吹泡泡和吹風機等等'}]",{'我最喜歡的玩具是遙控飛機，可以在空中飛行': 0},我最喜歡的玩具是遙控飛機，可以在空中飛行,0
如何利用空氣的特性製作玩具？,1. 製作空氣玩具,"[{'如何利用空氣的特性製作玩具':'請發表你們的想法'},{'氣球是一種空氣玩具':'【💡我的想法】我覺得可以利用氣球的膨脹性質來製作玩具'},{'可以舉例嗎':'【📄舉例和參考來源】比如可以用氣球製作飛機模型，讓氣球膨脹起來，模型就會飛起來'},{'那麼氣球膨脹是怎麼回事':'【❓我想知道】我想知道氣球膨脹是因為什麼原因'},{'氣球膨脹是因為空氣的壓力':'【💡我的想法】我覺得氣球膨脹是因為空氣的壓力把氣球內的空氣壓縮起來'},{'那麼氣球怎麼放氣':'【❓我想知道】我想知道氣球怎麼放氣'},{'可以用針扎破氣球':'【💡我的想法】我覺得可以用針扎破氣球來放氣'},{'那麼除了氣球還有其他空氣玩具嗎':'【❓我想知道】我想知道除了氣球還有哪些空氣玩具'},{'還有風箏':'【💡我的想法】我覺得風箏也是一種利用空氣特性的玩具，靠著風的力量飛起來'},{'那麼風箏是怎麼飛起來的':'【❓我想知道】我想知道風箏是怎麼飛起來的'},{'風箏靠著風的力量':'【💡我的想法】我覺得風箏靠著風的力量產生升力，才能飛起來'},{'那麼除了氣球和風箏還有其他空氣玩具嗎':'【❓我想知道】我想知道除了氣球和風箏還有哪些空氣玩具'},{'還有氣墊船':'【💡我的想法】我覺得氣墊船也是一種利用空氣特性的玩具，靠著氣墊浮起來'},{'那麼氣墊船是怎麼浮起來的':'【❓我想知道】我想知道氣墊船是怎麼浮起來的'},{'氣墊船靠著氣墊產生浮力':'【💡我的想法】我覺得氣墊船靠著氣墊產生的壓力產生浮力，才能浮起來'},{'那麼除了氣球、風箏和氣墊船還有其他空氣玩具嗎':'【❓我想知道】我想知道除了氣球、風箏和氣墊船還有哪些空氣玩具'},{'還有吹泡泡':'【💡我的想法】我覺得吹泡泡也是一種利用空氣特性的玩具，靠著吹氣產生泡泡'},{'那麼吹泡泡是怎麼產生的':'【❓我想知道】我想知道吹泡泡是怎麼產生的'},{'吹泡泡靠著吹氣產生氣泡':'【💡我的想法】我覺得吹泡泡是靠著吹氣產生氣泡，才能形成泡泡'},{'那麼除了氣球、風箏、氣墊船和吹泡泡還有其他空氣玩具嗎':'【❓我想知道】我想知道除了氣球、風箏、氣墊船和吹泡泡還有哪些空氣玩具'},{'還有吹風機':'【💡我的想法】我覺得吹風機也是一種利用空氣特性的玩具，靠著吹風產生風'},{'那麼吹風機是怎麼產生風的':'【❓我想知道】我想知道吹風機是怎麼產生風的'},{'吹風機靠著電力產生風':'【💡我的想法】我覺得吹風機是靠著電力產生風，才能吹出風來'},{'✍🏻我的總結':'經過討論，我們發現可以利用空氣的特性製作很多有趣的玩具，像是氣球、風箏、氣墊船、吹泡泡和吹風機等等'}]",{'我們可以利用塑膠袋和吹氣球製作一個可以飛的飛鏢': 1},我們可以利用塑膠袋和吹氣球製作一個可以飛的飛鏢,1
如何利用空氣的特性製作玩具？,1. 製作空氣玩具,"[{'如何利用空氣的特性製作玩具':'請發表你們的想法'},{'氣球是一種空氣玩具':'【💡我的想法】我覺得可以利用氣球的膨脹性質來製作玩具'},{'可以舉例嗎':'【📄舉例和參考來源】比如可以用氣球製作飛機模型，讓氣球膨脹起來，模型就會飛起來'},{'那麼氣球膨脹是怎麼回事':'【❓我想知道】我想知道氣球膨脹是因為什麼原因'},{'氣球膨脹是因為空氣的壓力':'【💡我的想法】我覺得氣球膨脹是因為空氣的壓力把氣球內的空氣壓縮起來'},{'那麼氣球怎麼放氣':'【❓我想知道】我想知道氣球怎麼放氣'},{'可以用針扎破氣球':'【💡我的想法】我覺得可以用針扎破氣球來放氣'},{'那麼除了氣球還有其他空氣玩具嗎':'【❓我想知道】我想知道除了氣球還有哪些空氣玩具'},{'還有風箏':'【💡我的想法】我覺得風箏也是一種利用空氣特性的玩具，靠著風的力量飛起來'},{'那麼風箏是怎麼飛起來的':'【❓我想知道】我想知道風箏是怎麼飛起來的'},{'風箏靠著風的力量':'【💡我的想法】我覺得風箏靠著風的力量產生升力，才能飛起來'},{'那麼除了氣球和風箏還有其他空氣玩具嗎':'【❓我想知道】我想知道除了氣球和風箏還有哪些空氣玩具'},{'還有氣墊船':'【💡我的想法】我覺得氣墊船也是一種利用空氣特性的玩具，靠著氣墊浮起來'},{'那麼氣墊船是怎麼浮起來的':'【❓我想知道】我想知道氣墊船是怎麼浮起來的'},{'氣墊船靠著氣墊產生浮力':'【💡我的想法】我覺得氣墊船靠著氣墊產生的壓力產生浮力，才能浮起來'},{'那麼除了氣球、風箏和氣墊船還有其他空氣玩具嗎':'【❓我想知道】我想知道除了氣球、風箏和氣墊船還有哪些空氣玩具'},{'還有吹泡泡':'【💡我的想法】我覺得吹泡泡也是一種利用空氣特性的玩具，靠著吹氣產生泡泡'},{'那麼吹泡泡是怎麼產生的':'【❓我想知道】我想知道吹泡泡是怎麼產生的'},{'吹泡泡靠著吹氣產生氣泡':'【💡我的想法】我覺得吹泡泡是靠著吹氣產生氣泡，才能形成泡泡'},{'那麼除了氣球、風箏、氣墊船和吹泡泡還有其他空氣玩具嗎':'【❓我想知道】我想知道除了氣球、風箏、氣墊船和吹泡泡還有哪些空氣玩具'},{'還有吹風機':'【💡我的想法】我覺得吹風機也是一種利用空氣特性的玩具，靠著吹風產生風'},{'那麼吹風機是怎麼產生風的':'【❓我想知道】我想知道吹風機是怎麼產生風的'},{'吹風機靠著電力產生風':'【💡我的想法】我覺得吹風機是靠著電力產生風，才能吹出風來'},{'✍🏻我的總結':'經過討論，我們發現可以利用空氣的特性製作很多有趣的玩具，像是氣球、風箏、氣墊船、吹泡泡和吹風機等等'}]",{'我昨天去動物園看到了一隻大象，好可愛': 0},我昨天去動物園看到了一隻大象，好可愛,0
如何利用空氣的特性製作玩具？,1. 製作空氣玩具,"[{'如何利用空氣的特性製作玩具':'請發表你們的想法'},{'氣球是一種空氣玩具':'【💡我的想法】我覺得可以利用氣球的膨脹性質來製作玩具'},{'可以舉例嗎':'【📄舉例和參考來源】比如可以用氣球製作飛機模型，讓氣球膨脹起來，模型就會飛起來'},{'那麼氣球膨脹是怎麼回事':'【❓我想知道】我想知道氣球膨脹是因為什麼原因'},{'氣球膨脹是因為空氣的壓力':'【💡我的想法】我覺得氣球膨脹是因為空氣的壓力把氣球內的空氣壓縮起來'},{'那麼氣球怎麼放氣':'【❓我想知道】我想知道氣球怎麼放氣'},{'可以用針扎破氣球':'【💡我的想法】我覺得可以用針扎破氣球來放氣'},{'那麼除了氣球還有其他空氣玩具嗎':'【❓我想知道】我想知道除了氣球還有哪些空氣玩具'},{'還有風箏':'【💡我的想法】我覺得風箏也是一種利用空氣特性的玩具，靠著風的力量飛起來'},{'那麼風箏是怎麼飛起來的':'【❓我想知道】我想知道風箏是怎麼飛起來的'},{'風箏靠著風的力量':'【💡我的想法】我覺得風箏靠著風的力量產生升力，才能飛起來'},{'那麼除了氣球和風箏還有其他空氣玩具嗎':'【❓我想知道】我想知道除了氣球和風箏還有哪些空氣玩具'},{'還有氣墊船':'【💡我的想法】我覺得氣墊船也是一種利用空氣特性的玩具，靠著氣墊浮起來'},{'那麼氣墊船是怎麼浮起來的':'【❓我想知道】我想知道氣墊船是怎麼浮起來的'},{'氣墊船靠著氣墊產生浮力':'【💡我的想法】我覺得氣墊船靠著氣墊產生的壓力產生浮力，才能浮起來'},{'那麼除了氣球、風箏和氣墊船還有其他空氣玩具嗎':'【❓我想知道】我想知道除了氣球、風箏和氣墊船還有哪些空氣玩具'},{'還有吹泡泡':'【💡我的想法】我覺得吹泡泡也是一種利用空氣特性的玩具，靠著吹氣產生泡泡'},{'那麼吹泡泡是怎麼產生的':'【❓我想知道】我想知道吹泡泡是怎麼產生的'},{'吹泡泡靠著吹氣產生氣泡':'【💡我的想法】我覺得吹泡泡是靠著吹氣產生氣泡，才能形成泡泡'},{'那麼除了氣球、風箏、氣墊船和吹泡泡還有其他空氣玩具嗎':'【❓我想知道】我想知道除了氣球、風箏、氣墊船和吹泡泡還有哪些空氣玩具'},{'還有吹風機':'【💡我的想法】我覺得吹風機也是一種利用空氣特性的玩具，靠著吹風產生風'},{'那麼吹風機是怎麼產生風的':'【❓我想知道】我想知道吹風機是怎麼產生風的'},{'吹風機靠著電力產生風':'【💡我的想法】我覺得吹風機是靠著電力產生風，才能吹出風來'},{'✍🏻我的總結':'經過討論，我們發現可以利用空氣的特性製作很多有趣的玩具，像是氣球、風箏、氣墊船、吹泡泡和吹風機等等'}]",{'我喜歡玩氣球，最近學會了一個新的氣球捲法': 0},我喜歡玩氣球，最近學會了一個新的氣球捲法,0
如何利用空氣的特性製作玩具？,1. 製作空氣玩具,"[{'如何利用空氣的特性製作玩具':'請發表你們的想法'},{'氣球是一種空氣玩具':'【💡我的想法】我覺得可以利用氣球的膨脹性質來製作玩具'},{'可以舉例嗎':'【📄舉例和參考來源】比如可以用氣球製作飛機模型，讓氣球膨脹起來，模型就會飛起來'},{'那麼氣球膨脹是怎麼回事':'【❓我想知道】我想知道氣球膨脹是因為什麼原因'},{'氣球膨脹是因為空氣的壓力':'【💡我的想法】我覺得氣球膨脹是因為空氣的壓力把氣球內的空氣壓縮起來'},{'那麼氣球怎麼放氣':'【❓我想知道】我想知道氣球怎麼放氣'},{'可以用針扎破氣球':'【💡我的想法】我覺得可以用針扎破氣球來放氣'},{'那麼除了氣球還有其他空氣玩具嗎':'【❓我想知道】我想知道除了氣球還有哪些空氣玩具'},{'還有風箏':'【💡我的想法】我覺得風箏也是一種利用空氣特性的玩具，靠著風的力量飛起來'},{'那麼風箏是怎麼飛起來的':'【❓我想知道】我想知道風箏是怎麼飛起來的'},{'風箏靠著風的力量':'【💡我的想法】我覺得風箏靠著風的力量產生升力，才能飛起來'},{'那麼除了氣球和風箏還有其他空氣玩具嗎':'【❓我想知道】我想知道除了氣球和風箏還有哪些空氣玩具'},{'還有氣墊船':'【💡我的想法】我覺得氣墊船也是一種利用空氣特性的玩具，靠著氣墊浮起來'},{'那麼氣墊船是怎麼浮起來的':'【❓我想知道】我想知道氣墊船是怎麼浮起來的'},{'氣墊船靠著氣墊產生浮力':'【💡我的想法】我覺得氣墊船靠著氣墊產生的壓力產生浮力，才能浮起來'},{'那麼除了氣球、風箏和氣墊船還有其他空氣玩具嗎':'【❓我想知道】我想知道除了氣球、風箏和氣墊船還有哪些空氣玩具'},{'還有吹泡泡':'【💡我的想法】我覺得吹泡泡也是一種利用空氣特性的玩具，靠著吹氣產生泡泡'},{'那麼吹泡泡是怎麼產生的':'【❓我想知道】我想知道吹泡泡是怎麼產生的'},{'吹泡泡靠著吹氣產生氣泡':'【💡我的想法】我覺得吹泡泡是靠著吹氣產生氣泡，才能形成泡泡'},{'那麼除了氣球、風箏、氣墊船和吹泡泡還有其他空氣玩具嗎':'【❓我想知道】我想知道除了氣球、風箏、氣墊船和吹泡泡還有哪些空氣玩具'},{'還有吹風機':'【💡我的想法】我覺得吹風機也是一種利用空氣特性的玩具，靠著吹風產生風'},{'那麼吹風機是怎麼產生風的':'【❓我想知道】我想知道吹風機是怎麼產生風的'},{'吹風機靠著電力產生風':'【💡我的想法】我覺得吹風機是靠著電力產生風，才能吹出風來'},{'✍🏻我的總結':'經過討論，我們發現可以利用空氣的特性製作很多有趣的玩具，像是氣球、風箏、氣墊船、吹泡泡和吹風機等等'}]",{'我們可以利用紙杯和吸管製作一個可以飛的直升機': 1},我們可以利用紙杯和吸管製作一個可以飛的直升機,1
如何利用空氣的特性製作玩具？,1. 製作空氣玩具,"[{'如何利用空氣的特性製作玩具':'請發表你們的想法'},{'氣球是一種空氣玩具':'【💡我的想法】我覺得可以利用氣球的膨脹性質來製作玩具'},{'可以舉例嗎':'【📄舉例和參考來源】比如可以用氣球製作飛機模型，讓氣球膨脹起來，模型就會飛起來'},{'那麼氣球膨脹是怎麼回事':'【❓我想知道】我想知道氣球膨脹是因為什麼原因'},{'氣球膨脹是因為空氣的壓力':'【💡我的想法】我覺得氣球膨脹是因為空氣的壓力把氣球內的空氣壓縮起來'},{'那麼氣球怎麼放氣':'【❓我想知道】我想知道氣球怎麼放氣'},{'可以用針扎破氣球':'【💡我的想法】我覺得可以用針扎破氣球來放氣'},{'那麼除了氣球還有其他空氣玩具嗎':'【❓我想知道】我想知道除了氣球還有哪些空氣玩具'},{'還有風箏':'【💡我的想法】我覺得風箏也是一種利用空氣特性的玩具，靠著風的力量飛起來'},{'那麼風箏是怎麼飛起來的':'【❓我想知道】我想知道風箏是怎麼飛起來的'},{'風箏靠著風的力量':'【💡我的想法】我覺得風箏靠著風的力量產生升力，才能飛起來'},{'那麼除了氣球和風箏還有其他空氣玩具嗎':'【❓我想知道】我想知道除了氣球和風箏還有哪些空氣玩具'},{'還有氣墊船':'【💡我的想法】我覺得氣墊船也是一種利用空氣特性的玩具，靠著氣墊浮起來'},{'那麼氣墊船是怎麼浮起來的':'【❓我想知道】我想知道氣墊船是怎麼浮起來的'},{'氣墊船靠著氣墊產生浮力':'【💡我的想法】我覺得氣墊船靠著氣墊產生的壓力產生浮力，才能浮起來'},{'那麼除了氣球、風箏和氣墊船還有其他空氣玩具嗎':'【❓我想知道】我想知道除了氣球、風箏和氣墊船還有哪些空氣玩具'},{'還有吹泡泡':'【💡我的想法】我覺得吹泡泡也是一種利用空氣特性的玩具，靠著吹氣產生泡泡'},{'那麼吹泡泡是怎麼產生的':'【❓我想知道】我想知道吹泡泡是怎麼產生的'},{'吹泡泡靠著吹氣產生氣泡':'【💡我的想法】我覺得吹泡泡是靠著吹氣產生氣泡，才能形成泡泡'},{'那麼除了氣球、風箏、氣墊船和吹泡泡還有其他空氣玩具嗎':'【❓我想知道】我想知道除了氣球、風箏、氣墊船和吹泡泡還有哪些空氣玩具'},{'還有吹風機':'【💡我的想法】我覺得吹風機也是一種利用空氣特性的玩具，靠著吹風產生風'},{'那麼吹風機是怎麼產生風的':'【❓我想知道】我想知道吹風機是怎麼產生風的'},{'吹風機靠著電力產生風':'【💡我的想法】我覺得吹風機是靠著電力產生風，才能吹出風來'},{'✍🏻我的總結':'經過討論，我們發現可以利用空氣的特性製作很多有趣的玩具，像是氣球、風箏、氣墊船、吹泡泡和吹風機等等'}]",{'我最喜歡的玩具是跳躍球，可以跳得很高': 0},我最喜歡的玩具是跳躍球，可以跳得很高,0
如何利用空氣的特性製作玩具？,1. 製作空氣玩具,"[{'如何利用空氣的特性製作玩具':'請發表你們的想法'},{'氣球是一種空氣玩具':'【💡我的想法】我覺得可以利用氣球的膨脹性質來製作玩具'},{'可以舉例嗎':'【📄舉例和參考來源】比如可以用氣球製作飛機模型，讓氣球膨脹起來，模型就會飛起來'},{'那麼氣球膨脹是怎麼回事':'【❓我想知道】我想知道氣球膨脹是因為什麼原因'},{'氣球膨脹是因為空氣的壓力':'【💡我的想法】我覺得氣球膨脹是因為空氣的壓力把氣球內的空氣壓縮起來'},{'那麼氣球怎麼放氣':'【❓我想知道】我想知道氣球怎麼放氣'},{'可以用針扎破氣球':'【💡我的想法】我覺得可以用針扎破氣球來放氣'},{'那麼除了氣球還有其他空氣玩具嗎':'【❓我想知道】我想知道除了氣球還有哪些空氣玩具'},{'還有風箏':'【💡我的想法】我覺得風箏也是一種利用空氣特性的玩具，靠著風的力量飛起來'},{'那麼風箏是怎麼飛起來的':'【❓我想知道】我想知道風箏是怎麼飛起來的'},{'風箏靠著風的力量':'【💡我的想法】我覺得風箏靠著風的力量產生升力，才能飛起來'},{'那麼除了氣球和風箏還有其他空氣玩具嗎':'【❓我想知道】我想知道除了氣球和風箏還有哪些空氣玩具'},{'還有氣墊船':'【💡我的想法】我覺得氣墊船也是一種利用空氣特性的玩具，靠著氣墊浮起來'},{'那麼氣墊船是怎麼浮起來的':'【❓我想知道】我想知道氣墊船是怎麼浮起來的'},{'氣墊船靠著氣墊產生浮力':'【💡我的想法】我覺得氣墊船靠著氣墊產生的壓力產生浮力，才能浮起來'},{'那麼除了氣球、風箏和氣墊船還有其他空氣玩具嗎':'【❓我想知道】我想知道除了氣球、風箏和氣墊船還有哪些空氣玩具'},{'還有吹泡泡':'【💡我的想法】我覺得吹泡泡也是一種利用空氣特性的玩具，靠著吹氣產生泡泡'},{'那麼吹泡泡是怎麼產生的':'【❓我想知道】我想知道吹泡泡是怎麼產生的'},{'吹泡泡靠著吹氣產生氣泡':'【💡我的想法】我覺得吹泡泡是靠著吹氣產生氣泡，才能形成泡泡'},{'那麼除了氣球、風箏、氣墊船和吹泡泡還有其他空氣玩具嗎':'【❓我想知道】我想知道除了氣球、風箏、氣墊船和吹泡泡還有哪些空氣玩具'},{'還有吹風機':'【💡我的想法】我覺得吹風機也是一種利用空氣特性的玩具，靠著吹風產生風'},{'那麼吹風機是怎麼產生風的':'【❓我想知道】我想知道吹風機是怎麼產生風的'},{'吹風機靠著電力產生風':'【💡我的想法】我覺得吹風機是靠著電力產生風，才能吹出風來'},{'✍🏻我的總結':'經過討論，我們發現可以利用空氣的特性製作很多有趣的玩具，像是氣球、風箏、氣墊船、吹泡泡和吹風機等等'}]",{'我們可以利用塑膠瓶和氣球製作一個可以飛的火箭': 1},我們可以利用塑膠瓶和氣球製作一個可以飛的火箭,1
如何利用空氣的特性製作玩具？,1. 製作空氣玩具,"[{'如何利用空氣的特性製作玩具':'請發表你們的想法'},{'氣球是一種空氣玩具':'【💡我的想法】我覺得可以利用氣球的膨脹性質來製作玩具'},{'可以舉例嗎':'【📄舉例和參考來源】比如可以用氣球製作飛機模型，讓氣球膨脹起來，模型就會飛起來'},{'那麼氣球膨脹是怎麼回事':'【❓我想知道】我想知道氣球膨脹是因為什麼原因'},{'氣球膨脹是因為空氣的壓力':'【💡我的想法】我覺得氣球膨脹是因為空氣的壓力把氣球內的空氣壓縮起來'},{'那麼氣球怎麼放氣':'【❓我想知道】我想知道氣球怎麼放氣'},{'可以用針扎破氣球':'【💡我的想法】我覺得可以用針扎破氣球來放氣'},{'那麼除了氣球還有其他空氣玩具嗎':'【❓我想知道】我想知道除了氣球還有哪些空氣玩具'},{'還有風箏':'【💡我的想法】我覺得風箏也是一種利用空氣特性的玩具，靠著風的力量飛起來'},{'那麼風箏是怎麼飛起來的':'【❓我想知道】我想知道風箏是怎麼飛起來的'},{'風箏靠著風的力量':'【💡我的想法】我覺得風箏靠著風的力量產生升力，才能飛起來'},{'那麼除了氣球和風箏還有其他空氣玩具嗎':'【❓我想知道】我想知道除了氣球和風箏還有哪些空氣玩具'},{'還有氣墊船':'【💡我的想法】我覺得氣墊船也是一種利用空氣特性的玩具，靠著氣墊浮起來'},{'那麼氣墊船是怎麼浮起來的':'【❓我想知道】我想知道氣墊船是怎麼浮起來的'},{'氣墊船靠著氣墊產生浮力':'【💡我的想法】我覺得氣墊船靠著氣墊產生的壓力產生浮力，才能浮起來'},{'那麼除了氣球、風箏和氣墊船還有其他空氣玩具嗎':'【❓我想知道】我想知道除了氣球、風箏和氣墊船還有哪些空氣玩具'},{'還有吹泡泡':'【💡我的想法】我覺得吹泡泡也是一種利用空氣特性的玩具，靠著吹氣產生泡泡'},{'那麼吹泡泡是怎麼產生的':'【❓我想知道】我想知道吹泡泡是怎麼產生的'},{'吹泡泡靠著吹氣產生氣泡':'【💡我的想法】我覺得吹泡泡是靠著吹氣產生氣泡，才能形成泡泡'},{'那麼除了氣球、風箏、氣墊船和吹泡泡還有其他空氣玩具嗎':'【❓我想知道】我想知道除了氣球、風箏、氣墊船和吹泡泡還有哪些空氣玩具'},{'還有吹風機':'【💡我的想法】我覺得吹風機也是一種利用空氣特性的玩具，靠著吹風產生風'},{'那麼吹風機是怎麼產生風的':'【❓我想知道】我想知道吹風機是怎麼產生風的'},{'吹風機靠著電力產生風':'【💡我的想法】我覺得吹風機是靠著電力產生風，才能吹出風來'},{'✍🏻我的總結':'經過討論，我們發現可以利用空氣的特性製作很多有趣的玩具，像是氣球、風箏、氣墊船、吹泡泡和吹風機等等'}]",{'我昨天去公園玩滑梯，好刺激': 0},我昨天去公園玩滑梯，好刺激,0
如何利用空氣的特性製作玩具？,1. 製作空氣玩具,"[{'如何利用空氣的特性製作玩具':'請發表你們的想法'},{'氣球是一種空氣玩具':'【💡我的想法】我覺得可以利用氣球的膨脹性質來製作玩具'},{'可以舉例嗎':'【📄舉例和參考來源】比如可以用氣球製作飛機模型，讓氣球膨脹起來，模型就會飛起來'},{'那麼氣球膨脹是怎麼回事':'【❓我想知道】我想知道氣球膨脹是因為什麼原因'},{'氣球膨脹是因為空氣的壓力':'【💡我的想法】我覺得氣球膨脹是因為空氣的壓力把氣球內的空氣壓縮起來'},{'那麼氣球怎麼放氣':'【❓我想知道】我想知道氣球怎麼放氣'},{'可以用針扎破氣球':'【💡我的想法】我覺得可以用針扎破氣球來放氣'},{'那麼除了氣球還有其他空氣玩具嗎':'【❓我想知道】我想知道除了氣球還有哪些空氣玩具'},{'還有風箏':'【💡我的想法】我覺得風箏也是一種利用空氣特性的玩具，靠著風的力量飛起來'},{'那麼風箏是怎麼飛起來的':'【❓我想知道】我想知道風箏是怎麼飛起來的'},{'風箏靠著風的力量':'【💡我的想法】我覺得風箏靠著風的力量產生升力，才能飛起來'},{'那麼除了氣球和風箏還有其他空氣玩具嗎':'【❓我想知道】我想知道除了氣球和風箏還有哪些空氣玩具'},{'還有氣墊船':'【💡我的想法】我覺得氣墊船也是一種利用空氣特性的玩具，靠著氣墊浮起來'},{'那麼氣墊船是怎麼浮起來的':'【❓我想知道】我想知道氣墊船是怎麼浮起來的'},{'氣墊船靠著氣墊產生浮力':'【💡我的想法】我覺得氣墊船靠著氣墊產生的壓力產生浮力，才能浮起來'},{'那麼除了氣球、風箏和氣墊船還有其他空氣玩具嗎':'【❓我想知道】我想知道除了氣球、風箏和氣墊船還有哪些空氣玩具'},{'還有吹泡泡':'【💡我的想法】我覺得吹泡泡也是一種利用空氣特性的玩具，靠著吹氣產生泡泡'},{'那麼吹泡泡是怎麼產生的':'【❓我想知道】我想知道吹泡泡是怎麼產生的'},{'吹泡泡靠著吹氣產生氣泡':'【💡我的想法】我覺得吹泡泡是靠著吹氣產生氣泡，才能形成泡泡'},{'那麼除了氣球、風箏、氣墊船和吹泡泡還有其他空氣玩具嗎':'【❓我想知道】我想知道除了氣球、風箏、氣墊船和吹泡泡還有哪些空氣玩具'},{'還有吹風機':'【💡我的想法】我覺得吹風機也是一種利用空氣特性的玩具，靠著吹風產生風'},{'那麼吹風機是怎麼產生風的':'【❓我想知道】我想知道吹風機是怎麼產生風的'},{'吹風機靠著電力產生風':'【💡我的想法】我覺得吹風機是靠著電力產生風，才能吹出風來'},{'✍🏻我的總結':'經過討論，我們發現可以利用空氣的特性製作很多有趣的玩具，像是氣球、風箏、氣墊船、吹泡泡和吹風機等等'}]",{'我喜歡玩泡泡槍，最近學會了一個新的泡泡槍技巧': 0},我喜歡玩泡泡槍，最近學會了一個新的泡泡槍技巧,0
如何利用空氣的特性製作玩具？,1. 製作空氣玩具,"[{'如何利用空氣的特性製作玩具':'請發表你們的想法'},{'氣球是一種空氣玩具':'【💡我的想法】我覺得可以利用氣球的膨脹性質來製作玩具'},{'可以舉例嗎':'【📄舉例和參考來源】比如可以用氣球製作飛機模型，讓氣球膨脹起來，模型就會飛起來'},{'那麼氣球膨脹是怎麼回事':'【❓我想知道】我想知道氣球膨脹是因為什麼原因'},{'氣球膨脹是因為空氣的壓力':'【💡我的想法】我覺得氣球膨脹是因為空氣的壓力把氣球內的空氣壓縮起來'},{'那麼氣球怎麼放氣':'【❓我想知道】我想知道氣球怎麼放氣'},{'可以用針扎破氣球':'【💡我的想法】我覺得可以用針扎破氣球來放氣'},{'那麼除了氣球還有其他空氣玩具嗎':'【❓我想知道】我想知道除了氣球還有哪些空氣玩具'},{'還有風箏':'【💡我的想法】我覺得風箏也是一種利用空氣特性的玩具，靠著風的力量飛起來'},{'那麼風箏是怎麼飛起來的':'【❓我想知道】我想知道風箏是怎麼飛起來的'},{'風箏靠著風的力量':'【💡我的想法】我覺得風箏靠著風的力量產生升力，才能飛起來'},{'那麼除了氣球和風箏還有其他空氣玩具嗎':'【❓我想知道】我想知道除了氣球和風箏還有哪些空氣玩具'},{'還有氣墊船':'【💡我的想法】我覺得氣墊船也是一種利用空氣特性的玩具，靠著氣墊浮起來'},{'那麼氣墊船是怎麼浮起來的':'【❓我想知道】我想知道氣墊船是怎麼浮起來的'},{'氣墊船靠著氣墊產生浮力':'【💡我的想法】我覺得氣墊船靠著氣墊產生的壓力產生浮力，才能浮起來'},{'那麼除了氣球、風箏和氣墊船還有其他空氣玩具嗎':'【❓我想知道】我想知道除了氣球、風箏和氣墊船還有哪些空氣玩具'},{'還有吹泡泡':'【💡我的想法】我覺得吹泡泡也是一種利用空氣特性的玩具，靠著吹氣產生泡泡'},{'那麼吹泡泡是怎麼產生的':'【❓我想知道】我想知道吹泡泡是怎麼產生的'},{'吹泡泡靠著吹氣產生氣泡':'【💡我的想法】我覺得吹泡泡是靠著吹氣產生氣泡，才能形成泡泡'},{'那麼除了氣球、風箏、氣墊船和吹泡泡還有其他空氣玩具嗎':'【❓我想知道】我想知道除了氣球、風箏、氣墊船和吹泡泡還有哪些空氣玩具'},{'還有吹風機':'【💡我的想法】我覺得吹風機也是一種利用空氣特性的玩具，靠著吹風產生風'},{'那麼吹風機是怎麼產生風的':'【❓我想知道】我想知道吹風機是怎麼產生風的'},{'吹風機靠著電力產生風':'【💡我的想法】我覺得吹風機是靠著電力產生風，才能吹出風來'},{'✍🏻我的總結':'經過討論，我們發現可以利用空氣的特性製作很多有趣的玩具，像是氣球、風箏、氣墊船、吹泡泡和吹風機等等'}]",{'我們可以利用紙杯和吸管製作一個可以飛的飛碟': 1},我們可以利用紙杯和吸管製作一個可以飛的飛碟,1
如何利用空氣的特性製作玩具？,1. 製作空氣玩具,"[{'如何利用空氣的特性製作玩具':'請發表你們的想法'},{'氣球是一種空氣玩具':'【💡我的想法】我覺得可以利用氣球的膨脹性質來製作玩具'},{'可以舉例嗎':'【📄舉例和參考來源】比如可以用氣球製作飛機模型，讓氣球膨脹起來，模型就會飛起來'},{'那麼氣球膨脹是怎麼回事':'【❓我想知道】我想知道氣球膨脹是因為什麼原因'},{'氣球膨脹是因為空氣的壓力':'【💡我的想法】我覺得氣球膨脹是因為空氣的壓力把氣球內的空氣壓縮起來'},{'那麼氣球怎麼放氣':'【❓我想知道】我想知道氣球怎麼放氣'},{'可以用針扎破氣球':'【💡我的想法】我覺得可以用針扎破氣球來放氣'},{'那麼除了氣球還有其他空氣玩具嗎':'【❓我想知道】我想知道除了氣球還有哪些空氣玩具'},{'還有風箏':'【💡我的想法】我覺得風箏也是一種利用空氣特性的玩具，靠著風的力量飛起來'},{'那麼風箏是怎麼飛起來的':'【❓我想知道】我想知道風箏是怎麼飛起來的'},{'風箏靠著風的力量':'【💡我的想法】我覺得風箏靠著風的力量產生升力，才能飛起來'},{'那麼除了氣球和風箏還有其他空氣玩具嗎':'【❓我想知道】我想知道除了氣球和風箏還有哪些空氣玩具'},{'還有氣墊船':'【💡我的想法】我覺得氣墊船也是一種利用空氣特性的玩具，靠著氣墊浮起來'},{'那麼氣墊船是怎麼浮起來的':'【❓我想知道】我想知道氣墊船是怎麼浮起來的'},{'氣墊船靠著氣墊產生浮力':'【💡我的想法】我覺得氣墊船靠著氣墊產生的壓力產生浮力，才能浮起來'},{'那麼除了氣球、風箏和氣墊船還有其他空氣玩具嗎':'【❓我想知道】我想知道除了氣球、風箏和氣墊船還有哪些空氣玩具'},{'還有吹泡泡':'【💡我的想法】我覺得吹泡泡也是一種利用空氣特性的玩具，靠著吹氣產生泡泡'},{'那麼吹泡泡是怎麼產生的':'【❓我想知道】我想知道吹泡泡是怎麼產生的'},{'吹泡泡靠著吹氣產生氣泡':'【💡我的想法】我覺得吹泡泡是靠著吹氣產生氣泡，才能形成泡泡'},{'那麼除了氣球、風箏、氣墊船和吹泡泡還有其他空氣玩具嗎':'【❓我想知道】我想知道除了氣球、風箏、氣墊船和吹泡泡還有哪些空氣玩具'},{'還有吹風機':'【💡我的想法】我覺得吹風機也是一種利用空氣特性的玩具，靠著吹風產生風'},{'那麼吹風機是怎麼產生風的':'【❓我想知道】我想知道吹風機是怎麼產生風的'},{'吹風機靠著電力產生風':'【💡我的想法】我覺得吹風機是靠著電力產生風，才能吹出風來'},{'✍🏻我的總結':'經過討論，我們發現可以利用空氣的特性製作很多有趣的玩具，像是氣球、風箏、氣墊船、吹泡泡和吹風機等等'}]",{'我最喜歡的玩具是彈珠槍，可以射出彈珠': 0},我最喜歡的玩具是彈珠槍，可以射出彈珠,0
如何利用空氣的特性製作玩具？,1. 製作空氣玩具,"[{'如何利用空氣的特性製作玩具':'請發表你們的想法'},{'氣球是一種空氣玩具':'【💡我的想法】我覺得可以利用氣球的膨脹性質來製作玩具'},{'可以舉例嗎':'【📄舉例和參考來源】比如可以用氣球製作飛機模型，讓氣球膨脹起來，模型就會飛起來'},{'那麼氣球膨脹是怎麼回事':'【❓我想知道】我想知道氣球膨脹是因為什麼原因'},{'氣球膨脹是因為空氣的壓力':'【💡我的想法】我覺得氣球膨脹是因為空氣的壓力把氣球內的空氣壓縮起來'},{'那麼氣球怎麼放氣':'【❓我想知道】我想知道氣球怎麼放氣'},{'可以用針扎破氣球':'【💡我的想法】我覺得可以用針扎破氣球來放氣'},{'那麼除了氣球還有其他空氣玩具嗎':'【❓我想知道】我想知道除了氣球還有哪些空氣玩具'},{'還有風箏':'【💡我的想法】我覺得風箏也是一種利用空氣特性的玩具，靠著風的力量飛起來'},{'那麼風箏是怎麼飛起來的':'【❓我想知道】我想知道風箏是怎麼飛起來的'},{'風箏靠著風的力量':'【💡我的想法】我覺得風箏靠著風的力量產生升力，才能飛起來'},{'那麼除了氣球和風箏還有其他空氣玩具嗎':'【❓我想知道】我想知道除了氣球和風箏還有哪些空氣玩具'},{'還有氣墊船':'【💡我的想法】我覺得氣墊船也是一種利用空氣特性的玩具，靠著氣墊浮起來'},{'那麼氣墊船是怎麼浮起來的':'【❓我想知道】我想知道氣墊船是怎麼浮起來的'},{'氣墊船靠著氣墊產生浮力':'【💡我的想法】我覺得氣墊船靠著氣墊產生的壓力產生浮力，才能浮起來'},{'那麼除了氣球、風箏和氣墊船還有其他空氣玩具嗎':'【❓我想知道】我想知道除了氣球、風箏和氣墊船還有哪些空氣玩具'},{'還有吹泡泡':'【💡我的想法】我覺得吹泡泡也是一種利用空氣特性的玩具，靠著吹氣產生泡泡'},{'那麼吹泡泡是怎麼產生的':'【❓我想知道】我想知道吹泡泡是怎麼產生的'},{'吹泡泡靠著吹氣產生氣泡':'【💡我的想法】我覺得吹泡泡是靠著吹氣產生氣泡，才能形成泡泡'},{'那麼除了氣球、風箏、氣墊船和吹泡泡還有其他空氣玩具嗎':'【❓我想知道】我想知道除了氣球、風箏、氣墊船和吹泡泡還有哪些空氣玩具'},{'還有吹風機':'【💡我的想法】我覺得吹風機也是一種利用空氣特性的玩具，靠著吹風產生風'},{'那麼吹風機是怎麼產生風的':'【❓我想知道】我想知道吹風機是怎麼產生風的'},{'吹風機靠著電力產生風':'【💡我的想法】我覺得吹風機是靠著電力產生風，才能吹出風來'},{'✍🏻我的總結':'經過討論，我們發現可以利用空氣的特性製作很多有趣的玩具，像是氣球、風箏、氣墊船、吹泡泡和吹風機等等'}]",{'我們可以利用塑膠瓶和氣球製作一個可以飛的氣球車': 1},我們可以利用塑膠瓶和氣球製作一個可以飛的氣球車,1
如何利用空氣的特性製作玩具？,1. 製作空氣玩具,"[{'如何利用空氣的特性製作玩具':'請發表你們的想法'},{'氣球是一種空氣玩具':'【💡我的想法】我覺得可以利用氣球的膨脹性質來製作玩具'},{'可以舉例嗎':'【📄舉例和參考來源】比如可以用氣球製作飛機模型，讓氣球膨脹起來，模型就會飛起來'},{'那麼氣球膨脹是怎麼回事':'【❓我想知道】我想知道氣球膨脹是因為什麼原因'},{'氣球膨脹是因為空氣的壓力':'【💡我的想法】我覺得氣球膨脹是因為空氣的壓力把氣球內的空氣壓縮起來'},{'那麼氣球怎麼放氣':'【❓我想知道】我想知道氣球怎麼放氣'},{'可以用針扎破氣球':'【💡我的想法】我覺得可以用針扎破氣球來放氣'},{'那麼除了氣球還有其他空氣玩具嗎':'【❓我想知道】我想知道除了氣球還有哪些空氣玩具'},{'還有風箏':'【💡我的想法】我覺得風箏也是一種利用空氣特性的玩具，靠著風的力量飛起來'},{'那麼風箏是怎麼飛起來的':'【❓我想知道】我想知道風箏是怎麼飛起來的'},{'風箏靠著風的力量':'【💡我的想法】我覺得風箏靠著風的力量產生升力，才能飛起來'},{'那麼除了氣球和風箏還有其他空氣玩具嗎':'【❓我想知道】我想知道除了氣球和風箏還有哪些空氣玩具'},{'還有氣墊船':'【💡我的想法】我覺得氣墊船也是一種利用空氣特性的玩具，靠著氣墊浮起來'},{'那麼氣墊船是怎麼浮起來的':'【❓我想知道】我想知道氣墊船是怎麼浮起來的'},{'氣墊船靠著氣墊產生浮力':'【💡我的想法】我覺得氣墊船靠著氣墊產生的壓力產生浮力，才能浮起來'},{'那麼除了氣球、風箏和氣墊船還有其他空氣玩具嗎':'【❓我想知道】我想知道除了氣球、風箏和氣墊船還有哪些空氣玩具'},{'還有吹泡泡':'【💡我的想法】我覺得吹泡泡也是一種利用空氣特性的玩具，靠著吹氣產生泡泡'},{'那麼吹泡泡是怎麼產生的':'【❓我想知道】我想知道吹泡泡是怎麼產生的'},{'吹泡泡靠著吹氣產生氣泡':'【💡我的想法】我覺得吹泡泡是靠著吹氣產生氣泡，才能形成泡泡'},{'那麼除了氣球、風箏、氣墊船和吹泡泡還有其他空氣玩具嗎':'【❓我想知道】我想知道除了氣球、風箏、氣墊船和吹泡泡還有哪些空氣玩具'},{'還有吹風機':'【💡我的想法】我覺得吹風機也是一種利用空氣特性的玩具，靠著吹風產生風'},{'那麼吹風機是怎麼產生風的':'【❓我想知道】我想知道吹風機是怎麼產生風的'},{'吹風機靠著電力產生風':'【💡我的想法】我覺得吹風機是靠著電力產生風，才能吹出風來'},{'✍🏻我的總結':'經過討論，我們發現可以利用空氣的特性製作很多有趣的玩具，像是氣球、風箏、氣墊船、吹泡泡和吹風機等等'}]",{'我昨天去遊樂園玩雲霄飛車，好刺激': 0},我昨天去遊樂園玩雲霄飛車，好刺激,0
如何利用空氣的特性製作玩具？,1. 製作空氣玩具,"[{'如何利用空氣的特性製作玩具':'請發表你們的想法'},{'氣球是一種空氣玩具':'【💡我的想法】我覺得可以利用氣球的膨脹性質來製作玩具'},{'可以舉例嗎':'【📄舉例和參考來源】比如可以用氣球製作飛機模型，讓氣球膨脹起來，模型就會飛起來'},{'那麼氣球膨脹是怎麼回事':'【❓我想知道】我想知道氣球膨脹是因為什麼原因'},{'氣球膨脹是因為空氣的壓力':'【💡我的想法】我覺得氣球膨脹是因為空氣的壓力把氣球內的空氣壓縮起來'},{'那麼氣球怎麼放氣':'【❓我想知道】我想知道氣球怎麼放氣'},{'可以用針扎破氣球':'【💡我的想法】我覺得可以用針扎破氣球來放氣'},{'那麼除了氣球還有其他空氣玩具嗎':'【❓我想知道】我想知道除了氣球還有哪些空氣玩具'},{'還有風箏':'【💡我的想法】我覺得風箏也是一種利用空氣特性的玩具，靠著風的力量飛起來'},{'那麼風箏是怎麼飛起來的':'【❓我想知道】我想知道風箏是怎麼飛起來的'},{'風箏靠著風的力量':'【💡我的想法】我覺得風箏靠著風的力量產生升力，才能飛起來'},{'那麼除了氣球和風箏還有其他空氣玩具嗎':'【❓我想知道】我想知道除了氣球和風箏還有哪些空氣玩具'},{'還有氣墊船':'【💡我的想法】我覺得氣墊船也是一種利用空氣特性的玩具，靠著氣墊浮起來'},{'那麼氣墊船是怎麼浮起來的':'【❓我想知道】我想知道氣墊船是怎麼浮起來的'},{'氣墊船靠著氣墊產生浮力':'【💡我的想法】我覺得氣墊船靠著氣墊產生的壓力產生浮力，才能浮起來'},{'那麼除了氣球、風箏和氣墊船還有其他空氣玩具嗎':'【❓我想知道】我想知道除了氣球、風箏和氣墊船還有哪些空氣玩具'},{'還有吹泡泡':'【💡我的想法】我覺得吹泡泡也是一種利用空氣特性的玩具，靠著吹氣產生泡泡'},{'那麼吹泡泡是怎麼產生的':'【❓我想知道】我想知道吹泡泡是怎麼產生的'},{'吹泡泡靠著吹氣產生氣泡':'【💡我的想法】我覺得吹泡泡是靠著吹氣產生氣泡，才能形成泡泡'},{'那麼除了氣球、風箏、氣墊船和吹泡泡還有其他空氣玩具嗎':'【❓我想知道】我想知道除了氣球、風箏、氣墊船和吹泡泡還有哪些空氣玩具'},{'還有吹風機':'【💡我的想法】我覺得吹風機也是一種利用空氣特性的玩具，靠著吹風產生風'},{'那麼吹風機是怎麼產生風的':'【❓我想知道】我想知道吹風機是怎麼產生風的'},{'吹風機靠著電力產生風':'【💡我的想法】我覺得吹風機是靠著電力產生風，才能吹出風來'},{'✍🏻我的總結':'經過討論，我們發現可以利用空氣的特性製作很多有趣的玩具，像是氣球、風箏、氣墊船、吹泡泡和吹風機等等'}]",{'我喜歡玩陀螺，最近學會了一個新的陀螺技巧': 0},我喜歡玩陀螺，最近學會了一個新的陀螺技巧,0
如何利用空氣的特性製作玩具？,1. 製作空氣玩具,"[{'如何利用空氣的特性製作玩具':'請發表你們的想法'},{'氣球是一種空氣玩具':'【💡我的想法】我覺得可以利用氣球的膨脹性質來製作玩具'},{'可以舉例嗎':'【📄舉例和參考來源】比如可以用氣球製作飛機模型，讓氣球膨脹起來，模型就會飛起來'},{'那麼氣球膨脹是怎麼回事':'【❓我想知道】我想知道氣球膨脹是因為什麼原因'},{'氣球膨脹是因為空氣的壓力':'【💡我的想法】我覺得氣球膨脹是因為空氣的壓力把氣球內的空氣壓縮起來'},{'那麼氣球怎麼放氣':'【❓我想知道】我想知道氣球怎麼放氣'},{'可以用針扎破氣球':'【💡我的想法】我覺得可以用針扎破氣球來放氣'},{'那麼除了氣球還有其他空氣玩具嗎':'【❓我想知道】我想知道除了氣球還有哪些空氣玩具'},{'還有風箏':'【💡我的想法】我覺得風箏也是一種利用空氣特性的玩具，靠著風的力量飛起來'},{'那麼風箏是怎麼飛起來的':'【❓我想知道】我想知道風箏是怎麼飛起來的'},{'風箏靠著風的力量':'【💡我的想法】我覺得風箏靠著風的力量產生升力，才能飛起來'},{'那麼除了氣球和風箏還有其他空氣玩具嗎':'【❓我想知道】我想知道除了氣球和風箏還有哪些空氣玩具'},{'還有氣墊船':'【💡我的想法】我覺得氣墊船也是一種利用空氣特性的玩具，靠著氣墊浮起來'},{'那麼氣墊船是怎麼浮起來的':'【❓我想知道】我想知道氣墊船是怎麼浮起來的'},{'氣墊船靠著氣墊產生浮力':'【💡我的想法】我覺得氣墊船靠著氣墊產生的壓力產生浮力，才能浮起來'},{'那麼除了氣球、風箏和氣墊船還有其他空氣玩具嗎':'【❓我想知道】我想知道除了氣球、風箏和氣墊船還有哪些空氣玩具'},{'還有吹泡泡':'【💡我的想法】我覺得吹泡泡也是一種利用空氣特性的玩具，靠著吹氣產生泡泡'},{'那麼吹泡泡是怎麼產生的':'【❓我想知道】我想知道吹泡泡是怎麼產生的'},{'吹泡泡靠著吹氣產生氣泡':'【💡我的想法】我覺得吹泡泡是靠著吹氣產生氣泡，才能形成泡泡'},{'那麼除了氣球、風箏、氣墊船和吹泡泡還有其他空氣玩具嗎':'【❓我想知道】我想知道除了氣球、風箏、氣墊船和吹泡泡還有哪些空氣玩具'},{'還有吹風機':'【💡我的想法】我覺得吹風機也是一種利用空氣特性的玩具，靠著吹風產生風'},{'那麼吹風機是怎麼產生風的':'【❓我想知道】我想知道吹風機是怎麼產生風的'},{'吹風機靠著電力產生風':'【💡我的想法】我覺得吹風機是靠著電力產生風，才能吹出風來'},{'✍🏻我的總結':'經過討論，我們發現可以利用空氣的特性製作很多有趣的玩具，像是氣球、風箏、氣墊船、吹泡泡和吹風機等等'}]",{'我們可以利用紙杯和吸管製作一個可以飛的滑翔機': 1},我們可以利用紙杯和吸管製作一個可以飛的滑翔機,1
空氣與生活有什麼關係？,1. 空氣與生活,"[{'空氣與生活有什麼關係？':'請發表你們的想法'}, {'💡我的想法':'空氣是我們呼吸的東西，沒有空氣我們就無法生存'}, {'🧐我覺得更好的想法':'空氣還可以幫助植物進行光合作用，讓它們生長'}, {'❓我想知道':'空氣中有哪些氣體？'}, {'🙅🏻這個想法不能解釋':'空氣還有其他的作用嗎？'}, {'💡我的想法':'空氣還可以幫助傳遞聲音，讓我們能夠聽到聲音'}, {'📄舉例和參考來源':'比如，我們吹氣球的時候，氣球會膨脹，這就是空氣的作用'}, {'💡我的想法':'空氣還可以幫助飛機飛行，讓它們能夠在空中停留和移動'}, {'📄舉例和參考來源':'我在書上看到，飛機的翅膀形狀可以利用空氣的壓力產生升力'}, {'❓我想知道':'空氣中的氧氣對我們有什麼影響？'}, {'💡我的想法':'氧氣是我們呼吸的重要成分，沒有氧氣我們就無法生存'}, {'🧐我覺得更好的想法':'氧氣還可以幫助燃燒，讓火可以燃燒得更旺盛'}, {'❓我想知道':'空氣中還有其他的氣體嗎？'}, {'💡我的想法':'空氣中還有二氧化碳、氮氣等氣體'}, {'📄舉例和參考來源':'我在課本上看到，二氧化碳是植物進行光合作用所需要的氣體'}, {'💡我的想法':'空氣中的污染物對我們有害'}, {'🧐我覺得更好的想法':'空氣中的污染物會對我們的健康造成影響'}, {'❓我想知道':'我們應該怎麼保護空氣呢？'}, {'💡我的想法':'我們可以少開車，多走路或搭乘大眾交通工具'}, {'📄舉例和參考來源':'我在報紙上看到，減少汽車的使用可以減少空氣污染'}, {'💡我的想法':'我們還可以多種樹木，讓它們吸收二氧化碳'}, {'📄舉例和參考來源':'我在網路上看到，樹木可以幫助改善空氣品質'}, {'✍🏻我的總結':'空氣與生活有很多關係，它不僅是我們呼吸的東西，還可以幫助植物生長、傳遞聲音、飛行等，但也要注意空氣中的污染物對我們的健康有害，我們應該要保護好空氣'}]",{'我們可以透過呼吸來吸入空氣': 1},我們可以透過呼吸來吸入空氣,1
空氣與生活有什麼關係？,1. 空氣與生活,"[{'空氣與生活有什麼關係？':'請發表你們的想法'}, {'💡我的想法':'空氣是我們呼吸的東西，沒有空氣我們就無法生存'}, {'🧐我覺得更好的想法':'空氣還可以幫助植物進行光合作用，讓它們生長'}, {'❓我想知道':'空氣中有哪些氣體？'}, {'🙅🏻這個想法不能解釋':'空氣還有其他的作用嗎？'}, {'💡我的想法':'空氣還可以幫助傳遞聲音，讓我們能夠聽到聲音'}, {'📄舉例和參考來源':'比如，我們吹氣球的時候，氣球會膨脹，這就是空氣的作用'}, {'💡我的想法':'空氣還可以幫助飛機飛行，讓它們能夠在空中停留和移動'}, {'📄舉例和參考來源':'我在書上看到，飛機的翅膀形狀可以利用空氣的壓力產生升力'}, {'❓我想知道':'空氣中的氧氣對我們有什麼影響？'}, {'💡我的想法':'氧氣是我們呼吸的重要成分，沒有氧氣我們就無法生存'}, {'🧐我覺得更好的想法':'氧氣還可以幫助燃燒，讓火可以燃燒得更旺盛'}, {'❓我想知道':'空氣中還有其他的氣體嗎？'}, {'💡我的想法':'空氣中還有二氧化碳、氮氣等氣體'}, {'📄舉例和參考來源':'我在課本上看到，二氧化碳是植物進行光合作用所需要的氣體'}, {'💡我的想法':'空氣中的污染物對我們有害'}, {'🧐我覺得更好的想法':'空氣中的污染物會對我們的健康造成影響'}, {'❓我想知道':'我們應該怎麼保護空氣呢？'}, {'💡我的想法':'我們可以少開車，多走路或搭乘大眾交通工具'}, {'📄舉例和參考來源':'我在報紙上看到，減少汽車的使用可以減少空氣污染'}, {'💡我的想法':'我們還可以多種樹木，讓它們吸收二氧化碳'}, {'📄舉例和參考來源':'我在網路上看到，樹木可以幫助改善空氣品質'}, {'✍🏻我的總結':'空氣與生活有很多關係，它不僅是我們呼吸的東西，還可以幫助植物生長、傳遞聲音、飛行等，但也要注意空氣中的污染物對我們的健康有害，我們應該要保護好空氣'}]",{'空氣中的氧氣可以讓我們呼吸，維持生命': 1},空氣中的氧氣可以讓我們呼吸，維持生命,1
空氣與生活有什麼關係？,1. 空氣與生活,"[{'空氣與生活有什麼關係？':'請發表你們的想法'}, {'💡我的想法':'空氣是我們呼吸的東西，沒有空氣我們就無法生存'}, {'🧐我覺得更好的想法':'空氣還可以幫助植物進行光合作用，讓它們生長'}, {'❓我想知道':'空氣中有哪些氣體？'}, {'🙅🏻這個想法不能解釋':'空氣還有其他的作用嗎？'}, {'💡我的想法':'空氣還可以幫助傳遞聲音，讓我們能夠聽到聲音'}, {'📄舉例和參考來源':'比如，我們吹氣球的時候，氣球會膨脹，這就是空氣的作用'}, {'💡我的想法':'空氣還可以幫助飛機飛行，讓它們能夠在空中停留和移動'}, {'📄舉例和參考來源':'我在書上看到，飛機的翅膀形狀可以利用空氣的壓力產生升力'}, {'❓我想知道':'空氣中的氧氣對我們有什麼影響？'}, {'💡我的想法':'氧氣是我們呼吸的重要成分，沒有氧氣我們就無法生存'}, {'🧐我覺得更好的想法':'氧氣還可以幫助燃燒，讓火可以燃燒得更旺盛'}, {'❓我想知道':'空氣中還有其他的氣體嗎？'}, {'💡我的想法':'空氣中還有二氧化碳、氮氣等氣體'}, {'📄舉例和參考來源':'我在課本上看到，二氧化碳是植物進行光合作用所需要的氣體'}, {'💡我的想法':'空氣中的污染物對我們有害'}, {'🧐我覺得更好的想法':'空氣中的污染物會對我們的健康造成影響'}, {'❓我想知道':'我們應該怎麼保護空氣呢？'}, {'💡我的想法':'我們可以少開車，多走路或搭乘大眾交通工具'}, {'📄舉例和參考來源':'我在報紙上看到，減少汽車的使用可以減少空氣污染'}, {'💡我的想法':'我們還可以多種樹木，讓它們吸收二氧化碳'}, {'📄舉例和參考來源':'我在網路上看到，樹木可以幫助改善空氣品質'}, {'✍🏻我的總結':'空氣與生活有很多關係，它不僅是我們呼吸的東西，還可以幫助植物生長、傳遞聲音、飛行等，但也要注意空氣中的污染物對我們的健康有害，我們應該要保護好空氣'}]",{'空氣中的二氧化碳可以被植物吸收，進行光合作用': 1},空氣中的二氧化碳可以被植物吸收，進行光合作用,1
空氣與生活有什麼關係？,1. 空氣與生活,"[{'空氣與生活有什麼關係？':'請發表你們的想法'}, {'💡我的想法':'空氣是我們呼吸的東西，沒有空氣我們就無法生存'}, {'🧐我覺得更好的想法':'空氣還可以幫助植物進行光合作用，讓它們生長'}, {'❓我想知道':'空氣中有哪些氣體？'}, {'🙅🏻這個想法不能解釋':'空氣還有其他的作用嗎？'}, {'💡我的想法':'空氣還可以幫助傳遞聲音，讓我們能夠聽到聲音'}, {'📄舉例和參考來源':'比如，我們吹氣球的時候，氣球會膨脹，這就是空氣的作用'}, {'💡我的想法':'空氣還可以幫助飛機飛行，讓它們能夠在空中停留和移動'}, {'📄舉例和參考來源':'我在書上看到，飛機的翅膀形狀可以利用空氣的壓力產生升力'}, {'❓我想知道':'空氣中的氧氣對我們有什麼影響？'}, {'💡我的想法':'氧氣是我們呼吸的重要成分，沒有氧氣我們就無法生存'}, {'🧐我覺得更好的想法':'氧氣還可以幫助燃燒，讓火可以燃燒得更旺盛'}, {'❓我想知道':'空氣中還有其他的氣體嗎？'}, {'💡我的想法':'空氣中還有二氧化碳、氮氣等氣體'}, {'📄舉例和參考來源':'我在課本上看到，二氧化碳是植物進行光合作用所需要的氣體'}, {'💡我的想法':'空氣中的污染物對我們有害'}, {'🧐我覺得更好的想法':'空氣中的污染物會對我們的健康造成影響'}, {'❓我想知道':'我們應該怎麼保護空氣呢？'}, {'💡我的想法':'我們可以少開車，多走路或搭乘大眾交通工具'}, {'📄舉例和參考來源':'我在報紙上看到，減少汽車的使用可以減少空氣污染'}, {'💡我的想法':'我們還可以多種樹木，讓它們吸收二氧化碳'}, {'📄舉例和參考來源':'我在網路上看到，樹木可以幫助改善空氣品質'}, {'✍🏻我的總結':'空氣與生活有很多關係，它不僅是我們呼吸的東西，還可以幫助植物生長、傳遞聲音、飛行等，但也要注意空氣中的污染物對我們的健康有害，我們應該要保護好空氣'}]",{'光合作用可以產生氧氣，讓空氣中的氧氣增加': 1},光合作用可以產生氧氣，讓空氣中的氧氣增加,1
空氣與生活有什麼關係？,1. 空氣與生活,"[{'空氣與生活有什麼關係？':'請發表你們的想法'}, {'💡我的想法':'空氣是我們呼吸的東西，沒有空氣我們就無法生存'}, {'🧐我覺得更好的想法':'空氣還可以幫助植物進行光合作用，讓它們生長'}, {'❓我想知道':'空氣中有哪些氣體？'}, {'🙅🏻這個想法不能解釋':'空氣還有其他的作用嗎？'}, {'💡我的想法':'空氣還可以幫助傳遞聲音，讓我們能夠聽到聲音'}, {'📄舉例和參考來源':'比如，我們吹氣球的時候，氣球會膨脹，這就是空氣的作用'}, {'💡我的想法':'空氣還可以幫助飛機飛行，讓它們能夠在空中停留和移動'}, {'📄舉例和參考來源':'我在書上看到，飛機的翅膀形狀可以利用空氣的壓力產生升力'}, {'❓我想知道':'空氣中的氧氣對我們有什麼影響？'}, {'💡我的想法':'氧氣是我們呼吸的重要成分，沒有氧氣我們就無法生存'}, {'🧐我覺得更好的想法':'氧氣還可以幫助燃燒，讓火可以燃燒得更旺盛'}, {'❓我想知道':'空氣中還有其他的氣體嗎？'}, {'💡我的想法':'空氣中還有二氧化碳、氮氣等氣體'}, {'📄舉例和參考來源':'我在課本上看到，二氧化碳是植物進行光合作用所需要的氣體'}, {'💡我的想法':'空氣中的污染物對我們有害'}, {'🧐我覺得更好的想法':'空氣中的污染物會對我們的健康造成影響'}, {'❓我想知道':'我們應該怎麼保護空氣呢？'}, {'💡我的想法':'我們可以少開車，多走路或搭乘大眾交通工具'}, {'📄舉例和參考來源':'我在報紙上看到，減少汽車的使用可以減少空氣污染'}, {'💡我的想法':'我們還可以多種樹木，讓它們吸收二氧化碳'}, {'📄舉例和參考來源':'我在網路上看到，樹木可以幫助改善空氣品質'}, {'✍🏻我的總結':'空氣與生活有很多關係，它不僅是我們呼吸的東西，還可以幫助植物生長、傳遞聲音、飛行等，但也要注意空氣中的污染物對我們的健康有害，我們應該要保護好空氣'}]",{'空氣中的污染物質會影響我們的健康': 1},空氣中的污染物質會影響我們的健康,1
空氣與生活有什麼關係？,1. 空氣與生活,"[{'空氣與生活有什麼關係？':'請發表你們的想法'}, {'💡我的想法':'空氣是我們呼吸的東西，沒有空氣我們就無法生存'}, {'🧐我覺得更好的想法':'空氣還可以幫助植物進行光合作用，讓它們生長'}, {'❓我想知道':'空氣中有哪些氣體？'}, {'🙅🏻這個想法不能解釋':'空氣還有其他的作用嗎？'}, {'💡我的想法':'空氣還可以幫助傳遞聲音，讓我們能夠聽到聲音'}, {'📄舉例和參考來源':'比如，我們吹氣球的時候，氣球會膨脹，這就是空氣的作用'}, {'💡我的想法':'空氣還可以幫助飛機飛行，讓它們能夠在空中停留和移動'}, {'📄舉例和參考來源':'我在書上看到，飛機的翅膀形狀可以利用空氣的壓力產生升力'}, {'❓我想知道':'空氣中的氧氣對我們有什麼影響？'}, {'💡我的想法':'氧氣是我們呼吸的重要成分，沒有氧氣我們就無法生存'}, {'🧐我覺得更好的想法':'氧氣還可以幫助燃燒，讓火可以燃燒得更旺盛'}, {'❓我想知道':'空氣中還有其他的氣體嗎？'}, {'💡我的想法':'空氣中還有二氧化碳、氮氣等氣體'}, {'📄舉例和參考來源':'我在課本上看到，二氧化碳是植物進行光合作用所需要的氣體'}, {'💡我的想法':'空氣中的污染物對我們有害'}, {'🧐我覺得更好的想法':'空氣中的污染物會對我們的健康造成影響'}, {'❓我想知道':'我們應該怎麼保護空氣呢？'}, {'💡我的想法':'我們可以少開車，多走路或搭乘大眾交通工具'}, {'📄舉例和參考來源':'我在報紙上看到，減少汽車的使用可以減少空氣污染'}, {'💡我的想法':'我們還可以多種樹木，讓它們吸收二氧化碳'}, {'📄舉例和參考來源':'我在網路上看到，樹木可以幫助改善空氣品質'}, {'✍🏻我的總結':'空氣與生活有很多關係，它不僅是我們呼吸的東西，還可以幫助植物生長、傳遞聲音、飛行等，但也要注意空氣中的污染物對我們的健康有害，我們應該要保護好空氣'}]",{'我們可以透過空氣中的風來感受到季節的變化': 1},我們可以透過空氣中的風來感受到季節的變化,1
空氣與生活有什麼關係？,1. 空氣與生活,"[{'空氣與生活有什麼關係？':'請發表你們的想法'}, {'💡我的想法':'空氣是我們呼吸的東西，沒有空氣我們就無法生存'}, {'🧐我覺得更好的想法':'空氣還可以幫助植物進行光合作用，讓它們生長'}, {'❓我想知道':'空氣中有哪些氣體？'}, {'🙅🏻這個想法不能解釋':'空氣還有其他的作用嗎？'}, {'💡我的想法':'空氣還可以幫助傳遞聲音，讓我們能夠聽到聲音'}, {'📄舉例和參考來源':'比如，我們吹氣球的時候，氣球會膨脹，這就是空氣的作用'}, {'💡我的想法':'空氣還可以幫助飛機飛行，讓它們能夠在空中停留和移動'}, {'📄舉例和參考來源':'我在書上看到，飛機的翅膀形狀可以利用空氣的壓力產生升力'}, {'❓我想知道':'空氣中的氧氣對我們有什麼影響？'}, {'💡我的想法':'氧氣是我們呼吸的重要成分，沒有氧氣我們就無法生存'}, {'🧐我覺得更好的想法':'氧氣還可以幫助燃燒，讓火可以燃燒得更旺盛'}, {'❓我想知道':'空氣中還有其他的氣體嗎？'}, {'💡我的想法':'空氣中還有二氧化碳、氮氣等氣體'}, {'📄舉例和參考來源':'我在課本上看到，二氧化碳是植物進行光合作用所需要的氣體'}, {'💡我的想法':'空氣中的污染物對我們有害'}, {'🧐我覺得更好的想法':'空氣中的污染物會對我們的健康造成影響'}, {'❓我想知道':'我們應該怎麼保護空氣呢？'}, {'💡我的想法':'我們可以少開車，多走路或搭乘大眾交通工具'}, {'📄舉例和參考來源':'我在報紙上看到，減少汽車的使用可以減少空氣污染'}, {'💡我的想法':'我們還可以多種樹木，讓它們吸收二氧化碳'}, {'📄舉例和參考來源':'我在網路上看到，樹木可以幫助改善空氣品質'}, {'✍🏻我的總結':'空氣與生活有很多關係，它不僅是我們呼吸的東西，還可以幫助植物生長、傳遞聲音、飛行等，但也要注意空氣中的污染物對我們的健康有害，我們應該要保護好空氣'}]",{'空氣中的水蒸氣可以形成雲，帶來降雨': 1},空氣中的水蒸氣可以形成雲，帶來降雨,1
空氣與生活有什麼關係？,1. 空氣與生活,"[{'空氣與生活有什麼關係？':'請發表你們的想法'}, {'💡我的想法':'空氣是我們呼吸的東西，沒有空氣我們就無法生存'}, {'🧐我覺得更好的想法':'空氣還可以幫助植物進行光合作用，讓它們生長'}, {'❓我想知道':'空氣中有哪些氣體？'}, {'🙅🏻這個想法不能解釋':'空氣還有其他的作用嗎？'}, {'💡我的想法':'空氣還可以幫助傳遞聲音，讓我們能夠聽到聲音'}, {'📄舉例和參考來源':'比如，我們吹氣球的時候，氣球會膨脹，這就是空氣的作用'}, {'💡我的想法':'空氣還可以幫助飛機飛行，讓它們能夠在空中停留和移動'}, {'📄舉例和參考來源':'我在書上看到，飛機的翅膀形狀可以利用空氣的壓力產生升力'}, {'❓我想知道':'空氣中的氧氣對我們有什麼影響？'}, {'💡我的想法':'氧氣是我們呼吸的重要成分，沒有氧氣我們就無法生存'}, {'🧐我覺得更好的想法':'氧氣還可以幫助燃燒，讓火可以燃燒得更旺盛'}, {'❓我想知道':'空氣中還有其他的氣體嗎？'}, {'💡我的想法':'空氣中還有二氧化碳、氮氣等氣體'}, {'📄舉例和參考來源':'我在課本上看到，二氧化碳是植物進行光合作用所需要的氣體'}, {'💡我的想法':'空氣中的污染物對我們有害'}, {'🧐我覺得更好的想法':'空氣中的污染物會對我們的健康造成影響'}, {'❓我想知道':'我們應該怎麼保護空氣呢？'}, {'💡我的想法':'我們可以少開車，多走路或搭乘大眾交通工具'}, {'📄舉例和參考來源':'我在報紙上看到，減少汽車的使用可以減少空氣污染'}, {'💡我的想法':'我們還可以多種樹木，讓它們吸收二氧化碳'}, {'📄舉例和參考來源':'我在網路上看到，樹木可以幫助改善空氣品質'}, {'✍🏻我的總結':'空氣與生活有很多關係，它不僅是我們呼吸的東西，還可以幫助植物生長、傳遞聲音、飛行等，但也要注意空氣中的污染物對我們的健康有害，我們應該要保護好空氣'}]",{'空氣中的氮氣對植物生長也有影響': 1},空氣中的氮氣對植物生長也有影響,1
空氣與生活有什麼關係？,1. 空氣與生活,"[{'空氣與生活有什麼關係？':'請發表你們的想法'}, {'💡我的想法':'空氣是我們呼吸的東西，沒有空氣我們就無法生存'}, {'🧐我覺得更好的想法':'空氣還可以幫助植物進行光合作用，讓它們生長'}, {'❓我想知道':'空氣中有哪些氣體？'}, {'🙅🏻這個想法不能解釋':'空氣還有其他的作用嗎？'}, {'💡我的想法':'空氣還可以幫助傳遞聲音，讓我們能夠聽到聲音'}, {'📄舉例和參考來源':'比如，我們吹氣球的時候，氣球會膨脹，這就是空氣的作用'}, {'💡我的想法':'空氣還可以幫助飛機飛行，讓它們能夠在空中停留和移動'}, {'📄舉例和參考來源':'我在書上看到，飛機的翅膀形狀可以利用空氣的壓力產生升力'}, {'❓我想知道':'空氣中的氧氣對我們有什麼影響？'}, {'💡我的想法':'氧氣是我們呼吸的重要成分，沒有氧氣我們就無法生存'}, {'🧐我覺得更好的想法':'氧氣還可以幫助燃燒，讓火可以燃燒得更旺盛'}, {'❓我想知道':'空氣中還有其他的氣體嗎？'}, {'💡我的想法':'空氣中還有二氧化碳、氮氣等氣體'}, {'📄舉例和參考來源':'我在課本上看到，二氧化碳是植物進行光合作用所需要的氣體'}, {'💡我的想法':'空氣中的污染物對我們有害'}, {'🧐我覺得更好的想法':'空氣中的污染物會對我們的健康造成影響'}, {'❓我想知道':'我們應該怎麼保護空氣呢？'}, {'💡我的想法':'我們可以少開車，多走路或搭乘大眾交通工具'}, {'📄舉例和參考來源':'我在報紙上看到，減少汽車的使用可以減少空氣污染'}, {'💡我的想法':'我們還可以多種樹木，讓它們吸收二氧化碳'}, {'📄舉例和參考來源':'我在網路上看到，樹木可以幫助改善空氣品質'}, {'✍🏻我的總結':'空氣與生活有很多關係，它不僅是我們呼吸的東西，還可以幫助植物生長、傳遞聲音、飛行等，但也要注意空氣中的污染物對我們的健康有害，我們應該要保護好空氣'}]",{'我們可以透過空氣中的聲音來溝通': 1},我們可以透過空氣中的聲音來溝通,1
空氣與生活有什麼關係？,1. 空氣與生活,"[{'空氣與生活有什麼關係？':'請發表你們的想法'}, {'💡我的想法':'空氣是我們呼吸的東西，沒有空氣我們就無法生存'}, {'🧐我覺得更好的想法':'空氣還可以幫助植物進行光合作用，讓它們生長'}, {'❓我想知道':'空氣中有哪些氣體？'}, {'🙅🏻這個想法不能解釋':'空氣還有其他的作用嗎？'}, {'💡我的想法':'空氣還可以幫助傳遞聲音，讓我們能夠聽到聲音'}, {'📄舉例和參考來源':'比如，我們吹氣球的時候，氣球會膨脹，這就是空氣的作用'}, {'💡我的想法':'空氣還可以幫助飛機飛行，讓它們能夠在空中停留和移動'}, {'📄舉例和參考來源':'我在書上看到，飛機的翅膀形狀可以利用空氣的壓力產生升力'}, {'❓我想知道':'空氣中的氧氣對我們有什麼影響？'}, {'💡我的想法':'氧氣是我們呼吸的重要成分，沒有氧氣我們就無法生存'}, {'🧐我覺得更好的想法':'氧氣還可以幫助燃燒，讓火可以燃燒得更旺盛'}, {'❓我想知道':'空氣中還有其他的氣體嗎？'}, {'💡我的想法':'空氣中還有二氧化碳、氮氣等氣體'}, {'📄舉例和參考來源':'我在課本上看到，二氧化碳是植物進行光合作用所需要的氣體'}, {'💡我的想法':'空氣中的污染物對我們有害'}, {'🧐我覺得更好的想法':'空氣中的污染物會對我們的健康造成影響'}, {'❓我想知道':'我們應該怎麼保護空氣呢？'}, {'💡我的想法':'我們可以少開車，多走路或搭乘大眾交通工具'}, {'📄舉例和參考來源':'我在報紙上看到，減少汽車的使用可以減少空氣污染'}, {'💡我的想法':'我們還可以多種樹木，讓它們吸收二氧化碳'}, {'📄舉例和參考來源':'我在網路上看到，樹木可以幫助改善空氣品質'}, {'✍🏻我的總結':'空氣與生活有很多關係，它不僅是我們呼吸的東西，還可以幫助植物生長、傳遞聲音、飛行等，但也要注意空氣中的污染物對我們的健康有害，我們應該要保護好空氣'}]",{'空氣中的氧氣可以讓火燃燒': 1},空氣中的氧氣可以讓火燃燒,1
空氣與生活有什麼關係？,1. 空氣與生活,"[{'空氣與生活有什麼關係？':'請發表你們的想法'}, {'💡我的想法':'空氣是我們呼吸的東西，沒有空氣我們就無法生存'}, {'🧐我覺得更好的想法':'空氣還可以幫助植物進行光合作用，讓它們生長'}, {'❓我想知道':'空氣中有哪些氣體？'}, {'🙅🏻這個想法不能解釋':'空氣還有其他的作用嗎？'}, {'💡我的想法':'空氣還可以幫助傳遞聲音，讓我們能夠聽到聲音'}, {'📄舉例和參考來源':'比如，我們吹氣球的時候，氣球會膨脹，這就是空氣的作用'}, {'💡我的想法':'空氣還可以幫助飛機飛行，讓它們能夠在空中停留和移動'}, {'📄舉例和參考來源':'我在書上看到，飛機的翅膀形狀可以利用空氣的壓力產生升力'}, {'❓我想知道':'空氣中的氧氣對我們有什麼影響？'}, {'💡我的想法':'氧氣是我們呼吸的重要成分，沒有氧氣我們就無法生存'}, {'🧐我覺得更好的想法':'氧氣還可以幫助燃燒，讓火可以燃燒得更旺盛'}, {'❓我想知道':'空氣中還有其他的氣體嗎？'}, {'💡我的想法':'空氣中還有二氧化碳、氮氣等氣體'}, {'📄舉例和參考來源':'我在課本上看到，二氧化碳是植物進行光合作用所需要的氣體'}, {'💡我的想法':'空氣中的污染物對我們有害'}, {'🧐我覺得更好的想法':'空氣中的污染物會對我們的健康造成影響'}, {'❓我想知道':'我們應該怎麼保護空氣呢？'}, {'💡我的想法':'我們可以少開車，多走路或搭乘大眾交通工具'}, {'📄舉例和參考來源':'我在報紙上看到，減少汽車的使用可以減少空氣污染'}, {'💡我的想法':'我們還可以多種樹木，讓它們吸收二氧化碳'}, {'📄舉例和參考來源':'我在網路上看到，樹木可以幫助改善空氣品質'}, {'✍🏻我的總結':'空氣與生活有很多關係，它不僅是我們呼吸的東西，還可以幫助植物生長、傳遞聲音、飛行等，但也要注意空氣中的污染物對我們的健康有害，我們應該要保護好空氣'}]",{'我昨天去遊樂園玩，好好玩': 0},我昨天去遊樂園玩，好好玩,0
空氣與生活有什麼關係？,1. 空氣與生活,"[{'空氣與生活有什麼關係？':'請發表你們的想法'}, {'💡我的想法':'空氣是我們呼吸的東西，沒有空氣我們就無法生存'}, {'🧐我覺得更好的想法':'空氣還可以幫助植物進行光合作用，讓它們生長'}, {'❓我想知道':'空氣中有哪些氣體？'}, {'🙅🏻這個想法不能解釋':'空氣還有其他的作用嗎？'}, {'💡我的想法':'空氣還可以幫助傳遞聲音，讓我們能夠聽到聲音'}, {'📄舉例和參考來源':'比如，我們吹氣球的時候，氣球會膨脹，這就是空氣的作用'}, {'💡我的想法':'空氣還可以幫助飛機飛行，讓它們能夠在空中停留和移動'}, {'📄舉例和參考來源':'我在書上看到，飛機的翅膀形狀可以利用空氣的壓力產生升力'}, {'❓我想知道':'空氣中的氧氣對我們有什麼影響？'}, {'💡我的想法':'氧氣是我們呼吸的重要成分，沒有氧氣我們就無法生存'}, {'🧐我覺得更好的想法':'氧氣還可以幫助燃燒，讓火可以燃燒得更旺盛'}, {'❓我想知道':'空氣中還有其他的氣體嗎？'}, {'💡我的想法':'空氣中還有二氧化碳、氮氣等氣體'}, {'📄舉例和參考來源':'我在課本上看到，二氧化碳是植物進行光合作用所需要的氣體'}, {'💡我的想法':'空氣中的污染物對我們有害'}, {'🧐我覺得更好的想法':'空氣中的污染物會對我們的健康造成影響'}, {'❓我想知道':'我們應該怎麼保護空氣呢？'}, {'💡我的想法':'我們可以少開車，多走路或搭乘大眾交通工具'}, {'📄舉例和參考來源':'我在報紙上看到，減少汽車的使用可以減少空氣污染'}, {'💡我的想法':'我們還可以多種樹木，讓它們吸收二氧化碳'}, {'📄舉例和參考來源':'我在網路上看到，樹木可以幫助改善空氣品質'}, {'✍🏻我的總結':'空氣與生活有很多關係，它不僅是我們呼吸的東西，還可以幫助植物生長、傳遞聲音、飛行等，但也要注意空氣中的污染物對我們的健康有害，我們應該要保護好空氣'}]",{'我喜歡看電影，最近看了一部很好笑的喜劇': 0},我喜歡看電影，最近看了一部很好笑的喜劇,0
空氣與生活有什麼關係？,1. 空氣與生活,"[{'空氣與生活有什麼關係？':'請發表你們的想法'}, {'💡我的想法':'空氣是我們呼吸的東西，沒有空氣我們就無法生存'}, {'🧐我覺得更好的想法':'空氣還可以幫助植物進行光合作用，讓它們生長'}, {'❓我想知道':'空氣中有哪些氣體？'}, {'🙅🏻這個想法不能解釋':'空氣還有其他的作用嗎？'}, {'💡我的想法':'空氣還可以幫助傳遞聲音，讓我們能夠聽到聲音'}, {'📄舉例和參考來源':'比如，我們吹氣球的時候，氣球會膨脹，這就是空氣的作用'}, {'💡我的想法':'空氣還可以幫助飛機飛行，讓它們能夠在空中停留和移動'}, {'📄舉例和參考來源':'我在書上看到，飛機的翅膀形狀可以利用空氣的壓力產生升力'}, {'❓我想知道':'空氣中的氧氣對我們有什麼影響？'}, {'💡我的想法':'氧氣是我們呼吸的重要成分，沒有氧氣我們就無法生存'}, {'🧐我覺得更好的想法':'氧氣還可以幫助燃燒，讓火可以燃燒得更旺盛'}, {'❓我想知道':'空氣中還有其他的氣體嗎？'}, {'💡我的想法':'空氣中還有二氧化碳、氮氣等氣體'}, {'📄舉例和參考來源':'我在課本上看到，二氧化碳是植物進行光合作用所需要的氣體'}, {'💡我的想法':'空氣中的污染物對我們有害'}, {'🧐我覺得更好的想法':'空氣中的污染物會對我們的健康造成影響'}, {'❓我想知道':'我們應該怎麼保護空氣呢？'}, {'💡我的想法':'我們可以少開車，多走路或搭乘大眾交通工具'}, {'📄舉例和參考來源':'我在報紙上看到，減少汽車的使用可以減少空氣污染'}, {'💡我的想法':'我們還可以多種樹木，讓它們吸收二氧化碳'}, {'📄舉例和參考來源':'我在網路上看到，樹木可以幫助改善空氣品質'}, {'✍🏻我的總結':'空氣與生活有很多關係，它不僅是我們呼吸的東西，還可以幫助植物生長、傳遞聲音、飛行等，但也要注意空氣中的污染物對我們的健康有害，我們應該要保護好空氣'}]",{'太陽照射物體會使物體溫度上升': 0},太陽照射物體會使物體溫度上升,0
空氣與生活有什麼關係？,1. 空氣與生活,"[{'空氣與生活有什麼關係？':'請發表你們的想法'}, {'💡我的想法':'空氣是我們呼吸的東西，沒有空氣我們就無法生存'}, {'🧐我覺得更好的想法':'空氣還可以幫助植物進行光合作用，讓它們生長'}, {'❓我想知道':'空氣中有哪些氣體？'}, {'🙅🏻這個想法不能解釋':'空氣還有其他的作用嗎？'}, {'💡我的想法':'空氣還可以幫助傳遞聲音，讓我們能夠聽到聲音'}, {'📄舉例和參考來源':'比如，我們吹氣球的時候，氣球會膨脹，這就是空氣的作用'}, {'💡我的想法':'空氣還可以幫助飛機飛行，讓它們能夠在空中停留和移動'}, {'📄舉例和參考來源':'我在書上看到，飛機的翅膀形狀可以利用空氣的壓力產生升力'}, {'❓我想知道':'空氣中的氧氣對我們有什麼影響？'}, {'💡我的想法':'氧氣是我們呼吸的重要成分，沒有氧氣我們就無法生存'}, {'🧐我覺得更好的想法':'氧氣還可以幫助燃燒，讓火可以燃燒得更旺盛'}, {'❓我想知道':'空氣中還有其他的氣體嗎？'}, {'💡我的想法':'空氣中還有二氧化碳、氮氣等氣體'}, {'📄舉例和參考來源':'我在課本上看到，二氧化碳是植物進行光合作用所需要的氣體'}, {'💡我的想法':'空氣中的污染物對我們有害'}, {'🧐我覺得更好的想法':'空氣中的污染物會對我們的健康造成影響'}, {'❓我想知道':'我們應該怎麼保護空氣呢？'}, {'💡我的想法':'我們可以少開車，多走路或搭乘大眾交通工具'}, {'📄舉例和參考來源':'我在報紙上看到，減少汽車的使用可以減少空氣污染'}, {'💡我的想法':'我們還可以多種樹木，讓它們吸收二氧化碳'}, {'📄舉例和參考來源':'我在網路上看到，樹木可以幫助改善空氣品質'}, {'✍🏻我的總結':'空氣與生活有很多關係，它不僅是我們呼吸的東西，還可以幫助植物生長、傳遞聲音、飛行等，但也要注意空氣中的污染物對我們的健康有害，我們應該要保護好空氣'}]",{'我最喜歡的運動是籃球，我每天都會去打': 0},我最喜歡的運動是籃球，我每天都會去打,0
空氣與生活有什麼關係？,1. 空氣與生活,"[{'空氣與生活有什麼關係？':'請發表你們的想法'}, {'💡我的想法':'空氣是我們呼吸的東西，沒有空氣我們就無法生存'}, {'🧐我覺得更好的想法':'空氣還可以幫助植物進行光合作用，讓它們生長'}, {'❓我想知道':'空氣中有哪些氣體？'}, {'🙅🏻這個想法不能解釋':'空氣還有其他的作用嗎？'}, {'💡我的想法':'空氣還可以幫助傳遞聲音，讓我們能夠聽到聲音'}, {'📄舉例和參考來源':'比如，我們吹氣球的時候，氣球會膨脹，這就是空氣的作用'}, {'💡我的想法':'空氣還可以幫助飛機飛行，讓它們能夠在空中停留和移動'}, {'📄舉例和參考來源':'我在書上看到，飛機的翅膀形狀可以利用空氣的壓力產生升力'}, {'❓我想知道':'空氣中的氧氣對我們有什麼影響？'}, {'💡我的想法':'氧氣是我們呼吸的重要成分，沒有氧氣我們就無法生存'}, {'🧐我覺得更好的想法':'氧氣還可以幫助燃燒，讓火可以燃燒得更旺盛'}, {'❓我想知道':'空氣中還有其他的氣體嗎？'}, {'💡我的想法':'空氣中還有二氧化碳、氮氣等氣體'}, {'📄舉例和參考來源':'我在課本上看到，二氧化碳是植物進行光合作用所需要的氣體'}, {'💡我的想法':'空氣中的污染物對我們有害'}, {'🧐我覺得更好的想法':'空氣中的污染物會對我們的健康造成影響'}, {'❓我想知道':'我們應該怎麼保護空氣呢？'}, {'💡我的想法':'我們可以少開車，多走路或搭乘大眾交通工具'}, {'📄舉例和參考來源':'我在報紙上看到，減少汽車的使用可以減少空氣污染'}, {'💡我的想法':'我們還可以多種樹木，讓它們吸收二氧化碳'}, {'📄舉例和參考來源':'我在網路上看到，樹木可以幫助改善空氣品質'}, {'✍🏻我的總結':'空氣與生活有很多關係，它不僅是我們呼吸的東西，還可以幫助植物生長、傳遞聲音、飛行等，但也要注意空氣中的污染物對我們的健康有害，我們應該要保護好空氣'}]",{'我昨天在超市買了一個新的玩具': 0},我昨天在超市買了一個新的玩具,0
空氣與生活有什麼關係？,1. 空氣與生活,"[{'空氣與生活有什麼關係？':'請發表你們的想法'}, {'💡我的想法':'空氣是我們呼吸的東西，沒有空氣我們就無法生存'}, {'🧐我覺得更好的想法':'空氣還可以幫助植物進行光合作用，讓它們生長'}, {'❓我想知道':'空氣中有哪些氣體？'}, {'🙅🏻這個想法不能解釋':'空氣還有其他的作用嗎？'}, {'💡我的想法':'空氣還可以幫助傳遞聲音，讓我們能夠聽到聲音'}, {'📄舉例和參考來源':'比如，我們吹氣球的時候，氣球會膨脹，這就是空氣的作用'}, {'💡我的想法':'空氣還可以幫助飛機飛行，讓它們能夠在空中停留和移動'}, {'📄舉例和參考來源':'我在書上看到，飛機的翅膀形狀可以利用空氣的壓力產生升力'}, {'❓我想知道':'空氣中的氧氣對我們有什麼影響？'}, {'💡我的想法':'氧氣是我們呼吸的重要成分，沒有氧氣我們就無法生存'}, {'🧐我覺得更好的想法':'氧氣還可以幫助燃燒，讓火可以燃燒得更旺盛'}, {'❓我想知道':'空氣中還有其他的氣體嗎？'}, {'💡我的想法':'空氣中還有二氧化碳、氮氣等氣體'}, {'📄舉例和參考來源':'我在課本上看到，二氧化碳是植物進行光合作用所需要的氣體'}, {'💡我的想法':'空氣中的污染物對我們有害'}, {'🧐我覺得更好的想法':'空氣中的污染物會對我們的健康造成影響'}, {'❓我想知道':'我們應該怎麼保護空氣呢？'}, {'💡我的想法':'我們可以少開車，多走路或搭乘大眾交通工具'}, {'📄舉例和參考來源':'我在報紙上看到，減少汽車的使用可以減少空氣污染'}, {'💡我的想法':'我們還可以多種樹木，讓它們吸收二氧化碳'}, {'📄舉例和參考來源':'我在網路上看到，樹木可以幫助改善空氣品質'}, {'✍🏻我的總結':'空氣與生活有很多關係，它不僅是我們呼吸的東西，還可以幫助植物生長、傳遞聲音、飛行等，但也要注意空氣中的污染物對我們的健康有害，我們應該要保護好空氣'}]",{'我最喜歡的食物是披薩，我每個禮拜都會吃一次': 0},我最喜歡的食物是披薩，我每個禮拜都會吃一次,0
空氣與生活有什麼關係？,1. 空氣與生活,"[{'空氣與生活有什麼關係？':'請發表你們的想法'}, {'💡我的想法':'空氣是我們呼吸的東西，沒有空氣我們就無法生存'}, {'🧐我覺得更好的想法':'空氣還可以幫助植物進行光合作用，讓它們生長'}, {'❓我想知道':'空氣中有哪些氣體？'}, {'🙅🏻這個想法不能解釋':'空氣還有其他的作用嗎？'}, {'💡我的想法':'空氣還可以幫助傳遞聲音，讓我們能夠聽到聲音'}, {'📄舉例和參考來源':'比如，我們吹氣球的時候，氣球會膨脹，這就是空氣的作用'}, {'💡我的想法':'空氣還可以幫助飛機飛行，讓它們能夠在空中停留和移動'}, {'📄舉例和參考來源':'我在書上看到，飛機的翅膀形狀可以利用空氣的壓力產生升力'}, {'❓我想知道':'空氣中的氧氣對我們有什麼影響？'}, {'💡我的想法':'氧氣是我們呼吸的重要成分，沒有氧氣我們就無法生存'}, {'🧐我覺得更好的想法':'氧氣還可以幫助燃燒，讓火可以燃燒得更旺盛'}, {'❓我想知道':'空氣中還有其他的氣體嗎？'}, {'💡我的想法':'空氣中還有二氧化碳、氮氣等氣體'}, {'📄舉例和參考來源':'我在課本上看到，二氧化碳是植物進行光合作用所需要的氣體'}, {'💡我的想法':'空氣中的污染物對我們有害'}, {'🧐我覺得更好的想法':'空氣中的污染物會對我們的健康造成影響'}, {'❓我想知道':'我們應該怎麼保護空氣呢？'}, {'💡我的想法':'我們可以少開車，多走路或搭乘大眾交通工具'}, {'📄舉例和參考來源':'我在報紙上看到，減少汽車的使用可以減少空氣污染'}, {'💡我的想法':'我們還可以多種樹木，讓它們吸收二氧化碳'}, {'📄舉例和參考來源':'我在網路上看到，樹木可以幫助改善空氣品質'}, {'✍🏻我的總結':'空氣與生活有很多關係，它不僅是我們呼吸的東西，還可以幫助植物生長、傳遞聲音、飛行等，但也要注意空氣中的污染物對我們的健康有害，我們應該要保護好空氣'}]",{'我家有一隻可愛的寵物狗，牠很聰明': 0},我家有一隻可愛的寵物狗，牠很聰明,0
空氣與生活有什麼關係？,1. 空氣與生活,"[{'空氣與生活有什麼關係？':'請發表你們的想法'}, {'💡我的想法':'空氣是我們呼吸的東西，沒有空氣我們就無法生存'}, {'🧐我覺得更好的想法':'空氣還可以幫助植物進行光合作用，讓它們生長'}, {'❓我想知道':'空氣中有哪些氣體？'}, {'🙅🏻這個想法不能解釋':'空氣還有其他的作用嗎？'}, {'💡我的想法':'空氣還可以幫助傳遞聲音，讓我們能夠聽到聲音'}, {'📄舉例和參考來源':'比如，我們吹氣球的時候，氣球會膨脹，這就是空氣的作用'}, {'💡我的想法':'空氣還可以幫助飛機飛行，讓它們能夠在空中停留和移動'}, {'📄舉例和參考來源':'我在書上看到，飛機的翅膀形狀可以利用空氣的壓力產生升力'}, {'❓我想知道':'空氣中的氧氣對我們有什麼影響？'}, {'💡我的想法':'氧氣是我們呼吸的重要成分，沒有氧氣我們就無法生存'}, {'🧐我覺得更好的想法':'氧氣還可以幫助燃燒，讓火可以燃燒得更旺盛'}, {'❓我想知道':'空氣中還有其他的氣體嗎？'}, {'💡我的想法':'空氣中還有二氧化碳、氮氣等氣體'}, {'📄舉例和參考來源':'我在課本上看到，二氧化碳是植物進行光合作用所需要的氣體'}, {'💡我的想法':'空氣中的污染物對我們有害'}, {'🧐我覺得更好的想法':'空氣中的污染物會對我們的健康造成影響'}, {'❓我想知道':'我們應該怎麼保護空氣呢？'}, {'💡我的想法':'我們可以少開車，多走路或搭乘大眾交通工具'}, {'📄舉例和參考來源':'我在報紙上看到，減少汽車的使用可以減少空氣污染'}, {'💡我的想法':'我們還可以多種樹木，讓它們吸收二氧化碳'}, {'📄舉例和參考來源':'我在網路上看到，樹木可以幫助改善空氣品質'}, {'✍🏻我的總結':'空氣與生活有很多關係，它不僅是我們呼吸的東西，還可以幫助植物生長、傳遞聲音、飛行等，但也要注意空氣中的污染物對我們的健康有害，我們應該要保護好空氣'}]",{'我喜歡唱歌，我每天都會唱一些歌曲': 0},我喜歡唱歌，我每天都會唱一些歌曲,0
空氣與生活有什麼關係？,1. 空氣與生活,"[{'空氣與生活有什麼關係？':'請發表你們的想法'}, {'💡我的想法':'空氣是我們呼吸的東西，沒有空氣我們就無法生存'}, {'🧐我覺得更好的想法':'空氣還可以幫助植物進行光合作用，讓它們生長'}, {'❓我想知道':'空氣中有哪些氣體？'}, {'🙅🏻這個想法不能解釋':'空氣還有其他的作用嗎？'}, {'💡我的想法':'空氣還可以幫助傳遞聲音，讓我們能夠聽到聲音'}, {'📄舉例和參考來源':'比如，我們吹氣球的時候，氣球會膨脹，這就是空氣的作用'}, {'💡我的想法':'空氣還可以幫助飛機飛行，讓它們能夠在空中停留和移動'}, {'📄舉例和參考來源':'我在書上看到，飛機的翅膀形狀可以利用空氣的壓力產生升力'}, {'❓我想知道':'空氣中的氧氣對我們有什麼影響？'}, {'💡我的想法':'氧氣是我們呼吸的重要成分，沒有氧氣我們就無法生存'}, {'🧐我覺得更好的想法':'氧氣還可以幫助燃燒，讓火可以燃燒得更旺盛'}, {'❓我想知道':'空氣中還有其他的氣體嗎？'}, {'💡我的想法':'空氣中還有二氧化碳、氮氣等氣體'}, {'📄舉例和參考來源':'我在課本上看到，二氧化碳是植物進行光合作用所需要的氣體'}, {'💡我的想法':'空氣中的污染物對我們有害'}, {'🧐我覺得更好的想法':'空氣中的污染物會對我們的健康造成影響'}, {'❓我想知道':'我們應該怎麼保護空氣呢？'}, {'💡我的想法':'我們可以少開車，多走路或搭乘大眾交通工具'}, {'📄舉例和參考來源':'我在報紙上看到，減少汽車的使用可以減少空氣污染'}, {'💡我的想法':'我們還可以多種樹木，讓它們吸收二氧化碳'}, {'📄舉例和參考來源':'我在網路上看到，樹木可以幫助改善空氣品質'}, {'✍🏻我的總結':'空氣與生活有很多關係，它不僅是我們呼吸的東西，還可以幫助植物生長、傳遞聲音、飛行等，但也要注意空氣中的污染物對我們的健康有害，我們應該要保護好空氣'}]",{'我最喜歡的顏色是藍色，我覺得藍色很漂亮': 0},我最喜歡的顏色是藍色，我覺得藍色很漂亮,0
空氣與生活有什麼關係？,1. 空氣與生活,"[{'空氣與生活有什麼關係？':'請發表你們的想法'}, {'💡我的想法':'空氣是我們呼吸的東西，沒有空氣我們就無法生存'}, {'🧐我覺得更好的想法':'空氣還可以幫助植物進行光合作用，讓它們生長'}, {'❓我想知道':'空氣中有哪些氣體？'}, {'🙅🏻這個想法不能解釋':'空氣還有其他的作用嗎？'}, {'💡我的想法':'空氣還可以幫助傳遞聲音，讓我們能夠聽到聲音'}, {'📄舉例和參考來源':'比如，我們吹氣球的時候，氣球會膨脹，這就是空氣的作用'}, {'💡我的想法':'空氣還可以幫助飛機飛行，讓它們能夠在空中停留和移動'}, {'📄舉例和參考來源':'我在書上看到，飛機的翅膀形狀可以利用空氣的壓力產生升力'}, {'❓我想知道':'空氣中的氧氣對我們有什麼影響？'}, {'💡我的想法':'氧氣是我們呼吸的重要成分，沒有氧氣我們就無法生存'}, {'🧐我覺得更好的想法':'氧氣還可以幫助燃燒，讓火可以燃燒得更旺盛'}, {'❓我想知道':'空氣中還有其他的氣體嗎？'}, {'💡我的想法':'空氣中還有二氧化碳、氮氣等氣體'}, {'📄舉例和參考來源':'我在課本上看到，二氧化碳是植物進行光合作用所需要的氣體'}, {'💡我的想法':'空氣中的污染物對我們有害'}, {'🧐我覺得更好的想法':'空氣中的污染物會對我們的健康造成影響'}, {'❓我想知道':'我們應該怎麼保護空氣呢？'}, {'💡我的想法':'我們可以少開車，多走路或搭乘大眾交通工具'}, {'📄舉例和參考來源':'我在報紙上看到，減少汽車的使用可以減少空氣污染'}, {'💡我的想法':'我們還可以多種樹木，讓它們吸收二氧化碳'}, {'📄舉例和參考來源':'我在網路上看到，樹木可以幫助改善空氣品質'}, {'✍🏻我的總結':'空氣與生活有很多關係，它不僅是我們呼吸的東西，還可以幫助植物生長、傳遞聲音、飛行等，但也要注意空氣中的污染物對我們的健康有害，我們應該要保護好空氣'}]",{'我昨天在書店買了一本新的小說': 0},我昨天在書店買了一本新的小說,0
